{
  "formula": "C10H8",
  "seed": 300,
  "tier": "medium",
  "num_atoms": 18,
  "steps_taken": 1000,
  "max_steps": 1000,
  "energy_kcal_mol": 241343.846616,
  "energy_per_atom": 13407.991479,
  "rms_force": 193590.981649,
  "max_force": 193590.981649,
  "alpha_final": 0.000005,
  "dt_final": 0.100000,
  "converged": false,
  "classification": "timeout",
  "wall_time_ms": 2.565400,
  "timestamp": "2026-03-28T12:55:24",
  "xyz_file": "benchmark_100\medium\structures\C10H8_s300.xyz"
}
