{
  "formula": "C10H22",
  "seed": 504,
  "tier": "medium",
  "num_atoms": 32,
  "steps_taken": 1000,
  "max_steps": 1000,
  "energy_kcal_mol": 4428789.459940,
  "energy_per_atom": 138399.670623,
  "rms_force": 2484102.586591,
  "max_force": 2484102.586591,
  "alpha_final": 0.000005,
  "dt_final": 0.100000,
  "converged": false,
  "classification": "timeout",
  "wall_time_ms": 7.250100,
  "timestamp": "2026-03-28T12:55:45",
  "xyz_file": "benchmark_100\medium\structures\C10H22_s504.xyz"
}
