{
  "formula": "C10H8",
  "seed": 350,
  "tier": "medium",
  "num_atoms": 18,
  "steps_taken": 1000,
  "max_steps": 1000,
  "energy_kcal_mol": 440032.452150,
  "energy_per_atom": 24446.247342,
  "rms_force": 587985.590480,
  "max_force": 587985.590480,
  "alpha_final": 0.000005,
  "dt_final": 0.100000,
  "converged": false,
  "classification": "timeout",
  "wall_time_ms": 2.445100,
  "timestamp": "2026-03-28T12:53:48",
  "xyz_file": "benchmark_100\medium\structures\C10H8_s350.xyz"
}
