{
  "formula": "C10H8",
  "seed": 748,
  "tier": "medium",
  "num_atoms": 18,
  "steps_taken": 1000,
  "max_steps": 1000,
  "energy_kcal_mol": 193002.819660,
  "energy_per_atom": 10722.378870,
  "rms_force": 148715.093104,
  "max_force": 148715.093104,
  "alpha_final": 0.000005,
  "dt_final": 0.100000,
  "converged": false,
  "classification": "timeout",
  "wall_time_ms": 2.768900,
  "timestamp": "2026-03-28T12:54:36",
  "xyz_file": "benchmark_100\medium\structures\C10H8_s748.xyz"
}
