{
  "formula": "C10H22",
  "seed": 384,
  "tier": "medium",
  "num_atoms": 32,
  "steps_taken": 1000,
  "max_steps": 1000,
  "energy_kcal_mol": 4095665.725368,
  "energy_per_atom": 127989.553918,
  "rms_force": 2676233.165182,
  "max_force": 2676233.165182,
  "alpha_final": 0.000005,
  "dt_final": 0.100000,
  "converged": false,
  "classification": "timeout",
  "wall_time_ms": 7.456500,
  "timestamp": "2026-03-28T12:53:01",
  "xyz_file": "benchmark_100\medium\structures\C10H22_s384.xyz"
}
