{
  "formula": "C10H22",
  "seed": 168,
  "tier": "medium",
  "num_atoms": 32,
  "steps_taken": 1000,
  "max_steps": 1000,
  "energy_kcal_mol": 9488896.598958,
  "energy_per_atom": 296528.018717,
  "rms_force": 12136317.813280,
  "max_force": 12136317.813280,
  "alpha_final": 0.000005,
  "dt_final": 0.100000,
  "converged": false,
  "classification": "timeout",
  "wall_time_ms": 7.228400,
  "timestamp": "2026-03-28T12:56:19",
  "xyz_file": "benchmark_100\medium\structures\C10H22_s168.xyz"
}
