{
  "formula": "C10H22",
  "seed": 804,
  "tier": "medium",
  "num_atoms": 32,
  "steps_taken": 1000,
  "max_steps": 1000,
  "energy_kcal_mol": 5240992.953491,
  "energy_per_atom": 163781.029797,
  "rms_force": 3892477.009709,
  "max_force": 3892477.009709,
  "alpha_final": 0.000005,
  "dt_final": 0.100000,
  "converged": false,
  "classification": "timeout",
  "wall_time_ms": 7.145400,
  "timestamp": "2026-03-28T12:56:10",
  "xyz_file": "benchmark_100\medium\structures\C10H22_s804.xyz"
}
