{
  "formula": "C10H22",
  "seed": 588,
  "tier": "medium",
  "num_atoms": 32,
  "steps_taken": 1000,
  "max_steps": 1000,
  "energy_kcal_mol": 7348089.064448,
  "energy_per_atom": 229627.783264,
  "rms_force": 5197993.948625,
  "max_force": 5197993.948625,
  "alpha_final": 0.000005,
  "dt_final": 0.100000,
  "converged": false,
  "classification": "timeout",
  "wall_time_ms": 6.724000,
  "timestamp": "2026-03-28T12:53:48",
  "xyz_file": "benchmark_100\medium\structures\C10H22_s588.xyz"
}
