{
  "formula": "C10H22",
  "seed": 378,
  "tier": "medium",
  "num_atoms": 32,
  "steps_taken": 1000,
  "max_steps": 1000,
  "energy_kcal_mol": 12018225.343613,
  "energy_per_atom": 375569.541988,
  "rms_force": 9956266.471386,
  "max_force": 9956266.471386,
  "alpha_final": 0.000005,
  "dt_final": 0.100000,
  "converged": false,
  "classification": "timeout",
  "wall_time_ms": 6.856300,
  "timestamp": "2026-03-28T12:55:24",
  "xyz_file": "benchmark_100\medium\structures\C10H22_s378.xyz"
}
