{
  "formula": "C10H22",
  "seed": 630,
  "tier": "medium",
  "num_atoms": 32,
  "steps_taken": 1000,
  "max_steps": 1000,
  "energy_kcal_mol": 5303970.581938,
  "energy_per_atom": 165749.080686,
  "rms_force": 6976058.670706,
  "max_force": 6976058.670706,
  "alpha_final": 0.000005,
  "dt_final": 0.100000,
  "converged": false,
  "classification": "timeout",
  "wall_time_ms": 7.043100,
  "timestamp": "2026-03-28T12:54:01",
  "xyz_file": "benchmark_100\medium\structures\C10H22_s630.xyz"
}
