{
  "formula": "C10H22",
  "seed": 1168,
  "tier": "medium",
  "num_atoms": 32,
  "steps_taken": 1000,
  "max_steps": 1000,
  "energy_kcal_mol": 2347190.018041,
  "energy_per_atom": 73349.688064,
  "rms_force": 1392491.910595,
  "max_force": 1392491.910595,
  "alpha_final": 0.000005,
  "dt_final": 0.100000,
  "converged": false,
  "classification": "timeout",
  "wall_time_ms": 7.066700,
  "timestamp": "2026-03-28T12:53:39",
  "xyz_file": "benchmark_100\medium\structures\C10H22_s1168.xyz"
}
