{
  "formula": "C10H22",
  "seed": 524,
  "tier": "medium",
  "num_atoms": 32,
  "steps_taken": 1000,
  "max_steps": 1000,
  "energy_kcal_mol": 10364636.156686,
  "energy_per_atom": 323894.879896,
  "rms_force": 15477851.895724,
  "max_force": 15477851.895724,
  "alpha_final": 0.000005,
  "dt_final": 0.100000,
  "converged": false,
  "classification": "timeout",
  "wall_time_ms": 6.431200,
  "timestamp": "2026-03-28T12:55:45",
  "xyz_file": "benchmark_100\medium\structures\C10H22_s524.xyz"
}
