{
  "formula": "C10H8",
  "seed": 1266,
  "tier": "medium",
  "num_atoms": 18,
  "steps_taken": 1000,
  "max_steps": 1000,
  "energy_kcal_mol": 264492.595260,
  "energy_per_atom": 14694.033070,
  "rms_force": 286496.184680,
  "max_force": 286496.184680,
  "alpha_final": 0.000005,
  "dt_final": 0.100000,
  "converged": false,
  "classification": "timeout",
  "wall_time_ms": 2.443500,
  "timestamp": "2026-03-28T12:53:59",
  "xyz_file": "benchmark_100\medium\structures\C10H8_s1266.xyz"
}
