{
  "formula": "C10H8",
  "seed": 342,
  "tier": "medium",
  "num_atoms": 18,
  "steps_taken": 1000,
  "max_steps": 1000,
  "energy_kcal_mol": 352201.317325,
  "energy_per_atom": 19566.739851,
  "rms_force": 253596.641998,
  "max_force": 253596.641998,
  "alpha_final": 0.000005,
  "dt_final": 0.100000,
  "converged": false,
  "classification": "timeout",
  "wall_time_ms": 2.852300,
  "timestamp": "2026-03-28T12:55:32",
  "xyz_file": "benchmark_100\medium\structures\C10H8_s342.xyz"
}
