{
  "formula": "C10H22",
  "seed": 608,
  "tier": "medium",
  "num_atoms": 32,
  "steps_taken": 1000,
  "max_steps": 1000,
  "energy_kcal_mol": 8293900.847259,
  "energy_per_atom": 259184.401477,
  "rms_force": 10012027.979501,
  "max_force": 10012027.979501,
  "alpha_final": 0.000005,
  "dt_final": 0.100000,
  "converged": false,
  "classification": "timeout",
  "wall_time_ms": 6.731000,
  "timestamp": "2026-03-28T12:53:48",
  "xyz_file": "benchmark_100\medium\structures\C10H22_s608.xyz"
}
