{
  "formula": "C10H8",
  "seed": 692,
  "tier": "medium",
  "num_atoms": 18,
  "steps_taken": 1000,
  "max_steps": 1000,
  "energy_kcal_mol": 604120.466018,
  "energy_per_atom": 33562.248112,
  "rms_force": 777834.476971,
  "max_force": 777834.476971,
  "alpha_final": 0.000005,
  "dt_final": 0.100000,
  "converged": false,
  "classification": "timeout",
  "wall_time_ms": 2.262100,
  "timestamp": "2026-03-28T12:54:16",
  "xyz_file": "benchmark_100\medium\structures\C10H8_s692.xyz"
}
