{
  "formula": "C10H22",
  "seed": 784,
  "tier": "medium",
  "num_atoms": 32,
  "steps_taken": 1000,
  "max_steps": 1000,
  "energy_kcal_mol": 11413079.397921,
  "energy_per_atom": 356658.731185,
  "rms_force": 12665882.420668,
  "max_force": 12665882.420668,
  "alpha_final": 0.000005,
  "dt_final": 0.100000,
  "converged": false,
  "classification": "timeout",
  "wall_time_ms": 7.493000,
  "timestamp": "2026-03-28T12:56:10",
  "xyz_file": "benchmark_100\medium\structures\C10H22_s784.xyz"
}
