{
  "formula": "C10H22",
  "seed": 244,
  "tier": "medium",
  "num_atoms": 32,
  "steps_taken": 1000,
  "max_steps": 1000,
  "energy_kcal_mol": 26278971.876955,
  "energy_per_atom": 821217.871155,
  "rms_force": 66230927.830946,
  "max_force": 66230927.830946,
  "alpha_final": 0.000005,
  "dt_final": 0.100000,
  "converged": false,
  "classification": "timeout",
  "wall_time_ms": 5.874500,
  "timestamp": "2026-03-28T12:54:48",
  "xyz_file": "benchmark_100\medium\structures\C10H22_s244.xyz"
}
