{
  "formula": "C10H22",
  "seed": 406,
  "tier": "medium",
  "num_atoms": 32,
  "steps_taken": 1000,
  "max_steps": 1000,
  "energy_kcal_mol": 8924039.594152,
  "energy_per_atom": 278876.237317,
  "rms_force": 9434504.009584,
  "max_force": 9434504.009584,
  "alpha_final": 0.000005,
  "dt_final": 0.100000,
  "converged": false,
  "classification": "timeout",
  "wall_time_ms": 6.411100,
  "timestamp": "2026-03-28T12:56:27",
  "xyz_file": "benchmark_100\medium\structures\C10H22_s406.xyz"
}
