{
  "formula": "C10H8",
  "seed": 1106,
  "tier": "medium",
  "num_atoms": 18,
  "steps_taken": 1000,
  "max_steps": 1000,
  "energy_kcal_mol": 321830.572750,
  "energy_per_atom": 17879.476264,
  "rms_force": 543115.188965,
  "max_force": 543115.188965,
  "alpha_final": 0.000005,
  "dt_final": 0.100000,
  "converged": false,
  "classification": "timeout",
  "wall_time_ms": 2.756100,
  "timestamp": "2026-03-28T12:53:39",
  "xyz_file": "benchmark_100\medium\structures\C10H8_s1106.xyz"
}
