{
  "formula": "C10H8",
  "seed": 1246,
  "tier": "medium",
  "num_atoms": 18,
  "steps_taken": 1000,
  "max_steps": 1000,
  "energy_kcal_mol": 234606.856083,
  "energy_per_atom": 13033.714227,
  "rms_force": 266467.418782,
  "max_force": 266467.418782,
  "alpha_final": 0.000005,
  "dt_final": 0.100000,
  "converged": false,
  "classification": "timeout",
  "wall_time_ms": 2.488400,
  "timestamp": "2026-03-28T12:53:59",
  "xyz_file": "benchmark_100\medium\structures\C10H8_s1246.xyz"
}
