{
  "formula": "C10H22",
  "seed": 188,
  "tier": "medium",
  "num_atoms": 32,
  "steps_taken": 1000,
  "max_steps": 1000,
  "energy_kcal_mol": 4702002.837936,
  "energy_per_atom": 146937.588686,
  "rms_force": 3730612.863934,
  "max_force": 3730612.863934,
  "alpha_final": 0.000005,
  "dt_final": 0.100000,
  "converged": false,
  "classification": "timeout",
  "wall_time_ms": 7.308200,
  "timestamp": "2026-03-28T12:56:19",
  "xyz_file": "benchmark_100\medium\structures\C10H22_s188.xyz"
}
