{
  "formula": "C10H8",
  "seed": 658,
  "tier": "medium",
  "num_atoms": 18,
  "steps_taken": 1000,
  "max_steps": 1000,
  "energy_kcal_mol": 359233.161256,
  "energy_per_atom": 19957.397848,
  "rms_force": 442740.552273,
  "max_force": 442740.552273,
  "alpha_final": 0.000005,
  "dt_final": 0.100000,
  "converged": false,
  "classification": "timeout",
  "wall_time_ms": 2.232600,
  "timestamp": "2026-03-28T12:55:45",
  "xyz_file": "benchmark_100\medium\structures\C10H8_s658.xyz"
}
