{
  "formula": "C10H8",
  "seed": 370,
  "tier": "medium",
  "num_atoms": 18,
  "steps_taken": 1000,
  "max_steps": 1000,
  "energy_kcal_mol": 492939.814652,
  "energy_per_atom": 27385.545258,
  "rms_force": 811398.657631,
  "max_force": 811398.657631,
  "alpha_final": 0.000005,
  "dt_final": 0.100000,
  "converged": false,
  "classification": "timeout",
  "wall_time_ms": 2.502900,
  "timestamp": "2026-03-28T12:53:48",
  "xyz_file": "benchmark_100\medium\structures\C10H8_s370.xyz"
}
