{
  "formula": "C10H8",
  "seed": 476,
  "tier": "medium",
  "num_atoms": 18,
  "steps_taken": 1000,
  "max_steps": 1000,
  "energy_kcal_mol": 714440.551498,
  "energy_per_atom": 39691.141750,
  "rms_force": 926781.553654,
  "max_force": 926781.553654,
  "alpha_final": 0.000005,
  "dt_final": 0.100000,
  "converged": false,
  "classification": "timeout",
  "wall_time_ms": 2.347200,
  "timestamp": "2026-03-28T12:54:48",
  "xyz_file": "benchmark_100\medium\structures\C10H8_s476.xyz"
}
