{
  "formula": "C10H8",
  "seed": 496,
  "tier": "medium",
  "num_atoms": 18,
  "steps_taken": 1000,
  "max_steps": 1000,
  "energy_kcal_mol": 527786.994452,
  "energy_per_atom": 29321.499692,
  "rms_force": 592458.050326,
  "max_force": 592458.050326,
  "alpha_final": 0.000005,
  "dt_final": 0.100000,
  "converged": false,
  "classification": "timeout",
  "wall_time_ms": 2.215000,
  "timestamp": "2026-03-28T12:54:48",
  "xyz_file": "benchmark_100\medium\structures\C10H8_s496.xyz"
}
