{
  "formula": "C10H22",
  "seed": 1148,
  "tier": "medium",
  "num_atoms": 32,
  "steps_taken": 1000,
  "max_steps": 1000,
  "energy_kcal_mol": 15475552.994859,
  "energy_per_atom": 483611.031089,
  "rms_force": 21727665.442220,
  "max_force": 21727665.442220,
  "alpha_final": 0.000005,
  "dt_final": 0.100000,
  "converged": false,
  "classification": "timeout",
  "wall_time_ms": 7.071000,
  "timestamp": "2026-03-28T12:53:39",
  "xyz_file": "benchmark_100\medium\structures\C10H22_s1148.xyz"
}
