{
  "formula": "C10H8",
  "seed": 1126,
  "tier": "medium",
  "num_atoms": 18,
  "steps_taken": 1000,
  "max_steps": 1000,
  "energy_kcal_mol": 285042.067448,
  "energy_per_atom": 15835.670414,
  "rms_force": 262989.861349,
  "max_force": 262989.861349,
  "alpha_final": 0.000005,
  "dt_final": 0.100000,
  "converged": false,
  "classification": "timeout",
  "wall_time_ms": 2.553900,
  "timestamp": "2026-03-28T12:53:39",
  "xyz_file": "benchmark_100\medium\structures\C10H8_s1126.xyz"
}
