{
  "formula": "C10H8",
  "seed": 280,
  "tier": "medium",
  "num_atoms": 18,
  "steps_taken": 1000,
  "max_steps": 1000,
  "energy_kcal_mol": 343582.730498,
  "energy_per_atom": 19087.929472,
  "rms_force": 401190.874620,
  "max_force": 401190.874620,
  "alpha_final": 0.000005,
  "dt_final": 0.100000,
  "converged": false,
  "classification": "timeout",
  "wall_time_ms": 2.878500,
  "timestamp": "2026-03-28T12:55:24",
  "xyz_file": "benchmark_100\medium\structures\C10H8_s280.xyz"
}
