{
  "formula": "C10H22",
  "seed": 364,
  "tier": "medium",
  "num_atoms": 32,
  "steps_taken": 1000,
  "max_steps": 1000,
  "energy_kcal_mol": 8028448.270038,
  "energy_per_atom": 250889.008439,
  "rms_force": 10930301.115339,
  "max_force": 10930301.115339,
  "alpha_final": 0.000005,
  "dt_final": 0.100000,
  "converged": false,
  "classification": "timeout",
  "wall_time_ms": 7.395800,
  "timestamp": "2026-03-28T12:53:01",
  "xyz_file": "benchmark_100\medium\structures\C10H22_s364.xyz"
}
