{
  "formula": "C10H22",
  "seed": 398,
  "tier": "medium",
  "num_atoms": 32,
  "steps_taken": 1000,
  "max_steps": 1000,
  "energy_kcal_mol": 5332474.875689,
  "energy_per_atom": 166639.839865,
  "rms_force": 3254579.340857,
  "max_force": 3254579.340857,
  "alpha_final": 0.000005,
  "dt_final": 0.100000,
  "converged": false,
  "classification": "timeout",
  "wall_time_ms": 7.018500,
  "timestamp": "2026-03-28T12:55:24",
  "xyz_file": "benchmark_100\medium\structures\C10H22_s398.xyz"
}
