{
  "formula": "C10H8",
  "seed": 728,
  "tier": "medium",
  "num_atoms": 18,
  "steps_taken": 1000,
  "max_steps": 1000,
  "energy_kcal_mol": 175068.368135,
  "energy_per_atom": 9726.020452,
  "rms_force": 127387.283156,
  "max_force": 127387.283156,
  "alpha_final": 0.000005,
  "dt_final": 0.100000,
  "converged": false,
  "classification": "timeout",
  "wall_time_ms": 2.575400,
  "timestamp": "2026-03-28T12:54:36",
  "xyz_file": "benchmark_100\medium\structures\C10H8_s728.xyz"
}
