{
  "formula": "C10H22",
  "seed": 224,
  "tier": "medium",
  "num_atoms": 32,
  "steps_taken": 1000,
  "max_steps": 1000,
  "energy_kcal_mol": 13356383.145217,
  "energy_per_atom": 417386.973288,
  "rms_force": 18270045.389960,
  "max_force": 18270045.389960,
  "alpha_final": 0.000005,
  "dt_final": 0.100000,
  "converged": false,
  "classification": "timeout",
  "wall_time_ms": 5.741600,
  "timestamp": "2026-03-28T12:54:48",
  "xyz_file": "benchmark_100\medium\structures\C10H22_s224.xyz"
}
