{
  "formula": "C10H8",
  "seed": 672,
  "tier": "medium",
  "num_atoms": 18,
  "steps_taken": 1000,
  "max_steps": 1000,
  "energy_kcal_mol": 634128.350215,
  "energy_per_atom": 35229.352790,
  "rms_force": 1006135.957651,
  "max_force": 1006135.957651,
  "alpha_final": 0.000005,
  "dt_final": 0.100000,
  "converged": false,
  "classification": "timeout",
  "wall_time_ms": 2.518400,
  "timestamp": "2026-03-28T12:54:16",
  "xyz_file": "benchmark_100\medium\structures\C10H8_s672.xyz"
}
