{
  "formula": "C10H22",
  "seed": 902,
  "tier": "medium",
  "num_atoms": 32,
  "steps_taken": 1000,
  "max_steps": 1000,
  "energy_kcal_mol": 8854388.671296,
  "energy_per_atom": 276699.645978,
  "rms_force": 7685191.056826,
  "max_force": 7685191.056826,
  "alpha_final": 0.000005,
  "dt_final": 0.100000,
  "converged": false,
  "classification": "timeout",
  "wall_time_ms": 6.666300,
  "timestamp": "2026-03-28T12:54:16",
  "xyz_file": "benchmark_100\medium\structures\C10H22_s902.xyz"
}
