{
  "formula": "C10H8",
  "seed": 322,
  "tier": "medium",
  "num_atoms": 18,
  "steps_taken": 1000,
  "max_steps": 1000,
  "energy_kcal_mol": 592578.140011,
  "energy_per_atom": 32921.007778,
  "rms_force": 888358.427338,
  "max_force": 888358.427338,
  "alpha_final": 0.000005,
  "dt_final": 0.100000,
  "converged": false,
  "classification": "timeout",
  "wall_time_ms": 3.065800,
  "timestamp": "2026-03-28T12:55:32",
  "xyz_file": "benchmark_100\medium\structures\C10H8_s322.xyz"
}
