{
  "formula": "C12H10",
  "seed": 412,
  "tier": "medium",
  "num_atoms": 22,
  "steps_taken": 1000,
  "max_steps": 1000,
  "energy_kcal_mol": 719654783.845098,
  "energy_per_atom": 32711581.083868,
  "rms_force": 4694012599.109406,
  "max_force": 4694012599.109406,
  "alpha_final": 0.000005,
  "dt_final": 0.100000,
  "converged": false,
  "classification": "timeout",
  "wall_time_ms": 3.368300,
  "timestamp": "2026-03-28T12:53:26",
  "xyz_file": "benchmark_100\medium\structures\C12H10_s412.xyz"
}
