{
  "formula": "C12H26",
  "seed": 384,
  "tier": "medium",
  "num_atoms": 38,
  "steps_taken": 1000,
  "max_steps": 1000,
  "energy_kcal_mol": 59761884.181776,
  "energy_per_atom": 1572681.162678,
  "rms_force": 113952428.642378,
  "max_force": 113952428.642378,
  "alpha_final": 0.000005,
  "dt_final": 0.100000,
  "converged": false,
  "classification": "timeout",
  "wall_time_ms": 8.500400,
  "timestamp": "2026-03-28T12:54:01",
  "xyz_file": "benchmark_100\medium\structures\C12H26_s384.xyz"
}
