{
  "formula": "C12H26",
  "seed": 1154,
  "tier": "medium",
  "num_atoms": 38,
  "steps_taken": 1000,
  "max_steps": 1000,
  "energy_kcal_mol": 29278786.382303,
  "energy_per_atom": 770494.378482,
  "rms_force": 18616121.195588,
  "max_force": 18616121.195588,
  "alpha_final": 0.000005,
  "dt_final": 0.100000,
  "converged": false,
  "classification": "timeout",
  "wall_time_ms": 9.471500,
  "timestamp": "2026-03-28T12:53:49",
  "xyz_file": "benchmark_100\medium\structures\C12H26_s1154.xyz"
}
