{
  "formula": "C12H10",
  "seed": 314,
  "tier": "medium",
  "num_atoms": 22,
  "steps_taken": 1000,
  "max_steps": 1000,
  "energy_kcal_mol": 57947377.585890,
  "energy_per_atom": 2633971.708450,
  "rms_force": 300677285.601079,
  "max_force": 300677285.601079,
  "alpha_final": 0.000005,
  "dt_final": 0.100000,
  "converged": false,
  "classification": "timeout",
  "wall_time_ms": 3.690200,
  "timestamp": "2026-03-28T12:56:10",
  "xyz_file": "benchmark_100\medium\structures\C12H10_s314.xyz"
}
