{
  "formula": "C12H26",
  "seed": 364,
  "tier": "medium",
  "num_atoms": 38,
  "steps_taken": 1000,
  "max_steps": 1000,
  "energy_kcal_mol": 63521859.196593,
  "energy_per_atom": 1671627.873595,
  "rms_force": 90102359.289599,
  "max_force": 90102359.289599,
  "alpha_final": 0.000005,
  "dt_final": 0.100000,
  "converged": false,
  "classification": "timeout",
  "wall_time_ms": 9.435300,
  "timestamp": "2026-03-28T12:54:01",
  "xyz_file": "benchmark_100\medium\structures\C12H26_s364.xyz"
}
