{
  "formula": "C12H26",
  "seed": 174,
  "tier": "medium",
  "num_atoms": 38,
  "steps_taken": 1000,
  "max_steps": 1000,
  "energy_kcal_mol": 29739896.152325,
  "energy_per_atom": 782628.846114,
  "rms_force": 27491313.674572,
  "max_force": 27491313.674572,
  "alpha_final": 0.000005,
  "dt_final": 0.100000,
  "converged": false,
  "classification": "timeout",
  "wall_time_ms": 8.831900,
  "timestamp": "2026-03-28T12:56:09",
  "xyz_file": "benchmark_100\medium\structures\C12H26_s174.xyz"
}
