{
  "formula": "C12H10",
  "seed": 538,
  "tier": "medium",
  "num_atoms": 22,
  "steps_taken": 1000,
  "max_steps": 1000,
  "energy_kcal_mol": 51855026.727597,
  "energy_per_atom": 2357046.669436,
  "rms_force": 265259827.336973,
  "max_force": 265259827.336973,
  "alpha_final": 0.000005,
  "dt_final": 0.100000,
  "converged": false,
  "classification": "timeout",
  "wall_time_ms": 3.252000,
  "timestamp": "2026-03-28T12:55:45",
  "xyz_file": "benchmark_100\medium\structures\C12H10_s538.xyz"
}
