{
  "formula": "C12H10",
  "seed": 644,
  "tier": "medium",
  "num_atoms": 22,
  "steps_taken": 1000,
  "max_steps": 1000,
  "energy_kcal_mol": 5082108.667657,
  "energy_per_atom": 231004.939439,
  "rms_force": 15735875.183735,
  "max_force": 15735875.183735,
  "alpha_final": 0.000005,
  "dt_final": 0.100000,
  "converged": false,
  "classification": "timeout",
  "wall_time_ms": 3.700700,
  "timestamp": "2026-03-28T12:55:24",
  "xyz_file": "benchmark_100\medium\structures\C12H10_s644.xyz"
}
