{
  "formula": "C12H10",
  "seed": 980,
  "tier": "medium",
  "num_atoms": 22,
  "steps_taken": 1000,
  "max_steps": 1000,
  "energy_kcal_mol": 2669158.177953,
  "energy_per_atom": 121325.371725,
  "rms_force": 3823829.043375,
  "max_force": 3823829.043375,
  "alpha_final": 0.000005,
  "dt_final": 0.100000,
  "converged": false,
  "classification": "timeout",
  "wall_time_ms": 3.591800,
  "timestamp": "2026-03-28T12:55:51",
  "xyz_file": "benchmark_100\medium\structures\C12H10_s980.xyz"
}
