{
  "formula": "C12H10",
  "seed": 518,
  "tier": "medium",
  "num_atoms": 22,
  "steps_taken": 1000,
  "max_steps": 1000,
  "energy_kcal_mol": 5619215.043892,
  "energy_per_atom": 255418.865631,
  "rms_force": 17198751.246121,
  "max_force": 17198751.246121,
  "alpha_final": 0.000005,
  "dt_final": 0.100000,
  "converged": false,
  "classification": "timeout",
  "wall_time_ms": 3.455900,
  "timestamp": "2026-03-28T12:55:45",
  "xyz_file": "benchmark_100\medium\structures\C12H10_s518.xyz"
}
