{
  "formula": "C12H10",
  "seed": 238,
  "tier": "medium",
  "num_atoms": 22,
  "steps_taken": 1000,
  "max_steps": 1000,
  "energy_kcal_mol": 4072996876.165922,
  "energy_per_atom": 185136221.643906,
  "rms_force": 30814894454.095005,
  "max_force": 30814894454.095005,
  "alpha_final": 0.000005,
  "dt_final": 0.100000,
  "converged": false,
  "classification": "timeout",
  "wall_time_ms": 3.427900,
  "timestamp": "2026-03-28T12:56:26",
  "xyz_file": "benchmark_100\medium\structures\C12H10_s238.xyz"
}
