{
  "formula": "C12H10",
  "seed": 608,
  "tier": "medium",
  "num_atoms": 22,
  "steps_taken": 1000,
  "max_steps": 1000,
  "energy_kcal_mol": 11636179.052590,
  "energy_per_atom": 528917.229663,
  "rms_force": 35586416.412424,
  "max_force": 35586416.412424,
  "alpha_final": 0.000005,
  "dt_final": 0.100000,
  "converged": false,
  "classification": "timeout",
  "wall_time_ms": 3.697400,
  "timestamp": "2026-03-28T12:55:32",
  "xyz_file": "benchmark_100\medium\structures\C12H10_s608.xyz"
}
