{
  "formula": "C12H10",
  "seed": 294,
  "tier": "medium",
  "num_atoms": 22,
  "steps_taken": 1000,
  "max_steps": 1000,
  "energy_kcal_mol": 1510250.351311,
  "energy_per_atom": 68647.743241,
  "rms_force": 1992255.374199,
  "max_force": 1992255.374199,
  "alpha_final": 0.000005,
  "dt_final": 0.100000,
  "converged": false,
  "classification": "timeout",
  "wall_time_ms": 3.746200,
  "timestamp": "2026-03-28T12:56:10",
  "xyz_file": "benchmark_100\medium\structures\C12H10_s294.xyz"
}
