{
  "formula": "C12H26",
  "seed": 392,
  "tier": "medium",
  "num_atoms": 38,
  "steps_taken": 1000,
  "max_steps": 1000,
  "energy_kcal_mol": 48028912.171844,
  "energy_per_atom": 1263918.741364,
  "rms_force": 53201704.461537,
  "max_force": 53201704.461537,
  "alpha_final": 0.000005,
  "dt_final": 0.100000,
  "converged": false,
  "classification": "timeout",
  "wall_time_ms": 9.474200,
  "timestamp": "2026-03-28T12:53:54",
  "xyz_file": "benchmark_100\medium\structures\C12H26_s392.xyz"
}
