{
  "formula": "C12H26",
  "seed": 440,
  "tier": "medium",
  "num_atoms": 38,
  "steps_taken": 1000,
  "max_steps": 1000,
  "energy_kcal_mol": 53688121.061775,
  "energy_per_atom": 1412845.291099,
  "rms_force": 87494324.640430,
  "max_force": 87494324.640430,
  "alpha_final": 0.000005,
  "dt_final": 0.100000,
  "converged": false,
  "classification": "timeout",
  "wall_time_ms": 9.915500,
  "timestamp": "2026-03-28T12:55:48",
  "xyz_file": "benchmark_100\medium\structures\C12H26_s440.xyz"
}
