{
  "formula": "C12H10",
  "seed": 664,
  "tier": "medium",
  "num_atoms": 22,
  "steps_taken": 1000,
  "max_steps": 1000,
  "energy_kcal_mol": 14136684.456905,
  "energy_per_atom": 642576.566223,
  "rms_force": 52470806.138769,
  "max_force": 52470806.138769,
  "alpha_final": 0.000005,
  "dt_final": 0.100000,
  "converged": false,
  "classification": "timeout",
  "wall_time_ms": 3.768300,
  "timestamp": "2026-03-28T12:55:24",
  "xyz_file": "benchmark_100\medium\structures\C12H10_s664.xyz"
}
