{
  "formula": "C12H26",
  "seed": 412,
  "tier": "medium",
  "num_atoms": 38,
  "steps_taken": 1000,
  "max_steps": 1000,
  "energy_kcal_mol": 24854101.166412,
  "energy_per_atom": 654055.293853,
  "rms_force": 18009626.585150,
  "max_force": 18009626.585150,
  "alpha_final": 0.000005,
  "dt_final": 0.100000,
  "converged": false,
  "classification": "timeout",
  "wall_time_ms": 8.679700,
  "timestamp": "2026-03-28T12:53:54",
  "xyz_file": "benchmark_100\medium\structures\C12H26_s412.xyz"
}
