{
  "formula": "C12H26",
  "seed": 356,
  "tier": "medium",
  "num_atoms": 38,
  "steps_taken": 1000,
  "max_steps": 1000,
  "energy_kcal_mol": 294854362.540375,
  "energy_per_atom": 7759325.330010,
  "rms_force": 924099067.956343,
  "max_force": 924099067.956343,
  "alpha_final": 0.000005,
  "dt_final": 0.100000,
  "converged": false,
  "classification": "timeout",
  "wall_time_ms": 9.217500,
  "timestamp": "2026-03-28T12:52:33",
  "xyz_file": "benchmark_100\medium\structures\C12H26_s356.xyz"
}
