{
  "formula": "C12H26",
  "seed": 902,
  "tier": "medium",
  "num_atoms": 38,
  "steps_taken": 1000,
  "max_steps": 1000,
  "energy_kcal_mol": 65068747.010172,
  "energy_per_atom": 1712335.447636,
  "rms_force": 68294043.439684,
  "max_force": 68294043.439684,
  "alpha_final": 0.000005,
  "dt_final": 0.100000,
  "converged": false,
  "classification": "timeout",
  "wall_time_ms": 9.068900,
  "timestamp": "2026-03-28T12:53:39",
  "xyz_file": "benchmark_100\medium\structures\C12H26_s902.xyz"
}
