{
  "formula": "C12H26",
  "seed": 574,
  "tier": "medium",
  "num_atoms": 38,
  "steps_taken": 1000,
  "max_steps": 1000,
  "energy_kcal_mol": 25096757.458281,
  "energy_per_atom": 660440.985744,
  "rms_force": 15824189.308318,
  "max_force": 15824189.308318,
  "alpha_final": 0.000005,
  "dt_final": 0.100000,
  "converged": false,
  "classification": "timeout",
  "wall_time_ms": 9.367900,
  "timestamp": "2026-03-28T12:54:16",
  "xyz_file": "benchmark_100\medium\structures\C12H26_s574.xyz"
}
