{
  "formula": "C12H26",
  "seed": 378,
  "tier": "medium",
  "num_atoms": 38,
  "steps_taken": 1000,
  "max_steps": 1000,
  "energy_kcal_mol": 44885998.570227,
  "energy_per_atom": 1181210.488690,
  "rms_force": 38187770.040842,
  "max_force": 38187770.040842,
  "alpha_final": 0.000005,
  "dt_final": 0.100000,
  "converged": false,
  "classification": "timeout",
  "wall_time_ms": 8.738600,
  "timestamp": "2026-03-28T12:54:40",
  "xyz_file": "benchmark_100\medium\structures\C12H26_s378.xyz"
}
