{
  "formula": "C12H26",
  "seed": 980,
  "tier": "medium",
  "num_atoms": 38,
  "steps_taken": 1000,
  "max_steps": 1000,
  "energy_kcal_mol": 30904190.114651,
  "energy_per_atom": 813268.160912,
  "rms_force": 22657629.866136,
  "max_force": 22657629.866136,
  "alpha_final": 0.000005,
  "dt_final": 0.100000,
  "converged": false,
  "classification": "timeout",
  "wall_time_ms": 8.958600,
  "timestamp": "2026-03-28T12:54:04",
  "xyz_file": "benchmark_100\medium\structures\C12H26_s980.xyz"
}
