{
  "formula": "C12H10",
  "seed": 1000,
  "tier": "medium",
  "num_atoms": 22,
  "steps_taken": 1000,
  "max_steps": 1000,
  "energy_kcal_mol": 1255735.668749,
  "energy_per_atom": 57078.894034,
  "rms_force": 1860765.101012,
  "max_force": 1860765.101012,
  "alpha_final": 0.000005,
  "dt_final": 0.100000,
  "converged": false,
  "classification": "timeout",
  "wall_time_ms": 3.704900,
  "timestamp": "2026-03-28T12:55:51",
  "xyz_file": "benchmark_100\medium\structures\C12H10_s1000.xyz"
}
