{
  "formula": "C12H10",
  "seed": 490,
  "tier": "medium",
  "num_atoms": 22,
  "steps_taken": 1000,
  "max_steps": 1000,
  "energy_kcal_mol": 8444612.158897,
  "energy_per_atom": 383846.007223,
  "rms_force": 25852456.456221,
  "max_force": 25852456.456221,
  "alpha_final": 0.000005,
  "dt_final": 0.100000,
  "converged": false,
  "classification": "timeout",
  "wall_time_ms": 3.761300,
  "timestamp": "2026-03-28T12:54:36",
  "xyz_file": "benchmark_100\medium\structures\C12H10_s490.xyz"
}
