{
  "formula": "C12H26",
  "seed": 1000,
  "tier": "medium",
  "num_atoms": 38,
  "steps_taken": 1000,
  "max_steps": 1000,
  "energy_kcal_mol": 29723894.379306,
  "energy_per_atom": 782207.746824,
  "rms_force": 19779861.277232,
  "max_force": 19779861.277232,
  "alpha_final": 0.000005,
  "dt_final": 0.100000,
  "converged": false,
  "classification": "timeout",
  "wall_time_ms": 8.660900,
  "timestamp": "2026-03-28T12:54:04",
  "xyz_file": "benchmark_100\medium\structures\C12H26_s1000.xyz"
}
