{
  "formula": "C12H10",
  "seed": 588,
  "tier": "medium",
  "num_atoms": 22,
  "steps_taken": 1000,
  "max_steps": 1000,
  "energy_kcal_mol": 5122115.819485,
  "energy_per_atom": 232823.446340,
  "rms_force": 9378229.254761,
  "max_force": 9378229.254761,
  "alpha_final": 0.000005,
  "dt_final": 0.100000,
  "converged": false,
  "classification": "timeout",
  "wall_time_ms": 4.099200,
  "timestamp": "2026-03-28T12:55:32",
  "xyz_file": "benchmark_100\medium\structures\C12H10_s588.xyz"
}
