{
  "formula": "C12H26",
  "seed": 1134,
  "tier": "medium",
  "num_atoms": 38,
  "steps_taken": 1000,
  "max_steps": 1000,
  "energy_kcal_mol": 36704420.278191,
  "energy_per_atom": 965905.796795,
  "rms_force": 24006144.860365,
  "max_force": 24006144.860365,
  "alpha_final": 0.000005,
  "dt_final": 0.100000,
  "converged": false,
  "classification": "timeout",
  "wall_time_ms": 9.374600,
  "timestamp": "2026-03-28T12:53:49",
  "xyz_file": "benchmark_100\medium\structures\C12H26_s1134.xyz"
}
