{
  "formula": "C12H26",
  "seed": 882,
  "tier": "medium",
  "num_atoms": 38,
  "steps_taken": 1000,
  "max_steps": 1000,
  "energy_kcal_mol": 124612849.318460,
  "energy_per_atom": 3279285.508381,
  "rms_force": 234765535.413969,
  "max_force": 234765535.413969,
  "alpha_final": 0.000005,
  "dt_final": 0.100000,
  "converged": false,
  "classification": "timeout",
  "wall_time_ms": 9.433700,
  "timestamp": "2026-03-28T12:53:39",
  "xyz_file": "benchmark_100\medium\structures\C12H26_s882.xyz"
}
