{
  "formula": "C12H10",
  "seed": 392,
  "tier": "medium",
  "num_atoms": 22,
  "steps_taken": 1000,
  "max_steps": 1000,
  "energy_kcal_mol": 64340231.696053,
  "energy_per_atom": 2924555.986184,
  "rms_force": 325017197.046338,
  "max_force": 325017197.046338,
  "alpha_final": 0.000005,
  "dt_final": 0.100000,
  "converged": false,
  "classification": "timeout",
  "wall_time_ms": 3.595700,
  "timestamp": "2026-03-28T12:53:26",
  "xyz_file": "benchmark_100\medium\structures\C12H10_s392.xyz"
}
