{
  "formula": "C12H10",
  "seed": 258,
  "tier": "medium",
  "num_atoms": 22,
  "steps_taken": 1000,
  "max_steps": 1000,
  "energy_kcal_mol": 6952371.856844,
  "energy_per_atom": 316016.902584,
  "rms_force": 22371018.144773,
  "max_force": 22371018.144773,
  "alpha_final": 0.000005,
  "dt_final": 0.100000,
  "converged": false,
  "classification": "timeout",
  "wall_time_ms": 3.462400,
  "timestamp": "2026-03-28T12:56:26",
  "xyz_file": "benchmark_100\medium\structures\C12H10_s258.xyz"
}
