{
  "formula": "C12H26",
  "seed": 398,
  "tier": "medium",
  "num_atoms": 38,
  "steps_taken": 1000,
  "max_steps": 1000,
  "energy_kcal_mol": 27343391.265010,
  "energy_per_atom": 719562.928027,
  "rms_force": 14543792.789252,
  "max_force": 14543792.789252,
  "alpha_final": 0.000005,
  "dt_final": 0.100000,
  "converged": false,
  "classification": "timeout",
  "wall_time_ms": 9.198100,
  "timestamp": "2026-03-28T12:54:40",
  "xyz_file": "benchmark_100\medium\structures\C12H26_s398.xyz"
}
