{
  "formula": "C12H26",
  "seed": 336,
  "tier": "medium",
  "num_atoms": 38,
  "steps_taken": 1000,
  "max_steps": 1000,
  "energy_kcal_mol": 50660277.278092,
  "energy_per_atom": 1333165.191529,
  "rms_force": 60912673.745024,
  "max_force": 60912673.745024,
  "alpha_final": 0.000005,
  "dt_final": 0.100000,
  "converged": false,
  "classification": "timeout",
  "wall_time_ms": 9.402700,
  "timestamp": "2026-03-28T12:52:33",
  "xyz_file": "benchmark_100\medium\structures\C12H26_s336.xyz"
}
