{
  "formula": "C12H26",
  "seed": 594,
  "tier": "medium",
  "num_atoms": 38,
  "steps_taken": 1000,
  "max_steps": 1000,
  "energy_kcal_mol": 61026266.171193,
  "energy_per_atom": 1605954.372926,
  "rms_force": 60955824.619372,
  "max_force": 60955824.619372,
  "alpha_final": 0.000005,
  "dt_final": 0.100000,
  "converged": false,
  "classification": "timeout",
  "wall_time_ms": 8.966700,
  "timestamp": "2026-03-28T12:54:16",
  "xyz_file": "benchmark_100\medium\structures\C12H26_s594.xyz"
}
