{
  "formula": "C14H10",
  "seed": 594,
  "tier": "medium",
  "num_atoms": 24,
  "steps_taken": 1000,
  "max_steps": 1000,
  "energy_kcal_mol": 3765100.363102,
  "energy_per_atom": 156879.181796,
  "rms_force": 4761966.720130,
  "max_force": 4761966.720130,
  "alpha_final": 0.000005,
  "dt_final": 0.100000,
  "converged": false,
  "classification": "timeout",
  "wall_time_ms": 3.895900,
  "timestamp": "2026-03-28T12:52:33",
  "xyz_file": "benchmark_100\medium\structures\C14H10_s594.xyz"
}
