{
  "formula": "C14H10",
  "seed": 280,
  "tier": "medium",
  "num_atoms": 24,
  "steps_taken": 1000,
  "max_steps": 1000,
  "energy_kcal_mol": 1990940.046987,
  "energy_per_atom": 82955.835291,
  "rms_force": 1839995.064643,
  "max_force": 1839995.064643,
  "alpha_final": 0.000005,
  "dt_final": 0.100000,
  "converged": false,
  "classification": "timeout",
  "wall_time_ms": 3.667000,
  "timestamp": "2026-03-28T12:54:03",
  "xyz_file": "benchmark_100\medium\structures\C14H10_s280.xyz"
}
