{
  "formula": "C14H10",
  "seed": 944,
  "tier": "medium",
  "num_atoms": 24,
  "steps_taken": 1000,
  "max_steps": 1000,
  "energy_kcal_mol": 812586.284561,
  "energy_per_atom": 33857.761857,
  "rms_force": 419622.553382,
  "max_force": 419622.553382,
  "alpha_final": 0.000005,
  "dt_final": 0.100000,
  "converged": false,
  "classification": "timeout",
  "wall_time_ms": 3.829300,
  "timestamp": "2026-03-28T12:53:59",
  "xyz_file": "benchmark_100\medium\structures\C14H10_s944.xyz"
}
