{
  "formula": "C14H10",
  "seed": 574,
  "tier": "medium",
  "num_atoms": 24,
  "steps_taken": 1000,
  "max_steps": 1000,
  "energy_kcal_mol": 2329649.547738,
  "energy_per_atom": 97068.731156,
  "rms_force": 2671152.527144,
  "max_force": 2671152.527144,
  "alpha_final": 0.000005,
  "dt_final": 0.100000,
  "converged": false,
  "classification": "timeout",
  "wall_time_ms": 3.923600,
  "timestamp": "2026-03-28T12:52:33",
  "xyz_file": "benchmark_100\medium\structures\C14H10_s574.xyz"
}
