{
  "formula": "C14H10",
  "seed": 910,
  "tier": "medium",
  "num_atoms": 24,
  "steps_taken": 1000,
  "max_steps": 1000,
  "energy_kcal_mol": 938398.046965,
  "energy_per_atom": 39099.918624,
  "rms_force": 692178.913656,
  "max_force": 692178.913656,
  "alpha_final": 0.000005,
  "dt_final": 0.100000,
  "converged": false,
  "classification": "timeout",
  "wall_time_ms": 4.986100,
  "timestamp": "2026-03-28T12:52:38",
  "xyz_file": "benchmark_100\medium\structures\C14H10_s910.xyz"
}
