{
  "formula": "C14H10",
  "seed": 342,
  "tier": "medium",
  "num_atoms": 24,
  "steps_taken": 1000,
  "max_steps": 1000,
  "energy_kcal_mol": 1920189.114452,
  "energy_per_atom": 80007.879769,
  "rms_force": 1380567.039163,
  "max_force": 1380567.039163,
  "alpha_final": 0.000005,
  "dt_final": 0.100000,
  "converged": false,
  "classification": "timeout",
  "wall_time_ms": 4.362200,
  "timestamp": "2026-03-28T12:52:57",
  "xyz_file": "benchmark_100\medium\structures\C14H10_s342.xyz"
}
