{
  "formula": "C14H10",
  "seed": 202,
  "tier": "medium",
  "num_atoms": 24,
  "steps_taken": 1000,
  "max_steps": 1000,
  "energy_kcal_mol": 2072445.715685,
  "energy_per_atom": 86351.904820,
  "rms_force": 1678059.361162,
  "max_force": 1678059.361162,
  "alpha_final": 0.000005,
  "dt_final": 0.100000,
  "converged": false,
  "classification": "timeout",
  "wall_time_ms": 3.450200,
  "timestamp": "2026-03-28T12:55:08",
  "xyz_file": "benchmark_100\medium\structures\C14H10_s202.xyz"
}
