{
  "formula": "C14H10",
  "seed": 300,
  "tier": "medium",
  "num_atoms": 24,
  "steps_taken": 1000,
  "max_steps": 1000,
  "energy_kcal_mol": 1232233.352820,
  "energy_per_atom": 51343.056367,
  "rms_force": 825729.075921,
  "max_force": 825729.075921,
  "alpha_final": 0.000005,
  "dt_final": 0.100000,
  "converged": false,
  "classification": "timeout",
  "wall_time_ms": 3.602200,
  "timestamp": "2026-03-28T12:54:03",
  "xyz_file": "benchmark_100\medium\structures\C14H10_s300.xyz"
}
