{
  "formula": "C14H10",
  "seed": 930,
  "tier": "medium",
  "num_atoms": 24,
  "steps_taken": 1000,
  "max_steps": 1000,
  "energy_kcal_mol": 1016235.051609,
  "energy_per_atom": 42343.127150,
  "rms_force": 667861.530584,
  "max_force": 667861.530584,
  "alpha_final": 0.000005,
  "dt_final": 0.100000,
  "converged": false,
  "classification": "timeout",
  "wall_time_ms": 4.067700,
  "timestamp": "2026-03-28T12:52:38",
  "xyz_file": "benchmark_100\medium\structures\C14H10_s930.xyz"
}
