{
  "formula": "C14H10",
  "seed": 454,
  "tier": "medium",
  "num_atoms": 24,
  "steps_taken": 1000,
  "max_steps": 1000,
  "energy_kcal_mol": 2241855.013571,
  "energy_per_atom": 93410.625565,
  "rms_force": 2015944.851881,
  "max_force": 2015944.851881,
  "alpha_final": 0.000005,
  "dt_final": 0.100000,
  "converged": false,
  "classification": "timeout",
  "wall_time_ms": 4.208300,
  "timestamp": "2026-03-28T12:53:26",
  "xyz_file": "benchmark_100\medium\structures\C14H10_s454.xyz"
}
