{
  "formula": "C14H10",
  "seed": 182,
  "tier": "medium",
  "num_atoms": 24,
  "steps_taken": 1000,
  "max_steps": 1000,
  "energy_kcal_mol": 3442152.581134,
  "energy_per_atom": 143423.024214,
  "rms_force": 5322701.927599,
  "max_force": 5322701.927599,
  "alpha_final": 0.000005,
  "dt_final": 0.100000,
  "converged": false,
  "classification": "timeout",
  "wall_time_ms": 3.694300,
  "timestamp": "2026-03-28T12:55:08",
  "xyz_file": "benchmark_100\medium\structures\C14H10_s182.xyz"
}
