{
  "formula": "C14H10",
  "seed": 496,
  "tier": "medium",
  "num_atoms": 24,
  "steps_taken": 1000,
  "max_steps": 1000,
  "energy_kcal_mol": 2113125.465863,
  "energy_per_atom": 88046.894411,
  "rms_force": 1661830.392312,
  "max_force": 1661830.392312,
  "alpha_final": 0.000005,
  "dt_final": 0.100000,
  "converged": false,
  "classification": "timeout",
  "wall_time_ms": 4.614500,
  "timestamp": "2026-03-28T12:55:32",
  "xyz_file": "benchmark_100\medium\structures\C14H10_s496.xyz"
}
