{
  "formula": "C14H10",
  "seed": 924,
  "tier": "medium",
  "num_atoms": 24,
  "steps_taken": 1000,
  "max_steps": 1000,
  "energy_kcal_mol": 768153.315472,
  "energy_per_atom": 32006.388145,
  "rms_force": 429073.622840,
  "max_force": 429073.622840,
  "alpha_final": 0.000005,
  "dt_final": 0.100000,
  "converged": false,
  "classification": "timeout",
  "wall_time_ms": 4.267300,
  "timestamp": "2026-03-28T12:53:59",
  "xyz_file": "benchmark_100\medium\structures\C14H10_s924.xyz"
}
