{
  "formula": "C14H10",
  "seed": 476,
  "tier": "medium",
  "num_atoms": 24,
  "steps_taken": 1000,
  "max_steps": 1000,
  "energy_kcal_mol": 1957842.055728,
  "energy_per_atom": 81576.752322,
  "rms_force": 1838318.583910,
  "max_force": 1838318.583910,
  "alpha_final": 0.000005,
  "dt_final": 0.100000,
  "converged": false,
  "classification": "timeout",
  "wall_time_ms": 4.129400,
  "timestamp": "2026-03-28T12:55:32",
  "xyz_file": "benchmark_100\medium\structures\C14H10_s476.xyz"
}
