{
  "formula": "C14H10",
  "seed": 434,
  "tier": "medium",
  "num_atoms": 24,
  "steps_taken": 1000,
  "max_steps": 1000,
  "energy_kcal_mol": 2082393.567470,
  "energy_per_atom": 86766.398645,
  "rms_force": 1797161.664010,
  "max_force": 1797161.664010,
  "alpha_final": 0.000005,
  "dt_final": 0.100000,
  "converged": false,
  "classification": "timeout",
  "wall_time_ms": 4.383500,
  "timestamp": "2026-03-28T12:53:26",
  "xyz_file": "benchmark_100\medium\structures\C14H10_s434.xyz"
}
