{
  "formula": "C14H10",
  "seed": 322,
  "tier": "medium",
  "num_atoms": 24,
  "steps_taken": 1000,
  "max_steps": 1000,
  "energy_kcal_mol": 2412689.263477,
  "energy_per_atom": 100528.719312,
  "rms_force": 2692390.487760,
  "max_force": 2692390.487760,
  "alpha_final": 0.000005,
  "dt_final": 0.100000,
  "converged": false,
  "classification": "timeout",
  "wall_time_ms": 4.099400,
  "timestamp": "2026-03-28T12:52:57",
  "xyz_file": "benchmark_100\medium\structures\C14H10_s322.xyz"
}
