{
  "formula": "C16H10",
  "seed": 888,
  "tier": "medium",
  "num_atoms": 26,
  "steps_taken": 1000,
  "max_steps": 1000,
  "energy_kcal_mol": 3695353.230522,
  "energy_per_atom": 142128.970405,
  "rms_force": 2459706.961395,
  "max_force": 2459706.961395,
  "alpha_final": 0.000005,
  "dt_final": 0.100000,
  "converged": false,
  "classification": "timeout",
  "wall_time_ms": 4.503400,
  "timestamp": "2026-03-28T12:55:46",
  "xyz_file": "benchmark_100\medium\structures\C16H10_s888.xyz"
}
