{
  "formula": "C16H10",
  "seed": 784,
  "tier": "medium",
  "num_atoms": 26,
  "steps_taken": 1000,
  "max_steps": 1000,
  "energy_kcal_mol": 3227442.029099,
  "energy_per_atom": 124132.385735,
  "rms_force": 1998410.675081,
  "max_force": 1998410.675081,
  "alpha_final": 0.000005,
  "dt_final": 0.100000,
  "converged": false,
  "classification": "timeout",
  "wall_time_ms": 4.869400,
  "timestamp": "2026-03-28T12:55:24",
  "xyz_file": "benchmark_100\medium\structures\C16H10_s784.xyz"
}
