{
  "formula": "C16H10",
  "seed": 196,
  "tier": "medium",
  "num_atoms": 26,
  "steps_taken": 1000,
  "max_steps": 1000,
  "energy_kcal_mol": 4659731.079070,
  "energy_per_atom": 179220.426118,
  "rms_force": 4848009.283111,
  "max_force": 4848009.283111,
  "alpha_final": 0.000005,
  "dt_final": 0.100000,
  "converged": false,
  "classification": "timeout",
  "wall_time_ms": 4.465000,
  "timestamp": "2026-03-28T12:53:56",
  "xyz_file": "benchmark_100\medium\structures\C16H10_s196.xyz"
}
