{
  "formula": "C16H10",
  "seed": 216,
  "tier": "medium",
  "num_atoms": 26,
  "steps_taken": 1000,
  "max_steps": 1000,
  "energy_kcal_mol": 4692493.278128,
  "energy_per_atom": 180480.510697,
  "rms_force": 4985380.768707,
  "max_force": 4985380.768707,
  "alpha_final": 0.000005,
  "dt_final": 0.100000,
  "converged": false,
  "classification": "timeout",
  "wall_time_ms": 4.302900,
  "timestamp": "2026-03-28T12:53:56",
  "xyz_file": "benchmark_100\medium\structures\C16H10_s216.xyz"
}
