{
  "formula": "C16H10",
  "seed": 294,
  "tier": "medium",
  "num_atoms": 26,
  "steps_taken": 1000,
  "max_steps": 1000,
  "energy_kcal_mol": 2427565.537279,
  "energy_per_atom": 93367.905280,
  "rms_force": 2066491.798593,
  "max_force": 2066491.798593,
  "alpha_final": 0.000005,
  "dt_final": 0.100000,
  "converged": false,
  "classification": "timeout",
  "wall_time_ms": 4.536400,
  "timestamp": "2026-03-28T12:52:54",
  "xyz_file": "benchmark_100\medium\structures\C16H10_s294.xyz"
}
