{
  "formula": "C16H10",
  "seed": 454,
  "tier": "medium",
  "num_atoms": 26,
  "steps_taken": 1000,
  "max_steps": 1000,
  "energy_kcal_mol": 3243711.134842,
  "energy_per_atom": 124758.120571,
  "rms_force": 2384019.377462,
  "max_force": 2384019.377462,
  "alpha_final": 0.000005,
  "dt_final": 0.100000,
  "converged": false,
  "classification": "timeout",
  "wall_time_ms": 4.986000,
  "timestamp": "2026-03-28T12:55:50",
  "xyz_file": "benchmark_100\medium\structures\C16H10_s454.xyz"
}
