{
  "formula": "C16H10",
  "seed": 420,
  "tier": "medium",
  "num_atoms": 26,
  "steps_taken": 1000,
  "max_steps": 1000,
  "energy_kcal_mol": 5130171.902718,
  "energy_per_atom": 197314.303951,
  "rms_force": 5030724.703463,
  "max_force": 5030724.703463,
  "alpha_final": 0.000005,
  "dt_final": 0.100000,
  "converged": false,
  "classification": "timeout",
  "wall_time_ms": 4.600800,
  "timestamp": "2026-03-28T12:53:26",
  "xyz_file": "benchmark_100\medium\structures\C16H10_s420.xyz"
}
