{
  "formula": "C16H10",
  "seed": 434,
  "tier": "medium",
  "num_atoms": 26,
  "steps_taken": 1000,
  "max_steps": 1000,
  "energy_kcal_mol": 3481465.719536,
  "energy_per_atom": 133902.527674,
  "rms_force": 2603798.186716,
  "max_force": 2603798.186716,
  "alpha_final": 0.000005,
  "dt_final": 0.100000,
  "converged": false,
  "classification": "timeout",
  "wall_time_ms": 5.159600,
  "timestamp": "2026-03-28T12:55:50",
  "xyz_file": "benchmark_100\medium\structures\C16H10_s434.xyz"
}
