{
  "formula": "C16H10",
  "seed": 90,
  "tier": "medium",
  "num_atoms": 26,
  "steps_taken": 1000,
  "max_steps": 1000,
  "energy_kcal_mol": 2369106.199901,
  "energy_per_atom": 91119.469227,
  "rms_force": 1590927.189543,
  "max_force": 1590927.189543,
  "alpha_final": 0.000005,
  "dt_final": 0.100000,
  "converged": false,
  "classification": "timeout",
  "wall_time_ms": 4.857400,
  "timestamp": "2026-03-28T12:56:19",
  "xyz_file": "benchmark_100\medium\structures\C16H10_s90.xyz"
}
