{
  "formula": "C16H10",
  "seed": 868,
  "tier": "medium",
  "num_atoms": 26,
  "steps_taken": 1000,
  "max_steps": 1000,
  "energy_kcal_mol": 5347028.974576,
  "energy_per_atom": 205654.960561,
  "rms_force": 6385903.774872,
  "max_force": 6385903.774872,
  "alpha_final": 0.000005,
  "dt_final": 0.100000,
  "converged": false,
  "classification": "timeout",
  "wall_time_ms": 5.460800,
  "timestamp": "2026-03-28T12:55:46",
  "xyz_file": "benchmark_100\medium\structures\C16H10_s868.xyz"
}
