{
  "formula": "C16H10",
  "seed": 70,
  "tier": "medium",
  "num_atoms": 26,
  "steps_taken": 1000,
  "max_steps": 1000,
  "energy_kcal_mol": 2210532.425404,
  "energy_per_atom": 85020.477900,
  "rms_force": 1502519.664946,
  "max_force": 1502519.664946,
  "alpha_final": 0.000005,
  "dt_final": 0.100000,
  "converged": false,
  "classification": "timeout",
  "wall_time_ms": 4.969600,
  "timestamp": "2026-03-28T12:56:19",
  "xyz_file": "benchmark_100\medium\structures\C16H10_s70.xyz"
}
