{
  "formula": "C16H10",
  "seed": 314,
  "tier": "medium",
  "num_atoms": 26,
  "steps_taken": 1000,
  "max_steps": 1000,
  "energy_kcal_mol": 2164616.434567,
  "energy_per_atom": 83254.478253,
  "rms_force": 1394048.988381,
  "max_force": 1394048.988381,
  "alpha_final": 0.000005,
  "dt_final": 0.100000,
  "converged": false,
  "classification": "timeout",
  "wall_time_ms": 4.752900,
  "timestamp": "2026-03-28T12:52:54",
  "xyz_file": "benchmark_100\medium\structures\C16H10_s314.xyz"
}
