{
  "formula": "C4H10",
  "seed": 272,
  "tier": "medium",
  "num_atoms": 14,
  "steps_taken": 1000,
  "max_steps": 1000,
  "energy_kcal_mol": 69720.800057,
  "energy_per_atom": 4980.057147,
  "rms_force": 107108.650358,
  "max_force": 107108.650358,
  "alpha_final": 0.000005,
  "dt_final": 0.100000,
  "converged": false,
  "classification": "timeout",
  "wall_time_ms": 1.751500,
  "timestamp": "2026-03-28T12:53:54",
  "xyz_file": "benchmark_100\medium\structures\C4H10_s272.xyz"
}
