{
  "formula": "C4H10",
  "seed": 1350,
  "tier": "medium",
  "num_atoms": 14,
  "steps_taken": 1000,
  "max_steps": 1000,
  "energy_kcal_mol": 19401.286002,
  "energy_per_atom": 1385.806143,
  "rms_force": 21684.820861,
  "max_force": 21684.820861,
  "alpha_final": 0.000005,
  "dt_final": 0.100000,
  "converged": false,
  "classification": "timeout",
  "wall_time_ms": 1.690800,
  "timestamp": "2026-03-28T12:55:51",
  "xyz_file": "benchmark_100\medium\structures\C4H10_s1350.xyz"
}
