{
  "formula": "C4H10",
  "seed": 692,
  "tier": "medium",
  "num_atoms": 14,
  "steps_taken": 1000,
  "max_steps": 1000,
  "energy_kcal_mol": 95890.104845,
  "energy_per_atom": 6849.293203,
  "rms_force": 167759.101258,
  "max_force": 167759.101258,
  "alpha_final": 0.000005,
  "dt_final": 0.100000,
  "converged": false,
  "classification": "timeout",
  "wall_time_ms": 1.649100,
  "timestamp": "2026-03-28T12:54:04",
  "xyz_file": "benchmark_100\medium\structures\C4H10_s692.xyz"
}
