{
  "formula": "C4H10",
  "seed": 378,
  "tier": "medium",
  "num_atoms": 14,
  "steps_taken": 1000,
  "max_steps": 1000,
  "energy_kcal_mol": 64029.098824,
  "energy_per_atom": 4573.507059,
  "rms_force": 101325.423347,
  "max_force": 101325.423347,
  "alpha_final": 0.000005,
  "dt_final": 0.100000,
  "converged": false,
  "classification": "timeout",
  "wall_time_ms": 1.662300,
  "timestamp": "2026-03-28T12:53:26",
  "xyz_file": "benchmark_100\medium\structures\C4H10_s378.xyz"
}
