{
  "formula": "C4H10",
  "seed": 252,
  "tier": "medium",
  "num_atoms": 14,
  "steps_taken": 1000,
  "max_steps": 1000,
  "energy_kcal_mol": 115982.403237,
  "energy_per_atom": 8284.457374,
  "rms_force": 334562.420358,
  "max_force": 334562.420358,
  "alpha_final": 0.000005,
  "dt_final": 0.100000,
  "converged": false,
  "classification": "timeout",
  "wall_time_ms": 1.682900,
  "timestamp": "2026-03-28T12:53:54",
  "xyz_file": "benchmark_100\medium\structures\C4H10_s252.xyz"
}
