{
  "formula": "C4H10",
  "seed": 1330,
  "tier": "medium",
  "num_atoms": 14,
  "steps_taken": 1000,
  "max_steps": 1000,
  "energy_kcal_mol": 31157.645609,
  "energy_per_atom": 2225.546115,
  "rms_force": 43362.549156,
  "max_force": 43362.549156,
  "alpha_final": 0.000005,
  "dt_final": 0.100000,
  "converged": false,
  "classification": "timeout",
  "wall_time_ms": 1.904600,
  "timestamp": "2026-03-28T12:55:51",
  "xyz_file": "benchmark_100\medium\structures\C4H10_s1330.xyz"
}
