{
  "formula": "C4H9OH",
  "seed": 252,
  "tier": "medium",
  "num_atoms": 15,
  "steps_taken": 1000,
  "max_steps": 1000,
  "energy_kcal_mol": 171861.560894,
  "energy_per_atom": 11457.437393,
  "rms_force": 491690.400610,
  "max_force": 491690.400610,
  "alpha_final": 0.000005,
  "dt_final": 0.100000,
  "converged": false,
  "classification": "timeout",
  "wall_time_ms": 1.785200,
  "timestamp": "2026-03-28T12:56:26",
  "xyz_file": "benchmark_100\medium\structures\C4H9OH_s252.xyz"
}
