{
  "formula": "C4H9OH",
  "seed": 160,
  "tier": "medium",
  "num_atoms": 15,
  "steps_taken": 1000,
  "max_steps": 1000,
  "energy_kcal_mol": 238798.776057,
  "energy_per_atom": 15919.918404,
  "rms_force": 606855.538917,
  "max_force": 606855.538917,
  "alpha_final": 0.000005,
  "dt_final": 0.100000,
  "converged": false,
  "classification": "timeout",
  "wall_time_ms": 1.680500,
  "timestamp": "2026-03-28T12:54:40",
  "xyz_file": "benchmark_100\medium\structures\C4H9OH_s160.xyz"
}
