{
  "formula": "C5H10",
  "seed": 678,
  "tier": "medium",
  "num_atoms": 15,
  "steps_taken": 1000,
  "max_steps": 1000,
  "energy_kcal_mol": 104005.058818,
  "energy_per_atom": 6933.670588,
  "rms_force": 238285.480506,
  "max_force": 238285.480506,
  "alpha_final": 0.000005,
  "dt_final": 0.100000,
  "converged": false,
  "classification": "timeout",
  "wall_time_ms": 1.824600,
  "timestamp": "2026-03-28T12:55:33",
  "xyz_file": "benchmark_100\medium\structures\C5H10_s678.xyz"
}
