{
  "formula": "C5H10",
  "seed": 160,
  "tier": "medium",
  "num_atoms": 15,
  "steps_taken": 1000,
  "max_steps": 1000,
  "energy_kcal_mol": 419423.724505,
  "energy_per_atom": 27961.581634,
  "rms_force": 945223.656534,
  "max_force": 945223.656534,
  "alpha_final": 0.000005,
  "dt_final": 0.100000,
  "converged": false,
  "classification": "timeout",
  "wall_time_ms": 1.771800,
  "timestamp": "2026-03-28T12:53:26",
  "xyz_file": "benchmark_100\medium\structures\C5H10_s160.xyz"
}
