{
  "formula": "C5H10",
  "seed": 594,
  "tier": "medium",
  "num_atoms": 15,
  "steps_taken": 1000,
  "max_steps": 1000,
  "energy_kcal_mol": 119395.818793,
  "energy_per_atom": 7959.721253,
  "rms_force": 263641.747460,
  "max_force": 263641.747460,
  "alpha_final": 0.000005,
  "dt_final": 0.100000,
  "converged": false,
  "classification": "timeout",
  "wall_time_ms": 2.022200,
  "timestamp": "2026-03-28T12:55:24",
  "xyz_file": "benchmark_100\medium\structures\C5H10_s594.xyz"
}
