{
  "formula": "C5H10",
  "seed": 1000,
  "tier": "medium",
  "num_atoms": 15,
  "steps_taken": 1000,
  "max_steps": 1000,
  "energy_kcal_mol": 42506.275671,
  "energy_per_atom": 2833.751711,
  "rms_force": 38274.913136,
  "max_force": 38274.913136,
  "alpha_final": 0.000005,
  "dt_final": 0.100000,
  "converged": false,
  "classification": "timeout",
  "wall_time_ms": 1.970100,
  "timestamp": "2026-03-28T12:53:39",
  "xyz_file": "benchmark_100\medium\structures\C5H10_s1000.xyz"
}
