{
  "formula": "C5H10",
  "seed": 980,
  "tier": "medium",
  "num_atoms": 15,
  "steps_taken": 1000,
  "max_steps": 1000,
  "energy_kcal_mol": 221301.367424,
  "energy_per_atom": 14753.424495,
  "rms_force": 605331.581983,
  "max_force": 605331.581983,
  "alpha_final": 0.000005,
  "dt_final": 0.100000,
  "converged": false,
  "classification": "timeout",
  "wall_time_ms": 2.117500,
  "timestamp": "2026-03-28T12:53:39",
  "xyz_file": "benchmark_100\medium\structures\C5H10_s980.xyz"
}
