{
  "formula": "C5H12",
  "seed": 658,
  "tier": "medium",
  "num_atoms": 17,
  "steps_taken": 1000,
  "max_steps": 1000,
  "energy_kcal_mol": 149125.990275,
  "energy_per_atom": 8772.117075,
  "rms_force": 226540.232093,
  "max_force": 226540.232093,
  "alpha_final": 0.000005,
  "dt_final": 0.100000,
  "converged": false,
  "classification": "timeout",
  "wall_time_ms": 2.361800,
  "timestamp": "2026-03-28T12:52:38",
  "xyz_file": "benchmark_100\medium\structures\C5H12_s658.xyz"
}
