{
  "formula": "C5H12",
  "seed": 168,
  "tier": "medium",
  "num_atoms": 17,
  "steps_taken": 1000,
  "max_steps": 1000,
  "energy_kcal_mol": 185538.101989,
  "energy_per_atom": 10914.005999,
  "rms_force": 238550.579832,
  "max_force": 238550.579832,
  "alpha_final": 0.000005,
  "dt_final": 0.100000,
  "converged": false,
  "classification": "timeout",
  "wall_time_ms": 2.220800,
  "timestamp": "2026-03-28T12:55:58",
  "xyz_file": "benchmark_100\medium\structures\C5H12_s168.xyz"
}
