{
  "formula": "C5H12",
  "seed": 518,
  "tier": "medium",
  "num_atoms": 17,
  "steps_taken": 1000,
  "max_steps": 1000,
  "energy_kcal_mol": 114467.736364,
  "energy_per_atom": 6733.396257,
  "rms_force": 142384.793730,
  "max_force": 142384.793730,
  "alpha_final": 0.000005,
  "dt_final": 0.100000,
  "converged": false,
  "classification": "timeout",
  "wall_time_ms": 2.575200,
  "timestamp": "2026-03-28T12:54:04",
  "xyz_file": "benchmark_100\medium\structures\C5H12_s518.xyz"
}
