{
  "formula": "C5H10",
  "seed": 140,
  "tier": "medium",
  "num_atoms": 15,
  "steps_taken": 1000,
  "max_steps": 1000,
  "energy_kcal_mol": 104942.833057,
  "energy_per_atom": 6996.188870,
  "rms_force": 177284.583010,
  "max_force": 177284.583010,
  "alpha_final": 0.000005,
  "dt_final": 0.100000,
  "converged": false,
  "classification": "timeout",
  "wall_time_ms": 1.939200,
  "timestamp": "2026-03-28T12:53:26",
  "xyz_file": "benchmark_100\medium\structures\C5H10_s140.xyz"
}
