{
  "formula": "C5H10",
  "seed": 910,
  "tier": "medium",
  "num_atoms": 15,
  "steps_taken": 1000,
  "max_steps": 1000,
  "energy_kcal_mol": 96964.562431,
  "energy_per_atom": 6464.304162,
  "rms_force": 126447.277963,
  "max_force": 126447.277963,
  "alpha_final": 0.000005,
  "dt_final": 0.100000,
  "converged": false,
  "classification": "timeout",
  "wall_time_ms": 1.929100,
  "timestamp": "2026-03-28T12:54:36",
  "xyz_file": "benchmark_100\medium\structures\C5H10_s910.xyz"
}
