{
  "formula": "C5H12",
  "seed": 510,
  "tier": "medium",
  "num_atoms": 17,
  "steps_taken": 1000,
  "max_steps": 1000,
  "energy_kcal_mol": 186724.527940,
  "energy_per_atom": 10983.795761,
  "rms_force": 249866.597961,
  "max_force": 249866.597961,
  "alpha_final": 0.000005,
  "dt_final": 0.100000,
  "converged": false,
  "classification": "timeout",
  "wall_time_ms": 2.371600,
  "timestamp": "2026-03-28T12:55:24",
  "xyz_file": "benchmark_100\medium\structures\C5H12_s510.xyz"
}
