{
  "formula": "C5H12",
  "seed": 188,
  "tier": "medium",
  "num_atoms": 17,
  "steps_taken": 1000,
  "max_steps": 1000,
  "energy_kcal_mol": 136122.560711,
  "energy_per_atom": 8007.209454,
  "rms_force": 207590.720796,
  "max_force": 207590.720796,
  "alpha_final": 0.000005,
  "dt_final": 0.100000,
  "converged": false,
  "classification": "timeout",
  "wall_time_ms": 2.231300,
  "timestamp": "2026-03-28T12:55:58",
  "xyz_file": "benchmark_100\medium\structures\C5H12_s188.xyz"
}
