{
  "formula": "C5H10",
  "seed": 308,
  "tier": "medium",
  "num_atoms": 15,
  "steps_taken": 1000,
  "max_steps": 1000,
  "energy_kcal_mol": 89808.016564,
  "energy_per_atom": 5987.201104,
  "rms_force": 139612.519293,
  "max_force": 139612.519293,
  "alpha_final": 0.000005,
  "dt_final": 0.100000,
  "converged": false,
  "classification": "timeout",
  "wall_time_ms": 1.939200,
  "timestamp": "2026-03-28T12:53:01",
  "xyz_file": "benchmark_100\medium\structures\C5H10_s308.xyz"
}
