{
  "formula": "C5H12",
  "seed": 224,
  "tier": "medium",
  "num_atoms": 17,
  "steps_taken": 1000,
  "max_steps": 1000,
  "energy_kcal_mol": 107311.772031,
  "energy_per_atom": 6312.457178,
  "rms_force": 152931.910203,
  "max_force": 152931.910203,
  "alpha_final": 0.000005,
  "dt_final": 0.100000,
  "converged": false,
  "classification": "timeout",
  "wall_time_ms": 2.233900,
  "timestamp": "2026-03-28T12:53:58",
  "xyz_file": "benchmark_100\medium\structures\C5H12_s224.xyz"
}
