{
  "formula": "C5H12",
  "seed": 244,
  "tier": "medium",
  "num_atoms": 17,
  "steps_taken": 1000,
  "max_steps": 1000,
  "energy_kcal_mol": 100821.415428,
  "energy_per_atom": 5930.671496,
  "rms_force": 148342.907858,
  "max_force": 148342.907858,
  "alpha_final": 0.000005,
  "dt_final": 0.100000,
  "converged": false,
  "classification": "timeout",
  "wall_time_ms": 1.995900,
  "timestamp": "2026-03-28T12:53:58",
  "xyz_file": "benchmark_100\medium\structures\C5H12_s244.xyz"
}
