{
  "formula": "C5H12",
  "seed": 490,
  "tier": "medium",
  "num_atoms": 17,
  "steps_taken": 1000,
  "max_steps": 1000,
  "energy_kcal_mol": 178303.645258,
  "energy_per_atom": 10488.449721,
  "rms_force": 303364.397076,
  "max_force": 303364.397076,
  "alpha_final": 0.000005,
  "dt_final": 0.100000,
  "converged": false,
  "classification": "timeout",
  "wall_time_ms": 2.537900,
  "timestamp": "2026-03-28T12:55:24",
  "xyz_file": "benchmark_100\medium\structures\C5H12_s490.xyz"
}
