{
  "formula": "C5H10",
  "seed": 658,
  "tier": "medium",
  "num_atoms": 15,
  "steps_taken": 1000,
  "max_steps": 1000,
  "energy_kcal_mol": 71792.747650,
  "energy_per_atom": 4786.183177,
  "rms_force": 131131.709565,
  "max_force": 131131.709565,
  "alpha_final": 0.000005,
  "dt_final": 0.100000,
  "converged": false,
  "classification": "timeout",
  "wall_time_ms": 1.929200,
  "timestamp": "2026-03-28T12:55:33",
  "xyz_file": "benchmark_100\medium\structures\C5H10_s658.xyz"
}
