{
  "formula": "C5H10",
  "seed": 244,
  "tier": "medium",
  "num_atoms": 15,
  "steps_taken": 1000,
  "max_steps": 1000,
  "energy_kcal_mol": 87171.704462,
  "energy_per_atom": 5811.446964,
  "rms_force": 120163.643190,
  "max_force": 120163.643190,
  "alpha_final": 0.000005,
  "dt_final": 0.100000,
  "converged": false,
  "classification": "timeout",
  "wall_time_ms": 2.102400,
  "timestamp": "2026-03-28T12:56:02",
  "xyz_file": "benchmark_100\medium\structures\C5H10_s244.xyz"
}
