{
  "formula": "C5H12",
  "seed": 678,
  "tier": "medium",
  "num_atoms": 17,
  "steps_taken": 1000,
  "max_steps": 1000,
  "energy_kcal_mol": 221341.565225,
  "energy_per_atom": 13020.092072,
  "rms_force": 553512.061007,
  "max_force": 553512.061007,
  "alpha_final": 0.000005,
  "dt_final": 0.100000,
  "converged": false,
  "classification": "timeout",
  "wall_time_ms": 2.309700,
  "timestamp": "2026-03-28T12:52:38",
  "xyz_file": "benchmark_100\medium\structures\C5H12_s678.xyz"
}
