{
  "formula": "C6H10O",
  "seed": 342,
  "tier": "medium",
  "num_atoms": 17,
  "steps_taken": 1000,
  "max_steps": 1000,
  "energy_kcal_mol": 137611.858049,
  "energy_per_atom": 8094.815179,
  "rms_force": 128062.027927,
  "max_force": 128062.027927,
  "alpha_final": 0.000005,
  "dt_final": 0.100000,
  "converged": false,
  "classification": "timeout",
  "wall_time_ms": 2.509600,
  "timestamp": "2026-03-28T12:55:48",
  "xyz_file": "benchmark_100\medium\structures\C6H10O_s342.xyz"
}
