{
  "formula": "C6H12O6",
  "seed": 910,
  "tier": "medium",
  "num_atoms": 24,
  "steps_taken": 1000,
  "max_steps": 1000,
  "energy_kcal_mol": 580811.810234,
  "energy_per_atom": 24200.492093,
  "rms_force": 545869.760492,
  "max_force": 545869.760492,
  "alpha_final": 0.000005,
  "dt_final": 0.100000,
  "converged": false,
  "classification": "timeout",
  "wall_time_ms": 4.184900,
  "timestamp": "2026-03-28T12:55:51",
  "xyz_file": "benchmark_100\medium\structures\C6H12O6_s910.xyz"
}
