{
  "formula": "C6H10O",
  "seed": 244,
  "tier": "medium",
  "num_atoms": 17,
  "steps_taken": 1000,
  "max_steps": 1000,
  "energy_kcal_mol": 105208.368321,
  "energy_per_atom": 6188.727548,
  "rms_force": 148715.027918,
  "max_force": 148715.027918,
  "alpha_final": 0.000005,
  "dt_final": 0.100000,
  "converged": false,
  "classification": "timeout",
  "wall_time_ms": 2.350100,
  "timestamp": "2026-03-28T12:54:23",
  "xyz_file": "benchmark_100\medium\structures\C6H10O_s244.xyz"
}
