{
  "formula": "C6H10O",
  "seed": 538,
  "tier": "medium",
  "num_atoms": 17,
  "steps_taken": 1000,
  "max_steps": 1000,
  "energy_kcal_mol": 111147.599555,
  "energy_per_atom": 6538.094091,
  "rms_force": 114925.123364,
  "max_force": 114925.123364,
  "alpha_final": 0.000005,
  "dt_final": 0.100000,
  "converged": false,
  "classification": "timeout",
  "wall_time_ms": 2.739900,
  "timestamp": "2026-03-28T12:55:24",
  "xyz_file": "benchmark_100\medium\structures\C6H10O_s538.xyz"
}
