{
  "formula": "C6H12O6",
  "seed": 846,
  "tier": "medium",
  "num_atoms": 24,
  "steps_taken": 1000,
  "max_steps": 1000,
  "energy_kcal_mol": 1030901.265234,
  "energy_per_atom": 42954.219385,
  "rms_force": 2105732.878836,
  "max_force": 2105732.878836,
  "alpha_final": 0.000005,
  "dt_final": 0.100000,
  "converged": false,
  "classification": "timeout",
  "wall_time_ms": 4.129200,
  "timestamp": "2026-03-28T12:53:59",
  "xyz_file": "benchmark_100\medium\structures\C6H12O6_s846.xyz"
}
