{
  "formula": "C6H12O6",
  "seed": 336,
  "tier": "medium",
  "num_atoms": 24,
  "steps_taken": 1000,
  "max_steps": 1000,
  "energy_kcal_mol": 388130.225171,
  "energy_per_atom": 16172.092715,
  "rms_force": 331251.284645,
  "max_force": 331251.284645,
  "alpha_final": 0.000005,
  "dt_final": 0.100000,
  "converged": false,
  "classification": "timeout",
  "wall_time_ms": 4.116500,
  "timestamp": "2026-03-28T12:55:56",
  "xyz_file": "benchmark_100\medium\structures\C6H12O6_s336.xyz"
}
