{
  "formula": "C6H10O",
  "seed": 518,
  "tier": "medium",
  "num_atoms": 17,
  "steps_taken": 1000,
  "max_steps": 1000,
  "energy_kcal_mol": 173263.392113,
  "energy_per_atom": 10191.964242,
  "rms_force": 215609.426851,
  "max_force": 215609.426851,
  "alpha_final": 0.000005,
  "dt_final": 0.100000,
  "converged": false,
  "classification": "timeout",
  "wall_time_ms": 2.318800,
  "timestamp": "2026-03-28T12:55:24",
  "xyz_file": "benchmark_100\medium\structures\C6H10O_s518.xyz"
}
