{
  "formula": "C6H12",
  "seed": 644,
  "tier": "medium",
  "num_atoms": 18,
  "steps_taken": 1000,
  "max_steps": 1000,
  "energy_kcal_mol": 153052.926128,
  "energy_per_atom": 8502.940340,
  "rms_force": 194798.263253,
  "max_force": 194798.263253,
  "alpha_final": 0.000005,
  "dt_final": 0.100000,
  "converged": false,
  "classification": "timeout",
  "wall_time_ms": 2.457400,
  "timestamp": "2026-03-28T12:54:24",
  "xyz_file": "benchmark_100\medium\structures\C6H12_s644.xyz"
}
