{
  "formula": "C6H12",
  "seed": 1288,
  "tier": "medium",
  "num_atoms": 18,
  "steps_taken": 1000,
  "max_steps": 1000,
  "energy_kcal_mol": 164945.599471,
  "energy_per_atom": 9163.644415,
  "rms_force": 270696.234237,
  "max_force": 270696.234237,
  "alpha_final": 0.000005,
  "dt_final": 0.100000,
  "converged": false,
  "classification": "timeout",
  "wall_time_ms": 2.856000,
  "timestamp": "2026-03-28T12:53:59",
  "xyz_file": "benchmark_100\medium\structures\C6H12_s1288.xyz"
}
