{
  "formula": "C6H12O6",
  "seed": 272,
  "tier": "medium",
  "num_atoms": 24,
  "steps_taken": 1000,
  "max_steps": 1000,
  "energy_kcal_mol": 1542042.033859,
  "energy_per_atom": 64251.751411,
  "rms_force": 1470950.614529,
  "max_force": 1470950.614529,
  "alpha_final": 0.000005,
  "dt_final": 0.100000,
  "converged": false,
  "classification": "timeout",
  "wall_time_ms": 4.476800,
  "timestamp": "2026-03-28T12:55:32",
  "xyz_file": "benchmark_100\medium\structures\C6H12O6_s272.xyz"
}
