{
  "formula": "C6H12O6",
  "seed": 322,
  "tier": "medium",
  "num_atoms": 24,
  "steps_taken": 1000,
  "max_steps": 1000,
  "energy_kcal_mol": 1788617.636222,
  "energy_per_atom": 74525.734843,
  "rms_force": 2259992.977002,
  "max_force": 2259992.977002,
  "alpha_final": 0.000005,
  "dt_final": 0.100000,
  "converged": false,
  "classification": "timeout",
  "wall_time_ms": 3.946500,
  "timestamp": "2026-03-28T12:54:01",
  "xyz_file": "benchmark_100\medium\structures\C6H12O6_s322.xyz"
}
