{
  "formula": "C6H10O",
  "seed": 594,
  "tier": "medium",
  "num_atoms": 17,
  "steps_taken": 1000,
  "max_steps": 1000,
  "energy_kcal_mol": 241343.835861,
  "energy_per_atom": 14196.696227,
  "rms_force": 512769.193037,
  "max_force": 512769.193037,
  "alpha_final": 0.000005,
  "dt_final": 0.100000,
  "converged": false,
  "classification": "timeout",
  "wall_time_ms": 2.339500,
  "timestamp": "2026-03-28T12:52:54",
  "xyz_file": "benchmark_100\medium\structures\C6H10O_s594.xyz"
}
