{
  "formula": "C6H12O6",
  "seed": 860,
  "tier": "medium",
  "num_atoms": 24,
  "steps_taken": 1000,
  "max_steps": 1000,
  "energy_kcal_mol": 690141.813141,
  "energy_per_atom": 28755.908881,
  "rms_force": 669219.993813,
  "max_force": 669219.993813,
  "alpha_final": 0.000005,
  "dt_final": 0.100000,
  "converged": false,
  "classification": "timeout",
  "wall_time_ms": 4.138000,
  "timestamp": "2026-03-28T12:52:38",
  "xyz_file": "benchmark_100\medium\structures\C6H12O6_s860.xyz"
}
