{
  "formula": "C6H12O6",
  "seed": 98,
  "tier": "medium",
  "num_atoms": 24,
  "steps_taken": 1000,
  "max_steps": 1000,
  "energy_kcal_mol": 457484.746779,
  "energy_per_atom": 19061.864449,
  "rms_force": 283991.319815,
  "max_force": 283991.319815,
  "alpha_final": 0.000005,
  "dt_final": 0.100000,
  "converged": false,
  "classification": "timeout",
  "wall_time_ms": 3.504300,
  "timestamp": "2026-03-28T12:53:48",
  "xyz_file": "benchmark_100\medium\structures\C6H12O6_s98.xyz"
}
