{
  "formula": "C6H12O6",
  "seed": 342,
  "tier": "medium",
  "num_atoms": 24,
  "steps_taken": 1000,
  "max_steps": 1000,
  "energy_kcal_mol": 587995.282483,
  "energy_per_atom": 24499.803437,
  "rms_force": 385045.748377,
  "max_force": 385045.748377,
  "alpha_final": 0.000005,
  "dt_final": 0.100000,
  "converged": false,
  "classification": "timeout",
  "wall_time_ms": 3.702600,
  "timestamp": "2026-03-28T12:54:01",
  "xyz_file": "benchmark_100\medium\structures\C6H12O6_s342.xyz"
}
