{
  "formula": "C6H10O",
  "seed": 742,
  "tier": "medium",
  "num_atoms": 17,
  "steps_taken": 1000,
  "max_steps": 1000,
  "energy_kcal_mol": 276401.846524,
  "energy_per_atom": 16258.932148,
  "rms_force": 440411.890912,
  "max_force": 440411.890912,
  "alpha_final": 0.000005,
  "dt_final": 0.100000,
  "converged": false,
  "classification": "timeout",
  "wall_time_ms": 2.400600,
  "timestamp": "2026-03-28T12:56:10",
  "xyz_file": "benchmark_100\medium\structures\C6H10O_s742.xyz"
}
