{
  "formula": "C6H10O",
  "seed": 714,
  "tier": "medium",
  "num_atoms": 17,
  "steps_taken": 1000,
  "max_steps": 1000,
  "energy_kcal_mol": 129789.665898,
  "energy_per_atom": 7634.686229,
  "rms_force": 152391.718456,
  "max_force": 152391.718456,
  "alpha_final": 0.000005,
  "dt_final": 0.100000,
  "converged": false,
  "classification": "timeout",
  "wall_time_ms": 2.297200,
  "timestamp": "2026-03-28T12:54:04",
  "xyz_file": "benchmark_100\medium\structures\C6H10O_s714.xyz"
}
