{
  "formula": "C6H12",
  "seed": 174,
  "tier": "medium",
  "num_atoms": 18,
  "steps_taken": 1000,
  "max_steps": 1000,
  "energy_kcal_mol": 150417.274539,
  "energy_per_atom": 8356.515252,
  "rms_force": 169168.697720,
  "max_force": 169168.697720,
  "alpha_final": 0.000005,
  "dt_final": 0.100000,
  "converged": false,
  "classification": "timeout",
  "wall_time_ms": 2.163400,
  "timestamp": "2026-03-28T12:54:16",
  "xyz_file": "benchmark_100\medium\structures\C6H12_s174.xyz"
}
