{
  "formula": "C6H12",
  "seed": 938,
  "tier": "medium",
  "num_atoms": 18,
  "steps_taken": 1000,
  "max_steps": 1000,
  "energy_kcal_mol": 1234557.333883,
  "energy_per_atom": 68586.518549,
  "rms_force": 2999226.062373,
  "max_force": 2999226.062373,
  "alpha_final": 0.000005,
  "dt_final": 0.100000,
  "converged": false,
  "classification": "timeout",
  "wall_time_ms": 2.517500,
  "timestamp": "2026-03-28T12:54:04",
  "xyz_file": "benchmark_100\medium\structures\C6H12_s938.xyz"
}
