{
  "formula": "C6H12O6",
  "seed": 776,
  "tier": "medium",
  "num_atoms": 24,
  "steps_taken": 1000,
  "max_steps": 1000,
  "energy_kcal_mol": 668670.527095,
  "energy_per_atom": 27861.271962,
  "rms_force": 510148.555551,
  "max_force": 510148.555551,
  "alpha_final": 0.000005,
  "dt_final": 0.100000,
  "converged": false,
  "classification": "timeout",
  "wall_time_ms": 3.967600,
  "timestamp": "2026-03-28T12:52:54",
  "xyz_file": "benchmark_100\medium\structures\C6H12O6_s776.xyz"
}
