{
  "formula": "C6H12O6",
  "seed": 986,
  "tier": "medium",
  "num_atoms": 24,
  "steps_taken": 1000,
  "max_steps": 1000,
  "energy_kcal_mol": 465765.994203,
  "energy_per_atom": 19406.916425,
  "rms_force": 317670.494210,
  "max_force": 317670.494210,
  "alpha_final": 0.000005,
  "dt_final": 0.100000,
  "converged": false,
  "classification": "timeout",
  "wall_time_ms": 3.997400,
  "timestamp": "2026-03-28T12:53:26",
  "xyz_file": "benchmark_100\medium\structures\C6H12O6_s986.xyz"
}
