{
  "formula": "C6H10O",
  "seed": 524,
  "tier": "medium",
  "num_atoms": 17,
  "steps_taken": 1000,
  "max_steps": 1000,
  "energy_kcal_mol": 183928.637806,
  "energy_per_atom": 10819.331636,
  "rms_force": 227421.583882,
  "max_force": 227421.583882,
  "alpha_final": 0.000005,
  "dt_final": 0.100000,
  "converged": false,
  "classification": "timeout",
  "wall_time_ms": 2.595000,
  "timestamp": "2026-03-28T12:53:48",
  "xyz_file": "benchmark_100\medium\structures\C6H10O_s524.xyz"
}
