{
  "formula": "C6H12O6",
  "seed": 1008,
  "tier": "medium",
  "num_atoms": 24,
  "steps_taken": 1000,
  "max_steps": 1000,
  "energy_kcal_mol": 388984.693339,
  "energy_per_atom": 16207.695556,
  "rms_force": 239099.188773,
  "max_force": 239099.188773,
  "alpha_final": 0.000005,
  "dt_final": 0.100000,
  "converged": false,
  "classification": "timeout",
  "wall_time_ms": 4.290200,
  "timestamp": "2026-03-28T12:53:39",
  "xyz_file": "benchmark_100\medium\structures\C6H12O6_s1008.xyz"
}
