{
  "formula": "C6H10O",
  "seed": 1042,
  "tier": "medium",
  "num_atoms": 17,
  "steps_taken": 1000,
  "max_steps": 1000,
  "energy_kcal_mol": 179546.281091,
  "energy_per_atom": 10561.545947,
  "rms_force": 232792.496904,
  "max_force": 232792.496904,
  "alpha_final": 0.000005,
  "dt_final": 0.100000,
  "converged": false,
  "classification": "timeout",
  "wall_time_ms": 2.167500,
  "timestamp": "2026-03-28T12:53:59",
  "xyz_file": "benchmark_100\medium\structures\C6H10O_s1042.xyz"
}
