{
  "formula": "C6H12O6",
  "seed": 118,
  "tier": "medium",
  "num_atoms": 24,
  "steps_taken": 1000,
  "max_steps": 1000,
  "energy_kcal_mol": 561753.227255,
  "energy_per_atom": 23406.384469,
  "rms_force": 535461.220740,
  "max_force": 535461.220740,
  "alpha_final": 0.000005,
  "dt_final": 0.100000,
  "converged": false,
  "classification": "timeout",
  "wall_time_ms": 3.902900,
  "timestamp": "2026-03-28T12:53:48",
  "xyz_file": "benchmark_100\medium\structures\C6H12O6_s118.xyz"
}
