{
  "formula": "C6H12",
  "seed": 784,
  "tier": "medium",
  "num_atoms": 18,
  "steps_taken": 1000,
  "max_steps": 1000,
  "energy_kcal_mol": 167513.486561,
  "energy_per_atom": 9306.304809,
  "rms_force": 178553.033882,
  "max_force": 178553.033882,
  "alpha_final": 0.000005,
  "dt_final": 0.100000,
  "converged": false,
  "classification": "timeout",
  "wall_time_ms": 2.256800,
  "timestamp": "2026-03-28T12:54:40",
  "xyz_file": "benchmark_100\medium\structures\C6H12_s784.xyz"
}
