{
  "formula": "C6H12O6",
  "seed": 966,
  "tier": "medium",
  "num_atoms": 24,
  "steps_taken": 1000,
  "max_steps": 1000,
  "energy_kcal_mol": 1341890.844345,
  "energy_per_atom": 55912.118514,
  "rms_force": 1403963.056299,
  "max_force": 1403963.056299,
  "alpha_final": 0.000005,
  "dt_final": 0.100000,
  "converged": false,
  "classification": "timeout",
  "wall_time_ms": 3.950300,
  "timestamp": "2026-03-28T12:53:26",
  "xyz_file": "benchmark_100\medium\structures\C6H12O6_s966.xyz"
}
