{
  "formula": "C6H12",
  "seed": 602,
  "tier": "medium",
  "num_atoms": 18,
  "steps_taken": 1000,
  "max_steps": 1000,
  "energy_kcal_mol": 189648.521179,
  "energy_per_atom": 10536.028954,
  "rms_force": 347451.383103,
  "max_force": 347451.383103,
  "alpha_final": 0.000005,
  "dt_final": 0.100000,
  "converged": false,
  "classification": "timeout",
  "wall_time_ms": 2.339600,
  "timestamp": "2026-03-28T12:53:48",
  "xyz_file": "benchmark_100\medium\structures\C6H12_s602.xyz"
}
