{
  "formula": "C6H12O6",
  "seed": 826,
  "tier": "medium",
  "num_atoms": 24,
  "steps_taken": 1000,
  "max_steps": 1000,
  "energy_kcal_mol": 1107542.752625,
  "energy_per_atom": 46147.614693,
  "rms_force": 1360576.979806,
  "max_force": 1360576.979806,
  "alpha_final": 0.000005,
  "dt_final": 0.100000,
  "converged": false,
  "classification": "timeout",
  "wall_time_ms": 3.869800,
  "timestamp": "2026-03-28T12:53:59",
  "xyz_file": "benchmark_100\medium\structures\C6H12O6_s826.xyz"
}
