{
  "formula": "C6H12O6",
  "seed": 924,
  "tier": "medium",
  "num_atoms": 24,
  "steps_taken": 1000,
  "max_steps": 1000,
  "energy_kcal_mol": 388049.902254,
  "energy_per_atom": 16168.745927,
  "rms_force": 269793.798539,
  "max_force": 269793.798539,
  "alpha_final": 0.000005,
  "dt_final": 0.100000,
  "converged": false,
  "classification": "timeout",
  "wall_time_ms": 5.242200,
  "timestamp": "2026-03-28T12:55:25",
  "xyz_file": "benchmark_100\medium\structures\C6H12O6_s924.xyz"
}
