{
  "formula": "C6H10O",
  "seed": 146,
  "tier": "medium",
  "num_atoms": 17,
  "steps_taken": 1000,
  "max_steps": 1000,
  "energy_kcal_mol": 128826.131821,
  "energy_per_atom": 7578.007754,
  "rms_force": 137007.445611,
  "max_force": 137007.445611,
  "alpha_final": 0.000005,
  "dt_final": 0.100000,
  "converged": false,
  "classification": "timeout",
  "wall_time_ms": 2.011700,
  "timestamp": "2026-03-28T12:54:16",
  "xyz_file": "benchmark_100\medium\structures\C6H10O_s146.xyz"
}
