{
  "formula": "C6H10O",
  "seed": 762,
  "tier": "medium",
  "num_atoms": 17,
  "steps_taken": 1000,
  "max_steps": 1000,
  "energy_kcal_mol": 139115.871647,
  "energy_per_atom": 8183.286567,
  "rms_force": 142261.641342,
  "max_force": 142261.641342,
  "alpha_final": 0.000005,
  "dt_final": 0.100000,
  "converged": false,
  "classification": "timeout",
  "wall_time_ms": 2.643000,
  "timestamp": "2026-03-28T12:56:10",
  "xyz_file": "benchmark_100\medium\structures\C6H10O_s762.xyz"
}
