{
  "formula": "C6H12",
  "seed": 664,
  "tier": "medium",
  "num_atoms": 18,
  "steps_taken": 1000,
  "max_steps": 1000,
  "energy_kcal_mol": 331214.766032,
  "energy_per_atom": 18400.820335,
  "rms_force": 484161.806250,
  "max_force": 484161.806250,
  "alpha_final": 0.000005,
  "dt_final": 0.100000,
  "converged": false,
  "classification": "timeout",
  "wall_time_ms": 2.295600,
  "timestamp": "2026-03-28T12:54:24",
  "xyz_file": "benchmark_100\medium\structures\C6H12_s664.xyz"
}
