{
  "formula": "C6H12O6",
  "seed": 76,
  "tier": "medium",
  "num_atoms": 24,
  "steps_taken": 1000,
  "max_steps": 1000,
  "energy_kcal_mol": 348883.174678,
  "energy_per_atom": 14536.798945,
  "rms_force": 217729.071654,
  "max_force": 217729.071654,
  "alpha_final": 0.000005,
  "dt_final": 0.100000,
  "converged": false,
  "classification": "timeout",
  "wall_time_ms": 3.706500,
  "timestamp": "2026-03-28T12:53:01",
  "xyz_file": "benchmark_100\medium\structures\C6H12O6_s76.xyz"
}
