{
  "formula": "C6H10O",
  "seed": 126,
  "tier": "medium",
  "num_atoms": 17,
  "steps_taken": 1000,
  "max_steps": 1000,
  "energy_kcal_mol": 163055.357086,
  "energy_per_atom": 9591.491593,
  "rms_force": 191439.515151,
  "max_force": 191439.515151,
  "alpha_final": 0.000005,
  "dt_final": 0.100000,
  "converged": false,
  "classification": "timeout",
  "wall_time_ms": 2.146400,
  "timestamp": "2026-03-28T12:54:16",
  "xyz_file": "benchmark_100\medium\structures\C6H10O_s126.xyz"
}
