{
  "formula": "C6H12",
  "seed": 1308,
  "tier": "medium",
  "num_atoms": 18,
  "steps_taken": 1000,
  "max_steps": 1000,
  "energy_kcal_mol": 618359.632427,
  "energy_per_atom": 34353.312913,
  "rms_force": 1171205.995661,
  "max_force": 1171205.995661,
  "alpha_final": 0.000005,
  "dt_final": 0.100000,
  "converged": false,
  "classification": "timeout",
  "wall_time_ms": 2.904800,
  "timestamp": "2026-03-28T12:53:59",
  "xyz_file": "benchmark_100\medium\structures\C6H12_s1308.xyz"
}
