{
  "formula": "C6H12O6",
  "seed": 252,
  "tier": "medium",
  "num_atoms": 24,
  "steps_taken": 1000,
  "max_steps": 1000,
  "energy_kcal_mol": 1384441.285354,
  "energy_per_atom": 57685.053556,
  "rms_force": 2706505.192136,
  "max_force": 2706505.192136,
  "alpha_final": 0.000005,
  "dt_final": 0.100000,
  "converged": false,
  "classification": "timeout",
  "wall_time_ms": 4.336400,
  "timestamp": "2026-03-28T12:55:32",
  "xyz_file": "benchmark_100\medium\structures\C6H12O6_s252.xyz"
}
