{
  "formula": "C6H12",
  "seed": 202,
  "tier": "medium",
  "num_atoms": 18,
  "steps_taken": 1000,
  "max_steps": 1000,
  "energy_kcal_mol": 291689.531098,
  "energy_per_atom": 16204.973950,
  "rms_force": 360184.716294,
  "max_force": 360184.716294,
  "alpha_final": 0.000005,
  "dt_final": 0.100000,
  "converged": false,
  "classification": "timeout",
  "wall_time_ms": 2.751300,
  "timestamp": "2026-03-28T12:53:54",
  "xyz_file": "benchmark_100\medium\structures\C6H12_s202.xyz"
}
