{
  "formula": "C6H10O",
  "seed": 1022,
  "tier": "medium",
  "num_atoms": 17,
  "steps_taken": 1000,
  "max_steps": 1000,
  "energy_kcal_mol": 156162.658925,
  "energy_per_atom": 9186.038760,
  "rms_force": 193117.742488,
  "max_force": 193117.742488,
  "alpha_final": 0.000005,
  "dt_final": 0.100000,
  "converged": false,
  "classification": "timeout",
  "wall_time_ms": 2.243200,
  "timestamp": "2026-03-28T12:53:59",
  "xyz_file": "benchmark_100\medium\structures\C6H10O_s1022.xyz"
}
