{
  "formula": "C6H10O",
  "seed": 224,
  "tier": "medium",
  "num_atoms": 17,
  "steps_taken": 1000,
  "max_steps": 1000,
  "energy_kcal_mol": 145871.631383,
  "energy_per_atom": 8580.684199,
  "rms_force": 201252.522567,
  "max_force": 201252.522567,
  "alpha_final": 0.000005,
  "dt_final": 0.100000,
  "converged": false,
  "classification": "timeout",
  "wall_time_ms": 3.178100,
  "timestamp": "2026-03-28T12:54:23",
  "xyz_file": "benchmark_100\medium\structures\C6H10O_s224.xyz"
}
