{
  "formula": "C6H10O",
  "seed": 322,
  "tier": "medium",
  "num_atoms": 17,
  "steps_taken": 1000,
  "max_steps": 1000,
  "energy_kcal_mol": 316066.929430,
  "energy_per_atom": 18592.172319,
  "rms_force": 623414.085791,
  "max_force": 623414.085791,
  "alpha_final": 0.000005,
  "dt_final": 0.100000,
  "converged": false,
  "classification": "timeout",
  "wall_time_ms": 2.576900,
  "timestamp": "2026-03-28T12:55:48",
  "xyz_file": "benchmark_100\medium\structures\C6H10O_s322.xyz"
}
