{
  "formula": "C6H12",
  "seed": 958,
  "tier": "medium",
  "num_atoms": 18,
  "steps_taken": 1000,
  "max_steps": 1000,
  "energy_kcal_mol": 103718.036703,
  "energy_per_atom": 5762.113150,
  "rms_force": 94778.697846,
  "max_force": 94778.697846,
  "alpha_final": 0.000005,
  "dt_final": 0.100000,
  "converged": false,
  "classification": "timeout",
  "wall_time_ms": 2.343300,
  "timestamp": "2026-03-28T12:54:04",
  "xyz_file": "benchmark_100\medium\structures\C6H12_s958.xyz"
}
