{
  "formula": "C6H12O6",
  "seed": 756,
  "tier": "medium",
  "num_atoms": 24,
  "steps_taken": 1000,
  "max_steps": 1000,
  "energy_kcal_mol": 466026.630308,
  "energy_per_atom": 19417.776263,
  "rms_force": 365451.731071,
  "max_force": 365451.731071,
  "alpha_final": 0.000005,
  "dt_final": 0.100000,
  "converged": false,
  "classification": "timeout",
  "wall_time_ms": 4.010200,
  "timestamp": "2026-03-28T12:52:54",
  "xyz_file": "benchmark_100\medium\structures\C6H12O6_s756.xyz"
}
