{
  "formula": "C6H12O6",
  "seed": 56,
  "tier": "medium",
  "num_atoms": 24,
  "steps_taken": 1000,
  "max_steps": 1000,
  "energy_kcal_mol": 756562.998016,
  "energy_per_atom": 31523.458251,
  "rms_force": 658062.040002,
  "max_force": 658062.040002,
  "alpha_final": 0.000005,
  "dt_final": 0.100000,
  "converged": false,
  "classification": "timeout",
  "wall_time_ms": 3.697800,
  "timestamp": "2026-03-28T12:53:01",
  "xyz_file": "benchmark_100\medium\structures\C6H12O6_s56.xyz"
}
