{
  "formula": "C6H12O6",
  "seed": 840,
  "tier": "medium",
  "num_atoms": 24,
  "steps_taken": 1000,
  "max_steps": 1000,
  "energy_kcal_mol": 511457.111703,
  "energy_per_atom": 21310.712988,
  "rms_force": 326290.901123,
  "max_force": 326290.901123,
  "alpha_final": 0.000005,
  "dt_final": 0.100000,
  "converged": false,
  "classification": "timeout",
  "wall_time_ms": 4.077500,
  "timestamp": "2026-03-28T12:52:38",
  "xyz_file": "benchmark_100\medium\structures\C6H12O6_s840.xyz"
}
