{
  "formula": "C6H10O",
  "seed": 734,
  "tier": "medium",
  "num_atoms": 17,
  "steps_taken": 1000,
  "max_steps": 1000,
  "energy_kcal_mol": 411758.310885,
  "energy_per_atom": 24221.077111,
  "rms_force": 874833.194900,
  "max_force": 874833.194900,
  "alpha_final": 0.000005,
  "dt_final": 0.100000,
  "converged": false,
  "classification": "timeout",
  "wall_time_ms": 2.130300,
  "timestamp": "2026-03-28T12:54:04",
  "xyz_file": "benchmark_100\medium\structures\C6H10O_s734.xyz"
}
