{
  "formula": "C6H12O6",
  "seed": 1028,
  "tier": "medium",
  "num_atoms": 24,
  "steps_taken": 1000,
  "max_steps": 1000,
  "energy_kcal_mol": 785965.580398,
  "energy_per_atom": 32748.565850,
  "rms_force": 601871.268251,
  "max_force": 601871.268251,
  "alpha_final": 0.000005,
  "dt_final": 0.100000,
  "converged": false,
  "classification": "timeout",
  "wall_time_ms": 4.103100,
  "timestamp": "2026-03-28T12:53:39",
  "xyz_file": "benchmark_100\medium\structures\C6H12O6_s1028.xyz"
}
