{
  "formula": "C6H10O",
  "seed": 392,
  "tier": "medium",
  "num_atoms": 17,
  "steps_taken": 1000,
  "max_steps": 1000,
  "energy_kcal_mol": 264235.870418,
  "energy_per_atom": 15543.286495,
  "rms_force": 406763.629080,
  "max_force": 406763.629080,
  "alpha_final": 0.000005,
  "dt_final": 0.100000,
  "converged": false,
  "classification": "timeout",
  "wall_time_ms": 2.335300,
  "timestamp": "2026-03-28T12:52:26",
  "xyz_file": "benchmark_100\medium\structures\C6H10O_s392.xyz"
}
