{
  "formula": "C6H12",
  "seed": 182,
  "tier": "medium",
  "num_atoms": 18,
  "steps_taken": 1000,
  "max_steps": 1000,
  "energy_kcal_mol": 171953.749306,
  "energy_per_atom": 9552.986073,
  "rms_force": 209289.384599,
  "max_force": 209289.384599,
  "alpha_final": 0.000005,
  "dt_final": 0.100000,
  "converged": false,
  "classification": "timeout",
  "wall_time_ms": 2.386700,
  "timestamp": "2026-03-28T12:53:54",
  "xyz_file": "benchmark_100\medium\structures\C6H12_s182.xyz"
}
