{
  "formula": "C6H10O",
  "seed": 412,
  "tier": "medium",
  "num_atoms": 17,
  "steps_taken": 1000,
  "max_steps": 1000,
  "energy_kcal_mol": 137685.107640,
  "energy_per_atom": 8099.123979,
  "rms_force": 150953.687041,
  "max_force": 150953.687041,
  "alpha_final": 0.000005,
  "dt_final": 0.100000,
  "converged": false,
  "classification": "timeout",
  "wall_time_ms": 2.176700,
  "timestamp": "2026-03-28T12:52:26",
  "xyz_file": "benchmark_100\medium\structures\C6H10O_s412.xyz"
}
