{
  "formula": "C6H12",
  "seed": 622,
  "tier": "medium",
  "num_atoms": 18,
  "steps_taken": 1000,
  "max_steps": 1000,
  "energy_kcal_mol": 591932.577271,
  "energy_per_atom": 32885.143182,
  "rms_force": 1189295.321996,
  "max_force": 1189295.321996,
  "alpha_final": 0.000005,
  "dt_final": 0.100000,
  "converged": false,
  "classification": "timeout",
  "wall_time_ms": 2.306100,
  "timestamp": "2026-03-28T12:53:48",
  "xyz_file": "benchmark_100\medium\structures\C6H12_s622.xyz"
}
