{
  "formula": "C6H12O6",
  "seed": 930,
  "tier": "medium",
  "num_atoms": 24,
  "steps_taken": 1000,
  "max_steps": 1000,
  "energy_kcal_mol": 409169.503793,
  "energy_per_atom": 17048.729325,
  "rms_force": 281872.232864,
  "max_force": 281872.232864,
  "alpha_final": 0.000005,
  "dt_final": 0.100000,
  "converged": false,
  "classification": "timeout",
  "wall_time_ms": 4.317400,
  "timestamp": "2026-03-28T12:55:51",
  "xyz_file": "benchmark_100\medium\structures\C6H12O6_s930.xyz"
}
