{
  "formula": "C6H12O6",
  "seed": 196,
  "tier": "medium",
  "num_atoms": 24,
  "steps_taken": 1000,
  "max_steps": 1000,
  "energy_kcal_mol": 1388837.827950,
  "energy_per_atom": 57868.242831,
  "rms_force": 1729538.273408,
  "max_force": 1729538.273408,
  "alpha_final": 0.000005,
  "dt_final": 0.100000,
  "converged": false,
  "classification": "timeout",
  "wall_time_ms": 4.162700,
  "timestamp": "2026-03-28T12:52:26",
  "xyz_file": "benchmark_100\medium\structures\C6H12O6_s196.xyz"
}
