{
  "formula": "C6H12O6",
  "seed": 356,
  "tier": "medium",
  "num_atoms": 24,
  "steps_taken": 1000,
  "max_steps": 1000,
  "energy_kcal_mol": 489100.249944,
  "energy_per_atom": 20379.177081,
  "rms_force": 412202.378851,
  "max_force": 412202.378851,
  "alpha_final": 0.000005,
  "dt_final": 0.100000,
  "converged": false,
  "classification": "timeout",
  "wall_time_ms": 3.901400,
  "timestamp": "2026-03-28T12:55:56",
  "xyz_file": "benchmark_100\medium\structures\C6H12O6_s356.xyz"
}
