{
  "formula": "C6H10O",
  "seed": 462,
  "tier": "medium",
  "num_atoms": 17,
  "steps_taken": 1000,
  "max_steps": 1000,
  "energy_kcal_mol": 116822.858325,
  "energy_per_atom": 6871.932843,
  "rms_force": 124724.944569,
  "max_force": 124724.944569,
  "alpha_final": 0.000005,
  "dt_final": 0.100000,
  "converged": false,
  "classification": "timeout",
  "wall_time_ms": 2.433000,
  "timestamp": "2026-03-28T12:54:36",
  "xyz_file": "benchmark_100\medium\structures\C6H10O_s462.xyz"
}
