{
  "formula": "C6H12",
  "seed": 552,
  "tier": "medium",
  "num_atoms": 18,
  "steps_taken": 1000,
  "max_steps": 1000,
  "energy_kcal_mol": 115927.483206,
  "energy_per_atom": 6440.415734,
  "rms_force": 111350.165064,
  "max_force": 111350.165064,
  "alpha_final": 0.000005,
  "dt_final": 0.100000,
  "converged": false,
  "classification": "timeout",
  "wall_time_ms": 2.538100,
  "timestamp": "2026-03-28T12:52:33",
  "xyz_file": "benchmark_100\medium\structures\C6H12_s552.xyz"
}
