{
  "formula": "C6H5OH",
  "seed": 202,
  "tier": "medium",
  "num_atoms": 13,
  "steps_taken": 1000,
  "max_steps": 1000,
  "energy_kcal_mol": 181600.902824,
  "energy_per_atom": 13969.300217,
  "rms_force": 278653.050912,
  "max_force": 278653.050912,
  "alpha_final": 0.000005,
  "dt_final": 0.100000,
  "converged": false,
  "classification": "timeout",
  "wall_time_ms": 1.397300,
  "timestamp": "2026-03-28T12:55:55",
  "xyz_file": "benchmark_100\medium\structures\C6H5OH_s202.xyz"
}
