{
  "formula": "C6H5CH3",
  "seed": 734,
  "tier": "medium",
  "num_atoms": 15,
  "steps_taken": 1000,
  "max_steps": 1000,
  "energy_kcal_mol": 244780.595380,
  "energy_per_atom": 16318.706359,
  "rms_force": 547898.002364,
  "max_force": 547898.002364,
  "alpha_final": 0.000005,
  "dt_final": 0.100000,
  "converged": false,
  "classification": "timeout",
  "wall_time_ms": 2.027100,
  "timestamp": "2026-03-28T12:54:16",
  "xyz_file": "benchmark_100\medium\structures\C6H5CH3_s734.xyz"
}
