{
  "formula": "C6H5OH",
  "seed": 126,
  "tier": "medium",
  "num_atoms": 13,
  "steps_taken": 1000,
  "max_steps": 1000,
  "energy_kcal_mol": 251255.659344,
  "energy_per_atom": 19327.358411,
  "rms_force": 796718.562789,
  "max_force": 796718.562789,
  "alpha_final": 0.000005,
  "dt_final": 0.100000,
  "converged": false,
  "classification": "timeout",
  "wall_time_ms": 1.642300,
  "timestamp": "2026-03-28T12:52:26",
  "xyz_file": "benchmark_100\medium\structures\C6H5OH_s126.xyz"
}
