{
  "formula": "C6H5OH",
  "seed": 1196,
  "tier": "medium",
  "num_atoms": 13,
  "steps_taken": 1000,
  "max_steps": 1000,
  "energy_kcal_mol": 125341.638883,
  "energy_per_atom": 9641.664529,
  "rms_force": 200730.091360,
  "max_force": 200730.091360,
  "alpha_final": 0.000005,
  "dt_final": 0.100000,
  "converged": false,
  "classification": "timeout",
  "wall_time_ms": 1.350900,
  "timestamp": "2026-03-28T12:53:49",
  "xyz_file": "benchmark_100\medium\structures\C6H5OH_s1196.xyz"
}
