{
  "formula": "C6H5CH3",
  "seed": 286,
  "tier": "medium",
  "num_atoms": 15,
  "steps_taken": 1000,
  "max_steps": 1000,
  "energy_kcal_mol": 77841.253744,
  "energy_per_atom": 5189.416916,
  "rms_force": 106483.192304,
  "max_force": 106483.192304,
  "alpha_final": 0.000005,
  "dt_final": 0.100000,
  "converged": false,
  "classification": "timeout",
  "wall_time_ms": 2.087300,
  "timestamp": "2026-03-28T12:53:54",
  "xyz_file": "benchmark_100\medium\structures\C6H5CH3_s286.xyz"
}
