{
  "formula": "C6H5NH2",
  "seed": 1120,
  "tier": "medium",
  "num_atoms": 14,
  "steps_taken": 1000,
  "max_steps": 1000,
  "energy_kcal_mol": 91385.583988,
  "energy_per_atom": 6527.541713,
  "rms_force": 111477.077022,
  "max_force": 111477.077022,
  "alpha_final": 0.000005,
  "dt_final": 0.100000,
  "converged": false,
  "classification": "timeout",
  "wall_time_ms": 1.635700,
  "timestamp": "2026-03-28T12:53:49",
  "xyz_file": "benchmark_100\medium\structures\C6H5NH2_s1120.xyz"
}
