{
  "formula": "C6H5NH2",
  "seed": 468,
  "tier": "medium",
  "num_atoms": 14,
  "steps_taken": 1000,
  "max_steps": 1000,
  "energy_kcal_mol": 86791.996180,
  "energy_per_atom": 6199.428299,
  "rms_force": 135909.069916,
  "max_force": 135909.069916,
  "alpha_final": 0.000005,
  "dt_final": 0.100000,
  "converged": false,
  "classification": "timeout",
  "wall_time_ms": 1.691100,
  "timestamp": "2026-03-28T12:52:54",
  "xyz_file": "benchmark_100\medium\structures\C6H5NH2_s468.xyz"
}
