{
  "formula": "C6H5NH2",
  "seed": 280,
  "tier": "medium",
  "num_atoms": 14,
  "steps_taken": 1000,
  "max_steps": 1000,
  "energy_kcal_mol": 90052.036558,
  "energy_per_atom": 6432.288326,
  "rms_force": 191199.787532,
  "max_force": 191199.787532,
  "alpha_final": 0.000005,
  "dt_final": 0.100000,
  "converged": false,
  "classification": "timeout",
  "wall_time_ms": 1.646900,
  "timestamp": "2026-03-28T12:55:37",
  "xyz_file": "benchmark_100\medium\structures\C6H5NH2_s280.xyz"
}
