{
  "formula": "C6H5OH",
  "seed": 1176,
  "tier": "medium",
  "num_atoms": 13,
  "steps_taken": 1000,
  "max_steps": 1000,
  "energy_kcal_mol": 67316.422041,
  "energy_per_atom": 5178.186311,
  "rms_force": 107998.493797,
  "max_force": 107998.493797,
  "alpha_final": 0.000005,
  "dt_final": 0.100000,
  "converged": false,
  "classification": "timeout",
  "wall_time_ms": 1.415200,
  "timestamp": "2026-03-28T12:53:49",
  "xyz_file": "benchmark_100\medium\structures\C6H5OH_s1176.xyz"
}
