{
  "formula": "C6H5Cl",
  "seed": 160,
  "tier": "medium",
  "num_atoms": 12,
  "steps_taken": 1000,
  "max_steps": 1000,
  "energy_kcal_mol": 165363.594832,
  "energy_per_atom": 13780.299569,
  "rms_force": 367929.988865,
  "max_force": 367929.988865,
  "alpha_final": 0.000005,
  "dt_final": 0.100000,
  "converged": false,
  "classification": "timeout",
  "wall_time_ms": 1.423300,
  "timestamp": "2026-03-28T12:54:48",
  "xyz_file": "benchmark_100\medium\structures\C6H5Cl_s160.xyz"
}
