{
  "formula": "C6H5CH3",
  "seed": 692,
  "tier": "medium",
  "num_atoms": 15,
  "steps_taken": 1000,
  "max_steps": 1000,
  "energy_kcal_mol": 152314.441938,
  "energy_per_atom": 10154.296129,
  "rms_force": 218856.428256,
  "max_force": 218856.428256,
  "alpha_final": 0.000005,
  "dt_final": 0.100000,
  "converged": false,
  "classification": "timeout",
  "wall_time_ms": 1.881800,
  "timestamp": "2026-03-28T12:53:26",
  "xyz_file": "benchmark_100\medium\structures\C6H5CH3_s692.xyz"
}
