{
  "formula": "C6H5NH2",
  "seed": 1140,
  "tier": "medium",
  "num_atoms": 14,
  "steps_taken": 1000,
  "max_steps": 1000,
  "energy_kcal_mol": 26670.690761,
  "energy_per_atom": 1905.049340,
  "rms_force": 27009.704787,
  "max_force": 27009.704787,
  "alpha_final": 0.000005,
  "dt_final": 0.100000,
  "converged": false,
  "classification": "timeout",
  "wall_time_ms": 1.839800,
  "timestamp": "2026-03-28T12:53:49",
  "xyz_file": "benchmark_100\medium\structures\C6H5NH2_s1140.xyz"
}
