{
  "formula": "C6H5NH2",
  "seed": 972,
  "tier": "medium",
  "num_atoms": 14,
  "steps_taken": 1000,
  "max_steps": 1000,
  "energy_kcal_mol": 226127.224175,
  "energy_per_atom": 16151.944584,
  "rms_force": 680460.407722,
  "max_force": 680460.407722,
  "alpha_final": 0.000005,
  "dt_final": 0.100000,
  "converged": false,
  "classification": "timeout",
  "wall_time_ms": 2.049300,
  "timestamp": "2026-03-28T12:55:25",
  "xyz_file": "benchmark_100\medium\structures\C6H5NH2_s972.xyz"
}
