{
  "formula": "C6H5NH2",
  "seed": 434,
  "tier": "medium",
  "num_atoms": 14,
  "steps_taken": 1000,
  "max_steps": 1000,
  "energy_kcal_mol": 85812.997368,
  "energy_per_atom": 6129.499812,
  "rms_force": 133684.304963,
  "max_force": 133684.304963,
  "alpha_final": 0.000005,
  "dt_final": 0.100000,
  "converged": false,
  "classification": "timeout",
  "wall_time_ms": 1.775900,
  "timestamp": "2026-03-28T12:52:38",
  "xyz_file": "benchmark_100\medium\structures\C6H5NH2_s434.xyz"
}
