{
  "formula": "C6H5OH",
  "seed": 566,
  "tier": "medium",
  "num_atoms": 13,
  "steps_taken": 1000,
  "max_steps": 1000,
  "energy_kcal_mol": 141847.723515,
  "energy_per_atom": 10911.363347,
  "rms_force": 434262.066520,
  "max_force": 434262.066520,
  "alpha_final": 0.000005,
  "dt_final": 0.100000,
  "converged": false,
  "classification": "timeout",
  "wall_time_ms": 1.334100,
  "timestamp": "2026-03-28T12:54:01",
  "xyz_file": "benchmark_100\medium\structures\C6H5OH_s566.xyz"
}
