{
  "formula": "C6H5CH3",
  "seed": 826,
  "tier": "medium",
  "num_atoms": 15,
  "steps_taken": 1000,
  "max_steps": 1000,
  "energy_kcal_mol": 146776.390561,
  "energy_per_atom": 9785.092704,
  "rms_force": 199576.289191,
  "max_force": 199576.289191,
  "alpha_final": 0.000005,
  "dt_final": 0.100000,
  "converged": false,
  "classification": "timeout",
  "wall_time_ms": 2.063900,
  "timestamp": "2026-03-28T12:53:39",
  "xyz_file": "benchmark_100\medium\structures\C6H5CH3_s826.xyz"
}
