{
  "formula": "C6H5CH3",
  "seed": 524,
  "tier": "medium",
  "num_atoms": 15,
  "steps_taken": 1000,
  "max_steps": 1000,
  "energy_kcal_mol": 117511.317776,
  "energy_per_atom": 7834.087852,
  "rms_force": 125556.461400,
  "max_force": 125556.461400,
  "alpha_final": 0.000005,
  "dt_final": 0.100000,
  "converged": false,
  "classification": "timeout",
  "wall_time_ms": 1.923900,
  "timestamp": "2026-03-28T12:55:24",
  "xyz_file": "benchmark_100\medium\structures\C6H5CH3_s524.xyz"
}
