{
  "formula": "C6H5CH3",
  "seed": 266,
  "tier": "medium",
  "num_atoms": 15,
  "steps_taken": 1000,
  "max_steps": 1000,
  "energy_kcal_mol": 87566.342394,
  "energy_per_atom": 5837.756160,
  "rms_force": 136509.529059,
  "max_force": 136509.529059,
  "alpha_final": 0.000005,
  "dt_final": 0.100000,
  "converged": false,
  "classification": "timeout",
  "wall_time_ms": 2.051000,
  "timestamp": "2026-03-28T12:53:54",
  "xyz_file": "benchmark_100\medium\structures\C6H5CH3_s266.xyz"
}
