{
  "formula": "C6H5CH3",
  "seed": 434,
  "tier": "medium",
  "num_atoms": 15,
  "steps_taken": 1000,
  "max_steps": 1000,
  "energy_kcal_mol": 124552.390675,
  "energy_per_atom": 8303.492712,
  "rms_force": 186373.340074,
  "max_force": 186373.340074,
  "alpha_final": 0.000005,
  "dt_final": 0.100000,
  "converged": false,
  "classification": "timeout",
  "wall_time_ms": 1.879000,
  "timestamp": "2026-03-28T12:55:48",
  "xyz_file": "benchmark_100\medium\structures\C6H5CH3_s434.xyz"
}
