{
  "formula": "C6H5CH3",
  "seed": 202,
  "tier": "medium",
  "num_atoms": 15,
  "steps_taken": 1000,
  "max_steps": 1000,
  "energy_kcal_mol": 149322.365439,
  "energy_per_atom": 9954.824363,
  "rms_force": 186714.206122,
  "max_force": 186714.206122,
  "alpha_final": 0.000005,
  "dt_final": 0.100000,
  "converged": false,
  "classification": "timeout",
  "wall_time_ms": 1.680000,
  "timestamp": "2026-03-28T12:54:40",
  "xyz_file": "benchmark_100\medium\structures\C6H5CH3_s202.xyz"
}
