{
  "formula": "C6H5OH",
  "seed": 434,
  "tier": "medium",
  "num_atoms": 13,
  "steps_taken": 1000,
  "max_steps": 1000,
  "energy_kcal_mol": 299750.795031,
  "energy_per_atom": 23057.753464,
  "rms_force": 766311.296992,
  "max_force": 766311.296992,
  "alpha_final": 0.000005,
  "dt_final": 0.100000,
  "converged": false,
  "classification": "timeout",
  "wall_time_ms": 1.526800,
  "timestamp": "2026-03-28T12:55:45",
  "xyz_file": "benchmark_100\medium\structures\C6H5OH_s434.xyz"
}
