{
  "formula": "C6H5NH2",
  "seed": 1204,
  "tier": "medium",
  "num_atoms": 14,
  "steps_taken": 1000,
  "max_steps": 1000,
  "energy_kcal_mol": 222831.488493,
  "energy_per_atom": 15916.534892,
  "rms_force": 640335.133970,
  "max_force": 640335.133970,
  "alpha_final": 0.000005,
  "dt_final": 0.100000,
  "converged": false,
  "classification": "timeout",
  "wall_time_ms": 1.709800,
  "timestamp": "2026-03-28T12:55:46",
  "xyz_file": "benchmark_100\medium\structures\C6H5NH2_s1204.xyz"
}
