{
  "formula": "C6H5CH3",
  "seed": 868,
  "tier": "medium",
  "num_atoms": 15,
  "steps_taken": 1000,
  "max_steps": 1000,
  "energy_kcal_mol": 127048.956832,
  "energy_per_atom": 8469.930455,
  "rms_force": 188137.313562,
  "max_force": 188137.313562,
  "alpha_final": 0.000005,
  "dt_final": 0.100000,
  "converged": false,
  "classification": "timeout",
  "wall_time_ms": 1.823700,
  "timestamp": "2026-03-28T12:54:04",
  "xyz_file": "benchmark_100\medium\structures\C6H5CH3_s868.xyz"
}
