{
  "formula": "C6H5CH3",
  "seed": 846,
  "tier": "medium",
  "num_atoms": 15,
  "steps_taken": 1000,
  "max_steps": 1000,
  "energy_kcal_mol": 157083.303913,
  "energy_per_atom": 10472.220261,
  "rms_force": 442784.637286,
  "max_force": 442784.637286,
  "alpha_final": 0.000005,
  "dt_final": 0.100000,
  "converged": false,
  "classification": "timeout",
  "wall_time_ms": 1.858500,
  "timestamp": "2026-03-28T12:53:39",
  "xyz_file": "benchmark_100\medium\structures\C6H5CH3_s846.xyz"
}
