{
  "formula": "C6H5NH2",
  "seed": 154,
  "tier": "medium",
  "num_atoms": 14,
  "steps_taken": 1000,
  "max_steps": 1000,
  "energy_kcal_mol": 101488.546906,
  "energy_per_atom": 7249.181922,
  "rms_force": 144830.937145,
  "max_force": 144830.937145,
  "alpha_final": 0.000005,
  "dt_final": 0.100000,
  "converged": false,
  "classification": "timeout",
  "wall_time_ms": 1.769300,
  "timestamp": "2026-03-28T12:56:26",
  "xyz_file": "benchmark_100\medium\structures\C6H5NH2_s154.xyz"
}
