{
  "formula": "C6H5NH2",
  "seed": 952,
  "tier": "medium",
  "num_atoms": 14,
  "steps_taken": 1000,
  "max_steps": 1000,
  "energy_kcal_mol": 98216.478582,
  "energy_per_atom": 7015.462756,
  "rms_force": 157480.269575,
  "max_force": 157480.269575,
  "alpha_final": 0.000005,
  "dt_final": 0.100000,
  "converged": false,
  "classification": "timeout",
  "wall_time_ms": 1.879600,
  "timestamp": "2026-03-28T12:55:25",
  "xyz_file": "benchmark_100\medium\structures\C6H5NH2_s952.xyz"
}
