{
  "formula": "C6H5CH3",
  "seed": 182,
  "tier": "medium",
  "num_atoms": 15,
  "steps_taken": 1000,
  "max_steps": 1000,
  "energy_kcal_mol": 95255.559434,
  "energy_per_atom": 6350.370629,
  "rms_force": 125259.544732,
  "max_force": 125259.544732,
  "alpha_final": 0.000005,
  "dt_final": 0.100000,
  "converged": false,
  "classification": "timeout",
  "wall_time_ms": 1.684300,
  "timestamp": "2026-03-28T12:54:40",
  "xyz_file": "benchmark_100\medium\structures\C6H5CH3_s182.xyz"
}
