{
  "formula": "C6H5OH",
  "seed": 104,
  "tier": "medium",
  "num_atoms": 13,
  "steps_taken": 1000,
  "max_steps": 1000,
  "energy_kcal_mol": 145119.642452,
  "energy_per_atom": 11163.049419,
  "rms_force": 244218.364163,
  "max_force": 244218.364163,
  "alpha_final": 0.000005,
  "dt_final": 0.100000,
  "converged": false,
  "classification": "timeout",
  "wall_time_ms": 1.566300,
  "timestamp": "2026-03-28T12:52:56",
  "xyz_file": "benchmark_100\medium\structures\C6H5OH_s104.xyz"
}
