{
  "formula": "C6H5CH3",
  "seed": 672,
  "tier": "medium",
  "num_atoms": 15,
  "steps_taken": 1000,
  "max_steps": 1000,
  "energy_kcal_mol": 138133.313186,
  "energy_per_atom": 9208.887546,
  "rms_force": 295926.904317,
  "max_force": 295926.904317,
  "alpha_final": 0.000005,
  "dt_final": 0.100000,
  "converged": false,
  "classification": "timeout",
  "wall_time_ms": 1.986300,
  "timestamp": "2026-03-28T12:53:26",
  "xyz_file": "benchmark_100\medium\structures\C6H5CH3_s672.xyz"
}
