{
  "formula": "C6H5NH2",
  "seed": 328,
  "tier": "medium",
  "num_atoms": 14,
  "steps_taken": 1000,
  "max_steps": 1000,
  "energy_kcal_mol": 125204.600498,
  "energy_per_atom": 8943.185750,
  "rms_force": 222049.001433,
  "max_force": 222049.001433,
  "alpha_final": 0.000005,
  "dt_final": 0.100000,
  "converged": false,
  "classification": "timeout",
  "wall_time_ms": 1.508200,
  "timestamp": "2026-03-28T12:54:01",
  "xyz_file": "benchmark_100\medium\structures\C6H5NH2_s328.xyz"
}
