{
  "formula": "C8H18",
  "seed": 944,
  "tier": "medium",
  "num_atoms": 26,
  "steps_taken": 1000,
  "max_steps": 1000,
  "energy_kcal_mol": 634437.231916,
  "energy_per_atom": 24401.431997,
  "rms_force": 373225.383674,
  "max_force": 373225.383674,
  "alpha_final": 0.000005,
  "dt_final": 0.100000,
  "converged": false,
  "classification": "timeout",
  "wall_time_ms": 4.641300,
  "timestamp": "2026-03-28T12:52:38",
  "xyz_file": "benchmark_100\medium\structures\C8H18_s944.xyz"
}
