{
  "formula": "C8H18",
  "seed": 294,
  "tier": "medium",
  "num_atoms": 26,
  "steps_taken": 1000,
  "max_steps": 1000,
  "energy_kcal_mol": 1406090.490828,
  "energy_per_atom": 54080.403493,
  "rms_force": 1621621.386717,
  "max_force": 1621621.386717,
  "alpha_final": 0.000005,
  "dt_final": 0.100000,
  "converged": false,
  "classification": "timeout",
  "wall_time_ms": 4.550800,
  "timestamp": "2026-03-28T12:55:58",
  "xyz_file": "benchmark_100\medium\structures\C8H18_s294.xyz"
}
