{
  "formula": "C8H18",
  "seed": 644,
  "tier": "medium",
  "num_atoms": 26,
  "steps_taken": 1000,
  "max_steps": 1000,
  "energy_kcal_mol": 891277.244149,
  "energy_per_atom": 34279.894006,
  "rms_force": 746306.981514,
  "max_force": 746306.981514,
  "alpha_final": 0.000005,
  "dt_final": 0.100000,
  "converged": false,
  "classification": "timeout",
  "wall_time_ms": 4.502400,
  "timestamp": "2026-03-28T12:53:48",
  "xyz_file": "benchmark_100\medium\structures\C8H18_s644.xyz"
}
