{
  "formula": "C8H18",
  "seed": 314,
  "tier": "medium",
  "num_atoms": 26,
  "steps_taken": 1000,
  "max_steps": 1000,
  "energy_kcal_mol": 960153.696819,
  "energy_per_atom": 36928.988339,
  "rms_force": 678593.162670,
  "max_force": 678593.162670,
  "alpha_final": 0.000005,
  "dt_final": 0.100000,
  "converged": false,
  "classification": "timeout",
  "wall_time_ms": 4.262700,
  "timestamp": "2026-03-28T12:55:58",
  "xyz_file": "benchmark_100\medium\structures\C8H18_s314.xyz"
}
