{
  "formula": "C8H18",
  "seed": 476,
  "tier": "medium",
  "num_atoms": 26,
  "steps_taken": 1000,
  "max_steps": 1000,
  "energy_kcal_mol": 3543701.451963,
  "energy_per_atom": 136296.209691,
  "rms_force": 4968951.447540,
  "max_force": 4968951.447540,
  "alpha_final": 0.000005,
  "dt_final": 0.100000,
  "converged": false,
  "classification": "timeout",
  "wall_time_ms": 4.402600,
  "timestamp": "2026-03-28T12:54:01",
  "xyz_file": "benchmark_100\medium\structures\C8H18_s476.xyz"
}
