{
  "formula": "C8H18",
  "seed": 412,
  "tier": "medium",
  "num_atoms": 26,
  "steps_taken": 1000,
  "max_steps": 1000,
  "energy_kcal_mol": 1592356.036965,
  "energy_per_atom": 61244.462960,
  "rms_force": 2207800.992527,
  "max_force": 2207800.992527,
  "alpha_final": 0.000005,
  "dt_final": 0.100000,
  "converged": false,
  "classification": "timeout",
  "wall_time_ms": 4.445600,
  "timestamp": "2026-03-28T12:54:40",
  "xyz_file": "benchmark_100\medium\structures\C8H18_s412.xyz"
}
