{
  "formula": "C8H18",
  "seed": 230,
  "tier": "medium",
  "num_atoms": 26,
  "steps_taken": 1000,
  "max_steps": 1000,
  "energy_kcal_mol": 1137326.447014,
  "energy_per_atom": 43743.324885,
  "rms_force": 1227633.620390,
  "max_force": 1227633.620390,
  "alpha_final": 0.000005,
  "dt_final": 0.100000,
  "converged": false,
  "classification": "timeout",
  "wall_time_ms": 4.816400,
  "timestamp": "2026-03-28T12:55:32",
  "xyz_file": "benchmark_100\medium\structures\C8H18_s230.xyz"
}
