{
  "formula": "C8H18",
  "seed": 924,
  "tier": "medium",
  "num_atoms": 26,
  "steps_taken": 1000,
  "max_steps": 1000,
  "energy_kcal_mol": 608816.545689,
  "energy_per_atom": 23416.020988,
  "rms_force": 352511.860581,
  "max_force": 352511.860581,
  "alpha_final": 0.000005,
  "dt_final": 0.100000,
  "converged": false,
  "classification": "timeout",
  "wall_time_ms": 4.607500,
  "timestamp": "2026-03-28T12:52:38",
  "xyz_file": "benchmark_100\medium\structures\C8H18_s924.xyz"
}
