{
  "formula": "C8H18",
  "seed": 76,
  "tier": "medium",
  "num_atoms": 26,
  "steps_taken": 1000,
  "max_steps": 1000,
  "energy_kcal_mol": 1187609.959924,
  "energy_per_atom": 45677.306151,
  "rms_force": 1219825.239865,
  "max_force": 1219825.239865,
  "alpha_final": 0.000005,
  "dt_final": 0.100000,
  "converged": false,
  "classification": "timeout",
  "wall_time_ms": 4.880100,
  "timestamp": "2026-03-28T12:54:06",
  "xyz_file": "benchmark_100\medium\structures\C8H18_s76.xyz"
}
