{
  "formula": "C8H18",
  "seed": 496,
  "tier": "medium",
  "num_atoms": 26,
  "steps_taken": 1000,
  "max_steps": 1000,
  "energy_kcal_mol": 1863467.201031,
  "energy_per_atom": 71671.815424,
  "rms_force": 1622100.985844,
  "max_force": 1622100.985844,
  "alpha_final": 0.000005,
  "dt_final": 0.100000,
  "converged": false,
  "classification": "timeout",
  "wall_time_ms": 4.357400,
  "timestamp": "2026-03-28T12:54:01",
  "xyz_file": "benchmark_100\medium\structures\C8H18_s496.xyz"
}
