{
  "formula": "C8H18",
  "seed": 392,
  "tier": "medium",
  "num_atoms": 26,
  "steps_taken": 1000,
  "max_steps": 1000,
  "energy_kcal_mol": 1401678.177123,
  "energy_per_atom": 53910.699120,
  "rms_force": 1643610.485714,
  "max_force": 1643610.485714,
  "alpha_final": 0.000005,
  "dt_final": 0.100000,
  "converged": false,
  "classification": "timeout",
  "wall_time_ms": 4.585600,
  "timestamp": "2026-03-28T12:54:40",
  "xyz_file": "benchmark_100\medium\structures\C8H18_s392.xyz"
}
