{
  "formula": "C8H18",
  "seed": 210,
  "tier": "medium",
  "num_atoms": 26,
  "steps_taken": 1000,
  "max_steps": 1000,
  "energy_kcal_mol": 1520203.601947,
  "energy_per_atom": 58469.369306,
  "rms_force": 1533865.622106,
  "max_force": 1533865.622106,
  "alpha_final": 0.000005,
  "dt_final": 0.100000,
  "converged": false,
  "classification": "timeout",
  "wall_time_ms": 4.954600,
  "timestamp": "2026-03-28T12:55:32",
  "xyz_file": "benchmark_100\medium\structures\C8H18_s210.xyz"
}
