{
  "formula": "C8H18",
  "seed": 56,
  "tier": "medium",
  "num_atoms": 26,
  "steps_taken": 1000,
  "max_steps": 1000,
  "energy_kcal_mol": 2524246.387784,
  "energy_per_atom": 97086.399530,
  "rms_force": 3051967.026202,
  "max_force": 3051967.026202,
  "alpha_final": 0.000005,
  "dt_final": 0.100000,
  "converged": false,
  "classification": "timeout",
  "wall_time_ms": 3.954000,
  "timestamp": "2026-03-28T12:54:06",
  "xyz_file": "benchmark_100\medium\structures\C8H18_s56.xyz"
}
