{
  "formula": "Ca3Al2O6",
  "seed": 286,
  "tier": "medium",
  "num_atoms": 11,
  "steps_taken": 1000,
  "max_steps": 1000,
  "energy_kcal_mol": 228808.735724,
  "energy_per_atom": 20800.794157,
  "rms_force": 624522.753008,
  "max_force": 624522.753008,
  "alpha_final": 0.000005,
  "dt_final": 0.100000,
  "converged": false,
  "classification": "timeout",
  "wall_time_ms": 1.364200,
  "timestamp": "2026-03-28T12:55:48",
  "xyz_file": "benchmark_100\medium\structures\Ca3Al2O6_s286.xyz"
}
