{
  "formula": "Ca3Al2O6",
  "seed": 636,
  "tier": "medium",
  "num_atoms": 11,
  "steps_taken": 1000,
  "max_steps": 1000,
  "energy_kcal_mol": 101008.572325,
  "energy_per_atom": 9182.597484,
  "rms_force": 241145.184025,
  "max_force": 241145.184025,
  "alpha_final": 0.000005,
  "dt_final": 0.100000,
  "converged": false,
  "classification": "timeout",
  "wall_time_ms": 1.244600,
  "timestamp": "2026-03-28T12:54:36",
  "xyz_file": "benchmark_100\medium\structures\Ca3Al2O6_s636.xyz"
}
