{
  "formula": "CH3CH2COCH3",
  "seed": 818,
  "tier": "medium",
  "num_atoms": 13,
  "steps_taken": 1000,
  "max_steps": 1000,
  "energy_kcal_mol": 740793.900429,
  "energy_per_atom": 56984.146187,
  "rms_force": 3301387.862608,
  "max_force": 3301387.862608,
  "alpha_final": 0.000005,
  "dt_final": 0.100000,
  "converged": false,
  "classification": "timeout",
  "wall_time_ms": 1.453500,
  "timestamp": "2026-03-28T12:55:33",
  "xyz_file": "benchmark_100\medium\structures\CH3CH2COCH3_s818.xyz"
}
