{
  "formula": "P4O10",
  "seed": 42,
  "tier": "medium",
  "num_atoms": 14,
  "steps_taken": 1000,
  "max_steps": 1000,
  "energy_kcal_mol": 233018.959800,
  "energy_per_atom": 16644.211414,
  "rms_force": 291601.426644,
  "max_force": 291601.426644,
  "alpha_final": 0.000005,
  "dt_final": 0.100000,
  "converged": false,
  "classification": "timeout",
  "wall_time_ms": 1.387700,
  "timestamp": "2026-03-28T12:54:40",
  "xyz_file": "benchmark_100\medium\structures\P4O10_s42.xyz"
}
