{
  "formula": "P4O10",
  "seed": 594,
  "tier": "medium",
  "num_atoms": 14,
  "steps_taken": 1000,
  "max_steps": 1000,
  "energy_kcal_mol": 426566.004172,
  "energy_per_atom": 30469.000298,
  "rms_force": 830724.539998,
  "max_force": 830724.539998,
  "alpha_final": 0.000005,
  "dt_final": 0.100000,
  "converged": false,
  "classification": "timeout",
  "wall_time_ms": 1.601200,
  "timestamp": "2026-03-28T12:53:02",
  "xyz_file": "benchmark_100\medium\structures\P4O10_s594.xyz"
}
