{
  "formula": "P4O10",
  "seed": 538,
  "tier": "medium",
  "num_atoms": 14,
  "steps_taken": 1000,
  "max_steps": 1000,
  "energy_kcal_mol": 146930.473932,
  "energy_per_atom": 10495.033852,
  "rms_force": 158147.643677,
  "max_force": 158147.643677,
  "alpha_final": 0.000005,
  "dt_final": 0.100000,
  "converged": false,
  "classification": "timeout",
  "wall_time_ms": 1.746200,
  "timestamp": "2026-03-28T12:54:48",
  "xyz_file": "benchmark_100\medium\structures\P4O10_s538.xyz"
}
