{
  "formula": "P4O10",
  "seed": 294,
  "tier": "medium",
  "num_atoms": 14,
  "steps_taken": 1000,
  "max_steps": 1000,
  "energy_kcal_mol": 420449.038715,
  "energy_per_atom": 30032.074194,
  "rms_force": 879914.390371,
  "max_force": 879914.390371,
  "alpha_final": 0.000005,
  "dt_final": 0.100000,
  "converged": false,
  "classification": "timeout",
  "wall_time_ms": 1.503600,
  "timestamp": "2026-03-28T12:54:16",
  "xyz_file": "benchmark_100\medium\structures\P4O10_s294.xyz"
}
