{
  "formula": "P4O10",
  "seed": 468,
  "tier": "medium",
  "num_atoms": 14,
  "steps_taken": 1000,
  "max_steps": 1000,
  "energy_kcal_mol": 491021.241129,
  "energy_per_atom": 35072.945795,
  "rms_force": 862369.888337,
  "max_force": 862369.888337,
  "alpha_final": 0.000005,
  "dt_final": 0.100000,
  "converged": false,
  "classification": "timeout",
  "wall_time_ms": 1.605100,
  "timestamp": "2026-03-28T12:55:32",
  "xyz_file": "benchmark_100\medium\structures\P4O10_s468.xyz"
}
