{
  "formula": "P4O10",
  "seed": 314,
  "tier": "medium",
  "num_atoms": 14,
  "steps_taken": 1000,
  "max_steps": 1000,
  "energy_kcal_mol": 196931.491443,
  "energy_per_atom": 14066.535103,
  "rms_force": 249054.350653,
  "max_force": 249054.350653,
  "alpha_final": 0.000005,
  "dt_final": 0.100000,
  "converged": false,
  "classification": "timeout",
  "wall_time_ms": 1.425900,
  "timestamp": "2026-03-28T12:54:16",
  "xyz_file": "benchmark_100\medium\structures\P4O10_s314.xyz"
}
