{
  "formula": "P4O10",
  "seed": 532,
  "tier": "medium",
  "num_atoms": 14,
  "steps_taken": 1000,
  "max_steps": 1000,
  "energy_kcal_mol": 143442.462514,
  "energy_per_atom": 10245.890180,
  "rms_force": 172106.503518,
  "max_force": 172106.503518,
  "alpha_final": 0.000005,
  "dt_final": 0.100000,
  "converged": false,
  "classification": "timeout",
  "wall_time_ms": 1.639800,
  "timestamp": "2026-03-28T12:55:48",
  "xyz_file": "benchmark_100\medium\structures\P4O10_s532.xyz"
}
