{
  "formula": "P4O10",
  "seed": 552,
  "tier": "medium",
  "num_atoms": 14,
  "steps_taken": 1000,
  "max_steps": 1000,
  "energy_kcal_mol": 141402.725563,
  "energy_per_atom": 10100.194683,
  "rms_force": 164740.523805,
  "max_force": 164740.523805,
  "alpha_final": 0.000005,
  "dt_final": 0.100000,
  "converged": false,
  "classification": "timeout",
  "wall_time_ms": 1.715100,
  "timestamp": "2026-03-28T12:55:48",
  "xyz_file": "benchmark_100\medium\structures\P4O10_s552.xyz"
}
