{
  "formula": "P4O10",
  "seed": 574,
  "tier": "medium",
  "num_atoms": 14,
  "steps_taken": 1000,
  "max_steps": 1000,
  "energy_kcal_mol": 133054.578726,
  "energy_per_atom": 9503.898480,
  "rms_force": 153734.709372,
  "max_force": 153734.709372,
  "alpha_final": 0.000005,
  "dt_final": 0.100000,
  "converged": false,
  "classification": "timeout",
  "wall_time_ms": 1.731100,
  "timestamp": "2026-03-28T12:53:02",
  "xyz_file": "benchmark_100\medium\structures\P4O10_s574.xyz"
}
