{
  "formula": "P4O10",
  "seed": 518,
  "tier": "medium",
  "num_atoms": 14,
  "steps_taken": 1000,
  "max_steps": 1000,
  "energy_kcal_mol": 189633.601810,
  "energy_per_atom": 13545.257272,
  "rms_force": 265976.311289,
  "max_force": 265976.311289,
  "alpha_final": 0.000005,
  "dt_final": 0.100000,
  "converged": false,
  "classification": "timeout",
  "wall_time_ms": 1.548300,
  "timestamp": "2026-03-28T12:54:48",
  "xyz_file": "benchmark_100\medium\structures\P4O10_s518.xyz"
}
