{
  "formula": "P4O10",
  "seed": 140,
  "tier": "medium",
  "num_atoms": 14,
  "steps_taken": 1000,
  "max_steps": 1000,
  "energy_kcal_mol": 205328.644965,
  "energy_per_atom": 14666.331783,
  "rms_force": 268917.074690,
  "max_force": 268917.074690,
  "alpha_final": 0.000005,
  "dt_final": 0.100000,
  "converged": false,
  "classification": "timeout",
  "wall_time_ms": 1.704400,
  "timestamp": "2026-03-28T12:55:24",
  "xyz_file": "benchmark_100\medium\structures\P4O10_s140.xyz"
}
