{
  "formula": "P4O10",
  "seed": 1036,
  "tier": "medium",
  "num_atoms": 14,
  "steps_taken": 1000,
  "max_steps": 1000,
  "energy_kcal_mol": 94100.431784,
  "energy_per_atom": 6721.459413,
  "rms_force": 91089.537767,
  "max_force": 91089.537767,
  "alpha_final": 0.000005,
  "dt_final": 0.100000,
  "converged": false,
  "classification": "timeout",
  "wall_time_ms": 1.825400,
  "timestamp": "2026-03-28T12:53:39",
  "xyz_file": "benchmark_100\medium\structures\P4O10_s1036.xyz"
}
