{
  "formula": "P4O10",
  "seed": 1056,
  "tier": "medium",
  "num_atoms": 14,
  "steps_taken": 1000,
  "max_steps": 1000,
  "energy_kcal_mol": 115813.453318,
  "energy_per_atom": 8272.389523,
  "rms_force": 110774.374048,
  "max_force": 110774.374048,
  "alpha_final": 0.000005,
  "dt_final": 0.100000,
  "converged": false,
  "classification": "timeout",
  "wall_time_ms": 1.769100,
  "timestamp": "2026-03-28T12:53:39",
  "xyz_file": "benchmark_100\medium\structures\P4O10_s1056.xyz"
}
