{
  "formula": "P4O10",
  "seed": 658,
  "tier": "medium",
  "num_atoms": 14,
  "steps_taken": 1000,
  "max_steps": 1000,
  "energy_kcal_mol": 194563.797624,
  "energy_per_atom": 13897.414116,
  "rms_force": 259260.318232,
  "max_force": 259260.318232,
  "alpha_final": 0.000005,
  "dt_final": 0.100000,
  "converged": false,
  "classification": "timeout",
  "wall_time_ms": 1.604300,
  "timestamp": "2026-03-28T12:53:48",
  "xyz_file": "benchmark_100\medium\structures\P4O10_s658.xyz"
}
