{
  "formula": "P4O10",
  "seed": 448,
  "tier": "medium",
  "num_atoms": 14,
  "steps_taken": 1000,
  "max_steps": 1000,
  "energy_kcal_mol": 158151.274960,
  "energy_per_atom": 11296.519640,
  "rms_force": 212907.257269,
  "max_force": 212907.257269,
  "alpha_final": 0.000005,
  "dt_final": 0.100000,
  "converged": false,
  "classification": "timeout",
  "wall_time_ms": 1.675500,
  "timestamp": "2026-03-28T12:55:32",
  "xyz_file": "benchmark_100\medium\structures\P4O10_s448.xyz"
}
