{
  "formula": "P4O10",
  "seed": 160,
  "tier": "medium",
  "num_atoms": 14,
  "steps_taken": 1000,
  "max_steps": 1000,
  "energy_kcal_mol": 1040001.258134,
  "energy_per_atom": 74285.804152,
  "rms_force": 2308316.877880,
  "max_force": 2308316.877880,
  "alpha_final": 0.000005,
  "dt_final": 0.100000,
  "converged": false,
  "classification": "timeout",
  "wall_time_ms": 1.552600,
  "timestamp": "2026-03-28T12:55:24",
  "xyz_file": "benchmark_100\medium\structures\P4O10_s160.xyz"
}
