{
  "formula": "C10H22",
  "seed": 77,
  "tier": "fast",
  "num_atoms": 32,
  "steps_taken": 50,
  "max_steps": 50,
  "energy_kcal_mol": 89725763.504279,
  "energy_per_atom": 2803930.109509,
  "rms_force": 339603424.853193,
  "max_force": 339603424.853193,
  "alpha_final": 0.063619,
  "dt_final": 0.072890,
  "converged": false,
  "classification": "timeout",
  "wall_time_ms": 0.844200,
  "timestamp": "2026-03-28T12:54:45",
  "xyz_file": "benchmark_100\fast\structures\C10H22_s77.xyz"
}
