{
  "formula": "C10H8",
  "seed": 280,
  "tier": "fast",
  "num_atoms": 18,
  "steps_taken": 50,
  "max_steps": 50,
  "energy_kcal_mol": 663346.955196,
  "energy_per_atom": 36852.608622,
  "rms_force": 1452808.889881,
  "max_force": 1452808.889881,
  "alpha_final": 0.063619,
  "dt_final": 0.072890,
  "converged": false,
  "classification": "timeout",
  "wall_time_ms": 0.431300,
  "timestamp": "2026-03-28T12:54:43",
  "xyz_file": "benchmark_100\fast\structures\C10H8_s280.xyz"
}
