{
  "formula": "C10H8",
  "seed": 140,
  "tier": "fast",
  "num_atoms": 18,
  "steps_taken": 50,
  "max_steps": 50,
  "energy_kcal_mol": 657957.278511,
  "energy_per_atom": 36553.182139,
  "rms_force": 1063587.806397,
  "max_force": 1063587.806397,
  "alpha_final": 0.063619,
  "dt_final": 0.072890,
  "converged": false,
  "classification": "timeout",
  "wall_time_ms": 0.552300,
  "timestamp": "2026-03-28T12:55:22",
  "xyz_file": "benchmark_100\fast\structures\C10H8_s140.xyz"
}
