{
  "formula": "C10H8",
  "seed": 532,
  "tier": "fast",
  "num_atoms": 18,
  "steps_taken": 50,
  "max_steps": 50,
  "energy_kcal_mol": 468327.608415,
  "energy_per_atom": 26018.200467,
  "rms_force": 932142.824563,
  "max_force": 932142.824563,
  "alpha_final": 0.063619,
  "dt_final": 0.072890,
  "converged": false,
  "classification": "timeout",
  "wall_time_ms": 0.586600,
  "timestamp": "2026-03-28T12:53:41",
  "xyz_file": "benchmark_100\fast\structures\C10H8_s532.xyz"
}
