{
  "formula": "C10H22",
  "seed": 189,
  "tier": "fast",
  "num_atoms": 32,
  "steps_taken": 50,
  "max_steps": 50,
  "energy_kcal_mol": 40394120.405988,
  "energy_per_atom": 1262316.262687,
  "rms_force": 78703325.144254,
  "max_force": 78703325.144254,
  "alpha_final": 0.063619,
  "dt_final": 0.072890,
  "converged": false,
  "classification": "timeout",
  "wall_time_ms": 0.723000,
  "timestamp": "2026-03-28T12:56:00",
  "xyz_file": "benchmark_100\fast\structures\C10H22_s189.xyz"
}
