{
  "formula": "C10H22",
  "seed": 483,
  "tier": "fast",
  "num_atoms": 32,
  "steps_taken": 50,
  "max_steps": 50,
  "energy_kcal_mol": 12336863.377965,
  "energy_per_atom": 385526.980561,
  "rms_force": 20402582.223145,
  "max_force": 20402582.223145,
  "alpha_final": 0.063619,
  "dt_final": 0.072890,
  "converged": false,
  "classification": "timeout",
  "wall_time_ms": 0.792200,
  "timestamp": "2026-03-28T12:54:21",
  "xyz_file": "benchmark_100\fast\structures\C10H22_s483.xyz"
}
