{
  "formula": "C10H22",
  "seed": 133,
  "tier": "fast",
  "num_atoms": 32,
  "steps_taken": 50,
  "max_steps": 50,
  "energy_kcal_mol": 6250334.899480,
  "energy_per_atom": 195322.965609,
  "rms_force": 5901525.713463,
  "max_force": 5901525.713463,
  "alpha_final": 0.063619,
  "dt_final": 0.072890,
  "converged": false,
  "classification": "timeout",
  "wall_time_ms": 0.988200,
  "timestamp": "2026-03-28T12:55:35",
  "xyz_file": "benchmark_100\fast\structures\C10H22_s133.xyz"
}
