{
  "formula": "C10H22",
  "seed": 378,
  "tier": "fast",
  "num_atoms": 32,
  "steps_taken": 50,
  "max_steps": 50,
  "energy_kcal_mol": 19648482.034084,
  "energy_per_atom": 614015.063565,
  "rms_force": 20041547.300786,
  "max_force": 20041547.300786,
  "alpha_final": 0.063619,
  "dt_final": 0.072890,
  "converged": false,
  "classification": "timeout",
  "wall_time_ms": 1.006500,
  "timestamp": "2026-03-28T12:55:27",
  "xyz_file": "benchmark_100\fast\structures\C10H22_s378.xyz"
}
