{
  "formula": "C10H22",
  "seed": 294,
  "tier": "fast",
  "num_atoms": 32,
  "steps_taken": 50,
  "max_steps": 50,
  "energy_kcal_mol": 22938396.412504,
  "energy_per_atom": 716824.887891,
  "rms_force": 70636941.651023,
  "max_force": 70636941.651023,
  "alpha_final": 0.063619,
  "dt_final": 0.072890,
  "converged": false,
  "classification": "timeout",
  "wall_time_ms": 1.504400,
  "timestamp": "2026-03-28T12:53:10",
  "xyz_file": "benchmark_100\fast\structures\C10H22_s294.xyz"
}
