{
  "formula": "C10H22",
  "seed": 602,
  "tier": "fast",
  "num_atoms": 32,
  "steps_taken": 50,
  "max_steps": 50,
  "energy_kcal_mol": 17436880.456812,
  "energy_per_atom": 544902.514275,
  "rms_force": 24325577.195801,
  "max_force": 24325577.195801,
  "alpha_final": 0.063619,
  "dt_final": 0.072890,
  "converged": false,
  "classification": "timeout",
  "wall_time_ms": 0.815400,
  "timestamp": "2026-03-28T12:55:04",
  "xyz_file": "benchmark_100\fast\structures\C10H22_s602.xyz"
}
