{
  "formula": "C10H8",
  "seed": 413,
  "tier": "fast",
  "num_atoms": 18,
  "steps_taken": 50,
  "max_steps": 50,
  "energy_kcal_mol": 362852.724100,
  "energy_per_atom": 20158.484672,
  "rms_force": 424598.538656,
  "max_force": 424598.538656,
  "alpha_final": 0.063619,
  "dt_final": 0.072890,
  "converged": false,
  "classification": "timeout",
  "wall_time_ms": 0.802800,
  "timestamp": "2026-03-28T12:56:24",
  "xyz_file": "benchmark_100\fast\structures\C10H8_s413.xyz"
}
