{
  "formula": "C10H8",
  "seed": 686,
  "tier": "fast",
  "num_atoms": 18,
  "steps_taken": 50,
  "max_steps": 50,
  "energy_kcal_mol": 2379265.716615,
  "energy_per_atom": 132181.428701,
  "rms_force": 7002409.876777,
  "max_force": 7002409.876777,
  "alpha_final": 0.063619,
  "dt_final": 0.072890,
  "converged": false,
  "classification": "timeout",
  "wall_time_ms": 0.695600,
  "timestamp": "2026-03-28T12:55:27",
  "xyz_file": "benchmark_100\fast\structures\C10H8_s686.xyz"
}
