{
  "formula": "C10H22",
  "seed": 259,
  "tier": "fast",
  "num_atoms": 32,
  "steps_taken": 50,
  "max_steps": 50,
  "energy_kcal_mol": 24978045.885355,
  "energy_per_atom": 780563.933917,
  "rms_force": 46315159.172219,
  "max_force": 46315159.172219,
  "alpha_final": 0.063619,
  "dt_final": 0.072890,
  "converged": false,
  "classification": "timeout",
  "wall_time_ms": 1.398800,
  "timestamp": "2026-03-28T12:54:14",
  "xyz_file": "benchmark_100\fast\structures\C10H22_s259.xyz"
}
