{
  "formula": "C10H22",
  "seed": 252,
  "tier": "fast",
  "num_atoms": 32,
  "steps_taken": 50,
  "max_steps": 50,
  "energy_kcal_mol": 14475069.313702,
  "energy_per_atom": 452345.916053,
  "rms_force": 23039294.514737,
  "max_force": 23039294.514737,
  "alpha_final": 0.063619,
  "dt_final": 0.072890,
  "converged": false,
  "classification": "timeout",
  "wall_time_ms": 0.860600,
  "timestamp": "2026-03-28T12:56:05",
  "xyz_file": "benchmark_100\fast\structures\C10H22_s252.xyz"
}
