{
  "formula": "C10H22",
  "seed": 203,
  "tier": "fast",
  "num_atoms": 32,
  "steps_taken": 50,
  "max_steps": 50,
  "energy_kcal_mol": 9968924.516128,
  "energy_per_atom": 311528.891129,
  "rms_force": 12187883.141839,
  "max_force": 12187883.141839,
  "alpha_final": 0.063619,
  "dt_final": 0.072890,
  "converged": false,
  "classification": "timeout",
  "wall_time_ms": 0.876100,
  "timestamp": "2026-03-28T12:54:55",
  "xyz_file": "benchmark_100\fast\structures\C10H22_s203.xyz"
}
