{
  "formula": "C10H8",
  "seed": 154,
  "tier": "fast",
  "num_atoms": 18,
  "steps_taken": 50,
  "max_steps": 50,
  "energy_kcal_mol": 964575.650308,
  "energy_per_atom": 53587.536128,
  "rms_force": 1626158.513274,
  "max_force": 1626158.513274,
  "alpha_final": 0.063619,
  "dt_final": 0.072890,
  "converged": false,
  "classification": "timeout",
  "wall_time_ms": 0.527700,
  "timestamp": "2026-03-28T12:55:00",
  "xyz_file": "benchmark_100\fast\structures\C10H8_s154.xyz"
}
