{
  "formula": "C10H22",
  "seed": 742,
  "tier": "fast",
  "num_atoms": 32,
  "steps_taken": 50,
  "max_steps": 50,
  "energy_kcal_mol": 55043426.606886,
  "energy_per_atom": 1720107.081465,
  "rms_force": 169959806.014069,
  "max_force": 169959806.014069,
  "alpha_final": 0.063619,
  "dt_final": 0.072890,
  "converged": false,
  "classification": "timeout",
  "wall_time_ms": 1.383000,
  "timestamp": "2026-03-28T12:52:24",
  "xyz_file": "benchmark_100\fast\structures\C10H22_s742.xyz"
}
