{
  "formula": "C10H8",
  "seed": 350,
  "tier": "fast",
  "num_atoms": 18,
  "steps_taken": 50,
  "max_steps": 50,
  "energy_kcal_mol": 794023.982455,
  "energy_per_atom": 44112.443470,
  "rms_force": 1273491.596707,
  "max_force": 1273491.596707,
  "alpha_final": 0.063619,
  "dt_final": 0.072890,
  "converged": false,
  "classification": "timeout",
  "wall_time_ms": 0.571400,
  "timestamp": "2026-03-28T12:55:35",
  "xyz_file": "benchmark_100\fast\structures\C10H8_s350.xyz"
}
