{
  "formula": "C10H8",
  "seed": 406,
  "tier": "fast",
  "num_atoms": 18,
  "steps_taken": 50,
  "max_steps": 50,
  "energy_kcal_mol": 632732.509481,
  "energy_per_atom": 35151.806082,
  "rms_force": 871255.720998,
  "max_force": 871255.720998,
  "alpha_final": 0.063619,
  "dt_final": 0.072890,
  "converged": false,
  "classification": "timeout",
  "wall_time_ms": 0.577300,
  "timestamp": "2026-03-28T12:53:28",
  "xyz_file": "benchmark_100\fast\structures\C10H8_s406.xyz"
}
