{
  "formula": "C10H8",
  "seed": 546,
  "tier": "fast",
  "num_atoms": 18,
  "steps_taken": 50,
  "max_steps": 50,
  "energy_kcal_mol": 530194.612119,
  "energy_per_atom": 29455.256229,
  "rms_force": 692851.791136,
  "max_force": 692851.791136,
  "alpha_final": 0.063619,
  "dt_final": 0.072890,
  "converged": false,
  "classification": "timeout",
  "wall_time_ms": 0.688700,
  "timestamp": "2026-03-28T12:53:11",
  "xyz_file": "benchmark_100\fast\structures\C10H8_s546.xyz"
}
