{
  "formula": "C10H22",
  "seed": 196,
  "tier": "fast",
  "num_atoms": 32,
  "steps_taken": 50,
  "max_steps": 50,
  "energy_kcal_mol": 31643523.491354,
  "energy_per_atom": 988860.109105,
  "rms_force": 92355308.450728,
  "max_force": 92355308.450728,
  "alpha_final": 0.063619,
  "dt_final": 0.072890,
  "converged": false,
  "classification": "timeout",
  "wall_time_ms": 0.912300,
  "timestamp": "2026-03-28T12:53:23",
  "xyz_file": "benchmark_100\fast\structures\C10H22_s196.xyz"
}
