{
  "formula": "C10H22",
  "seed": 322,
  "tier": "fast",
  "num_atoms": 32,
  "steps_taken": 50,
  "max_steps": 50,
  "energy_kcal_mol": 12663084.514735,
  "energy_per_atom": 395721.391085,
  "rms_force": 19138698.064970,
  "max_force": 19138698.064970,
  "alpha_final": 0.063619,
  "dt_final": 0.072890,
  "converged": false,
  "classification": "timeout",
  "wall_time_ms": 0.956700,
  "timestamp": "2026-03-28T12:53:21",
  "xyz_file": "benchmark_100\fast\structures\C10H22_s322.xyz"
}
