{
  "formula": "C10H22",
  "seed": 70,
  "tier": "fast",
  "num_atoms": 32,
  "steps_taken": 50,
  "max_steps": 50,
  "energy_kcal_mol": 465721160.504242,
  "energy_per_atom": 14553786.265758,
  "rms_force": 2401263581.132613,
  "max_force": 2401263581.132613,
  "alpha_final": 0.063619,
  "dt_final": 0.072890,
  "converged": false,
  "classification": "timeout",
  "wall_time_ms": 0.810200,
  "timestamp": "2026-03-28T12:53:46",
  "xyz_file": "benchmark_100\fast\structures\C10H22_s70.xyz"
}
