{
  "formula": "C10H8",
  "seed": 56,
  "tier": "fast",
  "num_atoms": 18,
  "steps_taken": 50,
  "max_steps": 50,
  "energy_kcal_mol": 683477.970372,
  "energy_per_atom": 37970.998354,
  "rms_force": 1106744.821905,
  "max_force": 1106744.821905,
  "alpha_final": 0.063619,
  "dt_final": 0.072890,
  "converged": false,
  "classification": "timeout",
  "wall_time_ms": 0.709800,
  "timestamp": "2026-03-28T12:56:14",
  "xyz_file": "benchmark_100\fast\structures\C10H8_s56.xyz"
}
