{
  "formula": "C10H22",
  "seed": 658,
  "tier": "fast",
  "num_atoms": 32,
  "steps_taken": 50,
  "max_steps": 50,
  "energy_kcal_mol": 41821462.874763,
  "energy_per_atom": 1306920.714836,
  "rms_force": 91421495.017429,
  "max_force": 91421495.017429,
  "alpha_final": 0.063619,
  "dt_final": 0.072890,
  "converged": false,
  "classification": "timeout",
  "wall_time_ms": 1.181500,
  "timestamp": "2026-03-28T12:55:13",
  "xyz_file": "benchmark_100\fast\structures\C10H22_s658.xyz"
}
