{
  "formula": "C10H8",
  "seed": 644,
  "tier": "fast",
  "num_atoms": 18,
  "steps_taken": 50,
  "max_steps": 50,
  "energy_kcal_mol": 645824.974902,
  "energy_per_atom": 35879.165272,
  "rms_force": 1131542.935514,
  "max_force": 1131542.935514,
  "alpha_final": 0.063619,
  "dt_final": 0.072890,
  "converged": false,
  "classification": "timeout",
  "wall_time_ms": 0.645700,
  "timestamp": "2026-03-28T12:53:16",
  "xyz_file": "benchmark_100\fast\structures\C10H8_s644.xyz"
}
