{
  "formula": "C10H8",
  "seed": 539,
  "tier": "fast",
  "num_atoms": 18,
  "steps_taken": 50,
  "max_steps": 50,
  "energy_kcal_mol": 1068553.566199,
  "energy_per_atom": 59364.087011,
  "rms_force": 3052007.573159,
  "max_force": 3052007.573159,
  "alpha_final": 0.063619,
  "dt_final": 0.072890,
  "converged": false,
  "classification": "timeout",
  "wall_time_ms": 0.665200,
  "timestamp": "2026-03-28T12:54:58",
  "xyz_file": "benchmark_100\fast\structures\C10H8_s539.xyz"
}
