{
  "formula": "C10H22",
  "seed": 497,
  "tier": "fast",
  "num_atoms": 32,
  "steps_taken": 50,
  "max_steps": 50,
  "energy_kcal_mol": 10344363.108660,
  "energy_per_atom": 323261.347146,
  "rms_force": 10445554.391303,
  "max_force": 10445554.391303,
  "alpha_final": 0.063619,
  "dt_final": 0.072890,
  "converged": false,
  "classification": "timeout",
  "wall_time_ms": 0.756400,
  "timestamp": "2026-03-28T12:54:26",
  "xyz_file": "benchmark_100\fast\structures\C10H22_s497.xyz"
}
