{
  "formula": "C12H10",
  "seed": 420,
  "tier": "fast",
  "num_atoms": 22,
  "steps_taken": 50,
  "max_steps": 50,
  "energy_kcal_mol": 32151187.067087,
  "energy_per_atom": 1461417.593958,
  "rms_force": 149423891.165013,
  "max_force": 149423891.165013,
  "alpha_final": 0.063619,
  "dt_final": 0.072890,
  "converged": false,
  "classification": "timeout",
  "wall_time_ms": 0.648500,
  "timestamp": "2026-03-28T12:53:41",
  "xyz_file": "benchmark_100\fast\structures\C12H10_s420.xyz"
}
