{
  "formula": "C12H10",
  "seed": 154,
  "tier": "fast",
  "num_atoms": 22,
  "steps_taken": 50,
  "max_steps": 50,
  "energy_kcal_mol": 3982876.854737,
  "energy_per_atom": 181039.857033,
  "rms_force": 8875003.025884,
  "max_force": 8875003.025884,
  "alpha_final": 0.063619,
  "dt_final": 0.072890,
  "converged": false,
  "classification": "timeout",
  "wall_time_ms": 0.593800,
  "timestamp": "2026-03-28T12:54:31",
  "xyz_file": "benchmark_100\fast\structures\C12H10_s154.xyz"
}
