{
  "formula": "C12H26",
  "seed": 504,
  "tier": "fast",
  "num_atoms": 38,
  "steps_taken": 50,
  "max_steps": 50,
  "energy_kcal_mol": 50239849.736218,
  "energy_per_atom": 1322101.308848,
  "rms_force": 77019222.437039,
  "max_force": 77019222.437039,
  "alpha_final": 0.063619,
  "dt_final": 0.072890,
  "converged": false,
  "classification": "timeout",
  "wall_time_ms": 1.002900,
  "timestamp": "2026-03-28T12:55:04",
  "xyz_file": "benchmark_100\fast\structures\C12H26_s504.xyz"
}
