{
  "formula": "C12H26",
  "seed": 350,
  "tier": "fast",
  "num_atoms": 38,
  "steps_taken": 50,
  "max_steps": 50,
  "energy_kcal_mol": 4830213711.347150,
  "energy_per_atom": 127110887.140714,
  "rms_force": 27956618585.407089,
  "max_force": 27956618585.407089,
  "alpha_final": 0.063619,
  "dt_final": 0.072890,
  "converged": false,
  "classification": "timeout",
  "wall_time_ms": 1.119200,
  "timestamp": "2026-03-28T12:54:43",
  "xyz_file": "benchmark_100\fast\structures\C12H26_s350.xyz"
}
