{
  "formula": "C12H10",
  "seed": 525,
  "tier": "fast",
  "num_atoms": 22,
  "steps_taken": 50,
  "max_steps": 50,
  "energy_kcal_mol": 6945286.611246,
  "energy_per_atom": 315694.845966,
  "rms_force": 15847769.871649,
  "max_force": 15847769.871649,
  "alpha_final": 0.063619,
  "dt_final": 0.072890,
  "converged": false,
  "classification": "timeout",
  "wall_time_ms": 0.837600,
  "timestamp": "2026-03-28T12:53:13",
  "xyz_file": "benchmark_100\fast\structures\C12H10_s525.xyz"
}
