{
  "formula": "C12H10",
  "seed": 287,
  "tier": "fast",
  "num_atoms": 22,
  "steps_taken": 50,
  "max_steps": 50,
  "energy_kcal_mol": 4401283.253093,
  "energy_per_atom": 200058.329686,
  "rms_force": 8077876.451678,
  "max_force": 8077876.451678,
  "alpha_final": 0.063619,
  "dt_final": 0.072890,
  "converged": false,
  "classification": "timeout",
  "wall_time_ms": 0.730200,
  "timestamp": "2026-03-28T12:55:01",
  "xyz_file": "benchmark_100\fast\structures\C12H10_s287.xyz"
}
