{
  "formula": "C12H26",
  "seed": 525,
  "tier": "fast",
  "num_atoms": 38,
  "steps_taken": 50,
  "max_steps": 50,
  "energy_kcal_mol": 70219522.351825,
  "energy_per_atom": 1847882.167153,
  "rms_force": 123021578.743133,
  "max_force": 123021578.743133,
  "alpha_final": 0.063619,
  "dt_final": 0.072890,
  "converged": false,
  "classification": "timeout",
  "wall_time_ms": 1.462100,
  "timestamp": "2026-03-28T12:55:43",
  "xyz_file": "benchmark_100\fast\structures\C12H26_s525.xyz"
}
