{
  "formula": "C12H10",
  "seed": 161,
  "tier": "fast",
  "num_atoms": 22,
  "steps_taken": 50,
  "max_steps": 50,
  "energy_kcal_mol": 373345050594.268982,
  "energy_per_atom": 16970229572.466772,
  "rms_force": 4117459890227.007812,
  "max_force": 4117459890227.007812,
  "alpha_final": 0.063619,
  "dt_final": 0.072890,
  "converged": false,
  "classification": "timeout",
  "wall_time_ms": 0.778600,
  "timestamp": "2026-03-28T12:53:51",
  "xyz_file": "benchmark_100\fast\structures\C12H10_s161.xyz"
}
