{
  "formula": "C12H26",
  "seed": 49,
  "tier": "fast",
  "num_atoms": 38,
  "steps_taken": 50,
  "max_steps": 50,
  "energy_kcal_mol": 53494040.385966,
  "energy_per_atom": 1407737.904894,
  "rms_force": 82731074.882797,
  "max_force": 82731074.882797,
  "alpha_final": 0.063619,
  "dt_final": 0.072890,
  "converged": false,
  "classification": "timeout",
  "wall_time_ms": 1.059200,
  "timestamp": "2026-03-28T12:53:10",
  "xyz_file": "benchmark_100\fast\structures\C12H26_s49.xyz"
}
