{
  "formula": "C12H26",
  "seed": 693,
  "tier": "fast",
  "num_atoms": 38,
  "steps_taken": 50,
  "max_steps": 50,
  "energy_kcal_mol": 96346798.767644,
  "energy_per_atom": 2535442.072833,
  "rms_force": 113451982.707760,
  "max_force": 113451982.707760,
  "alpha_final": 0.063619,
  "dt_final": 0.072890,
  "converged": false,
  "classification": "timeout",
  "wall_time_ms": 0.910300,
  "timestamp": "2026-03-28T12:56:05",
  "xyz_file": "benchmark_100\fast\structures\C12H26_s693.xyz"
}
