{
  "formula": "C12H26",
  "seed": 483,
  "tier": "fast",
  "num_atoms": 38,
  "steps_taken": 50,
  "max_steps": 50,
  "energy_kcal_mol": 979208886.069023,
  "energy_per_atom": 25768654.896553,
  "rms_force": 4867928764.655986,
  "max_force": 4867928764.655986,
  "alpha_final": 0.063619,
  "dt_final": 0.072890,
  "converged": false,
  "classification": "timeout",
  "wall_time_ms": 0.932800,
  "timestamp": "2026-03-28T12:56:15",
  "xyz_file": "benchmark_100\fast\structures\C12H26_s483.xyz"
}
