{
  "formula": "C12H10",
  "seed": 315,
  "tier": "fast",
  "num_atoms": 22,
  "steps_taken": 50,
  "max_steps": 50,
  "energy_kcal_mol": 51970441.167331,
  "energy_per_atom": 2362292.780333,
  "rms_force": 253407394.204976,
  "max_force": 253407394.204976,
  "alpha_final": 0.063619,
  "dt_final": 0.072890,
  "converged": false,
  "classification": "timeout",
  "wall_time_ms": 0.593600,
  "timestamp": "2026-03-28T12:55:53",
  "xyz_file": "benchmark_100\fast\structures\C12H10_s315.xyz"
}
