{
  "formula": "C12H10",
  "seed": 455,
  "tier": "fast",
  "num_atoms": 22,
  "steps_taken": 50,
  "max_steps": 50,
  "energy_kcal_mol": 8743267.273441,
  "energy_per_atom": 397421.239702,
  "rms_force": 33580560.805141,
  "max_force": 33580560.805141,
  "alpha_final": 0.063619,
  "dt_final": 0.072890,
  "converged": false,
  "classification": "timeout",
  "wall_time_ms": 0.511600,
  "timestamp": "2026-03-28T12:56:15",
  "xyz_file": "benchmark_100\fast\structures\C12H10_s455.xyz"
}
