{
  "formula": "C12H10",
  "seed": 259,
  "tier": "fast",
  "num_atoms": 22,
  "steps_taken": 50,
  "max_steps": 50,
  "energy_kcal_mol": 4828973.548137,
  "energy_per_atom": 219498.797643,
  "rms_force": 11062972.968891,
  "max_force": 11062972.968891,
  "alpha_final": 0.063619,
  "dt_final": 0.072890,
  "converged": false,
  "classification": "timeout",
  "wall_time_ms": 0.682300,
  "timestamp": "2026-03-28T12:54:58",
  "xyz_file": "benchmark_100\fast\structures\C12H10_s259.xyz"
}
