{
  "formula": "C12H10",
  "seed": 140,
  "tier": "fast",
  "num_atoms": 22,
  "steps_taken": 50,
  "max_steps": 50,
  "energy_kcal_mol": 3041051.255188,
  "energy_per_atom": 138229.602509,
  "rms_force": 5187981.629078,
  "max_force": 5187981.629078,
  "alpha_final": 0.063619,
  "dt_final": 0.072890,
  "converged": false,
  "classification": "timeout",
  "wall_time_ms": 0.566900,
  "timestamp": "2026-03-28T12:53:33",
  "xyz_file": "benchmark_100\fast\structures\C12H10_s140.xyz"
}
