{
  "formula": "C12H26",
  "seed": 609,
  "tier": "fast",
  "num_atoms": 38,
  "steps_taken": 50,
  "max_steps": 50,
  "energy_kcal_mol": 22757065.928848,
  "energy_per_atom": 598870.156022,
  "rms_force": 21607069.443896,
  "max_force": 21607069.443896,
  "alpha_final": 0.063619,
  "dt_final": 0.072890,
  "converged": false,
  "classification": "timeout",
  "wall_time_ms": 0.897100,
  "timestamp": "2026-03-28T12:55:30",
  "xyz_file": "benchmark_100\fast\structures\C12H26_s609.xyz"
}
