{
  "formula": "C12H10",
  "seed": 469,
  "tier": "fast",
  "num_atoms": 22,
  "steps_taken": 50,
  "max_steps": 50,
  "energy_kcal_mol": 17700344.198298,
  "energy_per_atom": 804561.099923,
  "rms_force": 62928769.226046,
  "max_force": 62928769.226046,
  "alpha_final": 0.063619,
  "dt_final": 0.072890,
  "converged": false,
  "classification": "timeout",
  "wall_time_ms": 0.861600,
  "timestamp": "2026-03-28T12:55:03",
  "xyz_file": "benchmark_100\fast\structures\C12H10_s469.xyz"
}
