{
  "formula": "C12H10",
  "seed": 245,
  "tier": "fast",
  "num_atoms": 22,
  "steps_taken": 50,
  "max_steps": 50,
  "energy_kcal_mol": 8633131.265178,
  "energy_per_atom": 392415.057508,
  "rms_force": 35086985.193381,
  "max_force": 35086985.193381,
  "alpha_final": 0.063619,
  "dt_final": 0.072890,
  "converged": false,
  "classification": "timeout",
  "wall_time_ms": 0.679900,
  "timestamp": "2026-03-28T12:52:35",
  "xyz_file": "benchmark_100\fast\structures\C12H10_s245.xyz"
}
