{
  "formula": "C12H10",
  "seed": 112,
  "tier": "fast",
  "num_atoms": 22,
  "steps_taken": 50,
  "max_steps": 50,
  "energy_kcal_mol": 48922925.647716,
  "energy_per_atom": 2223769.347623,
  "rms_force": 249905336.291459,
  "max_force": 249905336.291459,
  "alpha_final": 0.063619,
  "dt_final": 0.072890,
  "converged": false,
  "classification": "timeout",
  "wall_time_ms": 0.622300,
  "timestamp": "2026-03-28T12:54:26",
  "xyz_file": "benchmark_100\fast\structures\C12H10_s112.xyz"
}
