{
  "formula": "C12H10",
  "seed": 49,
  "tier": "fast",
  "num_atoms": 22,
  "steps_taken": 50,
  "max_steps": 50,
  "energy_kcal_mol": 44270151.864221,
  "energy_per_atom": 2012279.630192,
  "rms_force": 196123470.987328,
  "max_force": 196123470.987328,
  "alpha_final": 0.063619,
  "dt_final": 0.072890,
  "converged": false,
  "classification": "timeout",
  "wall_time_ms": 0.640400,
  "timestamp": "2026-03-28T12:55:13",
  "xyz_file": "benchmark_100\fast\structures\C12H10_s49.xyz"
}
