{
  "formula": "C12H10",
  "seed": 280,
  "tier": "fast",
  "num_atoms": 22,
  "steps_taken": 50,
  "max_steps": 50,
  "energy_kcal_mol": 5524110441.483901,
  "energy_per_atom": 251095929.158359,
  "rms_force": 42867371824.951164,
  "max_force": 42867371824.951164,
  "alpha_final": 0.063619,
  "dt_final": 0.072890,
  "converged": false,
  "classification": "timeout",
  "wall_time_ms": 0.690400,
  "timestamp": "2026-03-28T12:52:45",
  "xyz_file": "benchmark_100\fast\structures\C12H10_s280.xyz"
}
