{
  "formula": "C12H10",
  "seed": 126,
  "tier": "fast",
  "num_atoms": 22,
  "steps_taken": 50,
  "max_steps": 50,
  "energy_kcal_mol": 37122925.910988,
  "energy_per_atom": 1687405.723227,
  "rms_force": 177666641.485492,
  "max_force": 177666641.485492,
  "alpha_final": 0.063619,
  "dt_final": 0.072890,
  "converged": false,
  "classification": "timeout",
  "wall_time_ms": 0.532200,
  "timestamp": "2026-03-28T12:54:13",
  "xyz_file": "benchmark_100\fast\structures\C12H10_s126.xyz"
}
