{
  "formula": "C12H26",
  "seed": 112,
  "tier": "fast",
  "num_atoms": 38,
  "steps_taken": 50,
  "max_steps": 50,
  "energy_kcal_mol": 33206829.945442,
  "energy_per_atom": 873863.945933,
  "rms_force": 35031150.428725,
  "max_force": 35031150.428725,
  "alpha_final": 0.063619,
  "dt_final": 0.072890,
  "converged": false,
  "classification": "timeout",
  "wall_time_ms": 0.879000,
  "timestamp": "2026-03-28T12:55:10",
  "xyz_file": "benchmark_100\fast\structures\C12H26_s112.xyz"
}
