{
  "formula": "C12H26",
  "seed": 434,
  "tier": "fast",
  "num_atoms": 38,
  "steps_taken": 50,
  "max_steps": 50,
  "energy_kcal_mol": 799492768.590032,
  "energy_per_atom": 21039283.383948,
  "rms_force": 3428704395.147276,
  "max_force": 3428704395.147276,
  "alpha_final": 0.063619,
  "dt_final": 0.072890,
  "converged": false,
  "classification": "timeout",
  "wall_time_ms": 1.087300,
  "timestamp": "2026-03-28T12:55:35",
  "xyz_file": "benchmark_100\fast\structures\C12H26_s434.xyz"
}
