{
  "formula": "C12H26",
  "seed": 203,
  "tier": "fast",
  "num_atoms": 38,
  "steps_taken": 50,
  "max_steps": 50,
  "energy_kcal_mol": 32946323.711015,
  "energy_per_atom": 867008.518711,
  "rms_force": 29941960.373679,
  "max_force": 29941960.373679,
  "alpha_final": 0.063619,
  "dt_final": 0.072890,
  "converged": false,
  "classification": "timeout",
  "wall_time_ms": 0.938800,
  "timestamp": "2026-03-28T12:55:13",
  "xyz_file": "benchmark_100\fast\structures\C12H26_s203.xyz"
}
