{
  "formula": "C12H26",
  "seed": 63,
  "tier": "fast",
  "num_atoms": 38,
  "steps_taken": 50,
  "max_steps": 50,
  "energy_kcal_mol": 1188698780.929323,
  "energy_per_atom": 31281546.866561,
  "rms_force": 6028885872.540317,
  "max_force": 6028885872.540317,
  "alpha_final": 0.063619,
  "dt_final": 0.072890,
  "converged": false,
  "classification": "timeout",
  "wall_time_ms": 1.047300,
  "timestamp": "2026-03-28T12:52:23",
  "xyz_file": "benchmark_100\fast\structures\C12H26_s63.xyz"
}
