{
  "formula": "C12H10",
  "seed": 560,
  "tier": "fast",
  "num_atoms": 22,
  "steps_taken": 50,
  "max_steps": 50,
  "energy_kcal_mol": 54657135091.073639,
  "energy_per_atom": 2484415231.412438,
  "rms_force": 513581061483.160217,
  "max_force": 513581061483.160217,
  "alpha_final": 0.063619,
  "dt_final": 0.072890,
  "converged": false,
  "classification": "timeout",
  "wall_time_ms": 0.617100,
  "timestamp": "2026-03-28T12:52:23",
  "xyz_file": "benchmark_100\fast\structures\C12H10_s560.xyz"
}
