{
  "formula": "C12H26",
  "seed": 259,
  "tier": "fast",
  "num_atoms": 38,
  "steps_taken": 50,
  "max_steps": 50,
  "energy_kcal_mol": 89799640.547676,
  "energy_per_atom": 2363148.435465,
  "rms_force": 142433149.777063,
  "max_force": 142433149.777063,
  "alpha_final": 0.063619,
  "dt_final": 0.072890,
  "converged": false,
  "classification": "timeout",
  "wall_time_ms": 1.023800,
  "timestamp": "2026-03-28T12:54:26",
  "xyz_file": "benchmark_100\fast\structures\C12H26_s259.xyz"
}
