{
  "formula": "C12H26",
  "seed": 56,
  "tier": "fast",
  "num_atoms": 38,
  "steps_taken": 50,
  "max_steps": 50,
  "energy_kcal_mol": 33112247.249052,
  "energy_per_atom": 871374.927607,
  "rms_force": 43502670.410020,
  "max_force": 43502670.410020,
  "alpha_final": 0.063619,
  "dt_final": 0.072890,
  "converged": false,
  "classification": "timeout",
  "wall_time_ms": 1.022000,
  "timestamp": "2026-03-28T12:53:13",
  "xyz_file": "benchmark_100\fast\structures\C12H26_s56.xyz"
}
