{
  "formula": "C12H10",
  "seed": 336,
  "tier": "fast",
  "num_atoms": 22,
  "steps_taken": 50,
  "max_steps": 50,
  "energy_kcal_mol": 2218978.687212,
  "energy_per_atom": 100862.667601,
  "rms_force": 4216451.736056,
  "max_force": 4216451.736056,
  "alpha_final": 0.063619,
  "dt_final": 0.072890,
  "converged": false,
  "classification": "timeout",
  "wall_time_ms": 0.557200,
  "timestamp": "2026-03-28T12:55:30",
  "xyz_file": "benchmark_100\fast\structures\C12H10_s336.xyz"
}
