{
  "formula": "C12H26",
  "seed": 210,
  "tier": "fast",
  "num_atoms": 38,
  "steps_taken": 50,
  "max_steps": 50,
  "energy_kcal_mol": 48949628.101756,
  "energy_per_atom": 1288148.107941,
  "rms_force": 47905231.831055,
  "max_force": 47905231.831055,
  "alpha_final": 0.063619,
  "dt_final": 0.072890,
  "converged": false,
  "classification": "timeout",
  "wall_time_ms": 1.121500,
  "timestamp": "2026-03-28T12:54:45",
  "xyz_file": "benchmark_100\fast\structures\C12H26_s210.xyz"
}
