{
  "formula": "C12H10",
  "seed": 322,
  "tier": "fast",
  "num_atoms": 22,
  "steps_taken": 50,
  "max_steps": 50,
  "energy_kcal_mol": 3415238.391698,
  "energy_per_atom": 155238.108714,
  "rms_force": 7494397.089394,
  "max_force": 7494397.089394,
  "alpha_final": 0.063619,
  "dt_final": 0.072890,
  "converged": false,
  "classification": "timeout",
  "wall_time_ms": 0.623800,
  "timestamp": "2026-03-28T12:54:19",
  "xyz_file": "benchmark_100\fast\structures\C12H10_s322.xyz"
}
