{
  "formula": "C14H10",
  "seed": 623,
  "tier": "fast",
  "num_atoms": 24,
  "steps_taken": 50,
  "max_steps": 50,
  "energy_kcal_mol": 3388075.714537,
  "energy_per_atom": 141169.821439,
  "rms_force": 5086072.205953,
  "max_force": 5086072.205953,
  "alpha_final": 0.063619,
  "dt_final": 0.072890,
  "converged": false,
  "classification": "timeout",
  "wall_time_ms": 0.577100,
  "timestamp": "2026-03-28T12:55:30",
  "xyz_file": "benchmark_100\fast\structures\C14H10_s623.xyz"
}
