{
  "formula": "C14H10",
  "seed": 91,
  "tier": "fast",
  "num_atoms": 24,
  "steps_taken": 50,
  "max_steps": 50,
  "energy_kcal_mol": 2065987.767640,
  "energy_per_atom": 86082.823652,
  "rms_force": 2651101.750018,
  "max_force": 2651101.750018,
  "alpha_final": 0.063619,
  "dt_final": 0.072890,
  "converged": false,
  "classification": "timeout",
  "wall_time_ms": 0.704600,
  "timestamp": "2026-03-28T12:53:16",
  "xyz_file": "benchmark_100\fast\structures\C14H10_s91.xyz"
}
