{
  "formula": "C14H10",
  "seed": 735,
  "tier": "fast",
  "num_atoms": 24,
  "steps_taken": 50,
  "max_steps": 50,
  "energy_kcal_mol": 3191394.109061,
  "energy_per_atom": 132974.754544,
  "rms_force": 4448370.563947,
  "max_force": 4448370.563947,
  "alpha_final": 0.063619,
  "dt_final": 0.072890,
  "converged": false,
  "classification": "timeout",
  "wall_time_ms": 1.156300,
  "timestamp": "2026-03-28T12:52:24",
  "xyz_file": "benchmark_100\fast\structures\C14H10_s735.xyz"
}
