{
  "formula": "C14H10",
  "seed": 511,
  "tier": "fast",
  "num_atoms": 24,
  "steps_taken": 50,
  "max_steps": 50,
  "energy_kcal_mol": 8726983.160837,
  "energy_per_atom": 363624.298368,
  "rms_force": 14727936.923815,
  "max_force": 14727936.923815,
  "alpha_final": 0.063619,
  "dt_final": 0.072890,
  "converged": false,
  "classification": "timeout",
  "wall_time_ms": 0.745400,
  "timestamp": "2026-03-28T12:53:13",
  "xyz_file": "benchmark_100\fast\structures\C14H10_s511.xyz"
}
