{
  "formula": "C14H10",
  "seed": 518,
  "tier": "fast",
  "num_atoms": 24,
  "steps_taken": 50,
  "max_steps": 50,
  "energy_kcal_mol": 5698786.879535,
  "energy_per_atom": 237449.453314,
  "rms_force": 14370083.967530,
  "max_force": 14370083.967530,
  "alpha_final": 0.063619,
  "dt_final": 0.072890,
  "converged": false,
  "classification": "timeout",
  "wall_time_ms": 0.616200,
  "timestamp": "2026-03-28T12:55:40",
  "xyz_file": "benchmark_100\fast\structures\C14H10_s518.xyz"
}
