{
  "formula": "C14H10",
  "seed": 539,
  "tier": "fast",
  "num_atoms": 24,
  "steps_taken": 50,
  "max_steps": 50,
  "energy_kcal_mol": 4497821.706707,
  "energy_per_atom": 187409.237779,
  "rms_force": 10952371.944319,
  "max_force": 10952371.944319,
  "alpha_final": 0.063619,
  "dt_final": 0.072890,
  "converged": false,
  "classification": "timeout",
  "wall_time_ms": 0.666800,
  "timestamp": "2026-03-28T12:53:11",
  "xyz_file": "benchmark_100\fast\structures\C14H10_s539.xyz"
}
