{
  "formula": "C14H10",
  "seed": 98,
  "tier": "fast",
  "num_atoms": 24,
  "steps_taken": 50,
  "max_steps": 50,
  "energy_kcal_mol": 2057181.797268,
  "energy_per_atom": 85715.908220,
  "rms_force": 2117702.042648,
  "max_force": 2117702.042648,
  "alpha_final": 0.063619,
  "dt_final": 0.072890,
  "converged": false,
  "classification": "timeout",
  "wall_time_ms": 0.612400,
  "timestamp": "2026-03-28T12:54:51",
  "xyz_file": "benchmark_100\fast\structures\C14H10_s98.xyz"
}
