{
  "formula": "C14H10",
  "seed": 126,
  "tier": "fast",
  "num_atoms": 24,
  "steps_taken": 50,
  "max_steps": 50,
  "energy_kcal_mol": 3848713.900151,
  "energy_per_atom": 160363.079173,
  "rms_force": 7048423.074137,
  "max_force": 7048423.074137,
  "alpha_final": 0.063619,
  "dt_final": 0.072890,
  "converged": false,
  "classification": "timeout",
  "wall_time_ms": 0.645600,
  "timestamp": "2026-03-28T12:52:59",
  "xyz_file": "benchmark_100\fast\structures\C14H10_s126.xyz"
}
