{
  "formula": "C14H10",
  "seed": 203,
  "tier": "fast",
  "num_atoms": 24,
  "steps_taken": 50,
  "max_steps": 50,
  "energy_kcal_mol": 3609555.933733,
  "energy_per_atom": 150398.163906,
  "rms_force": 7399705.893004,
  "max_force": 7399705.893004,
  "alpha_final": 0.063619,
  "dt_final": 0.072890,
  "converged": false,
  "classification": "timeout",
  "wall_time_ms": 0.686300,
  "timestamp": "2026-03-28T12:54:31",
  "xyz_file": "benchmark_100\fast\structures\C14H10_s203.xyz"
}
