{
  "formula": "C14H10",
  "seed": 56,
  "tier": "fast",
  "num_atoms": 24,
  "steps_taken": 50,
  "max_steps": 50,
  "energy_kcal_mol": 2364165.430601,
  "energy_per_atom": 98506.892942,
  "rms_force": 2443839.114551,
  "max_force": 2443839.114551,
  "alpha_final": 0.063619,
  "dt_final": 0.072890,
  "converged": false,
  "classification": "timeout",
  "wall_time_ms": 0.810700,
  "timestamp": "2026-03-28T12:54:43",
  "xyz_file": "benchmark_100\fast\structures\C14H10_s56.xyz"
}
