{
  "formula": "C14H10",
  "seed": 595,
  "tier": "fast",
  "num_atoms": 24,
  "steps_taken": 50,
  "max_steps": 50,
  "energy_kcal_mol": 2952702.529775,
  "energy_per_atom": 123029.272074,
  "rms_force": 3717754.819870,
  "max_force": 3717754.819870,
  "alpha_final": 0.063619,
  "dt_final": 0.072890,
  "converged": false,
  "classification": "timeout",
  "wall_time_ms": 0.702900,
  "timestamp": "2026-03-28T12:56:24",
  "xyz_file": "benchmark_100\fast\structures\C14H10_s595.xyz"
}
