{
  "formula": "C14H10",
  "seed": 714,
  "tier": "fast",
  "num_atoms": 24,
  "steps_taken": 50,
  "max_steps": 50,
  "energy_kcal_mol": 1764923.448455,
  "energy_per_atom": 73538.477019,
  "rms_force": 2616643.572332,
  "max_force": 2616643.572332,
  "alpha_final": 0.063619,
  "dt_final": 0.072890,
  "converged": false,
  "classification": "timeout",
  "wall_time_ms": 0.548600,
  "timestamp": "2026-03-28T12:56:05",
  "xyz_file": "benchmark_100\fast\structures\C14H10_s714.xyz"
}
