{
  "formula": "C14H10",
  "seed": 553,
  "tier": "fast",
  "num_atoms": 24,
  "steps_taken": 50,
  "max_steps": 50,
  "energy_kcal_mol": 6378897.867485,
  "energy_per_atom": 265787.411145,
  "rms_force": 16405654.149817,
  "max_force": 16405654.149817,
  "alpha_final": 0.063619,
  "dt_final": 0.072890,
  "converged": false,
  "classification": "timeout",
  "wall_time_ms": 0.648200,
  "timestamp": "2026-03-28T12:53:36",
  "xyz_file": "benchmark_100\fast\structures\C14H10_s553.xyz"
}
