{
  "formula": "C14H10",
  "seed": 49,
  "tier": "fast",
  "num_atoms": 24,
  "steps_taken": 50,
  "max_steps": 50,
  "energy_kcal_mol": 6127904.900489,
  "energy_per_atom": 255329.370854,
  "rms_force": 15060076.401210,
  "max_force": 15060076.401210,
  "alpha_final": 0.063619,
  "dt_final": 0.072890,
  "converged": false,
  "classification": "timeout",
  "wall_time_ms": 0.620300,
  "timestamp": "2026-03-28T12:55:35",
  "xyz_file": "benchmark_100\fast\structures\C14H10_s49.xyz"
}
