{
  "formula": "C16H10",
  "seed": 175,
  "tier": "fast",
  "num_atoms": 26,
  "steps_taken": 50,
  "max_steps": 50,
  "energy_kcal_mol": 5752392.383736,
  "energy_per_atom": 221245.860913,
  "rms_force": 5948702.349781,
  "max_force": 5948702.349781,
  "alpha_final": 0.063619,
  "dt_final": 0.072890,
  "converged": false,
  "classification": "timeout",
  "wall_time_ms": 0.765200,
  "timestamp": "2026-03-28T12:52:35",
  "xyz_file": "benchmark_100\fast\structures\C16H10_s175.xyz"
}
