{
  "formula": "C16H10",
  "seed": 245,
  "tier": "fast",
  "num_atoms": 26,
  "steps_taken": 50,
  "max_steps": 50,
  "energy_kcal_mol": 2589467.037327,
  "energy_per_atom": 99594.886051,
  "rms_force": 1605530.382624,
  "max_force": 1605530.382624,
  "alpha_final": 0.063619,
  "dt_final": 0.072890,
  "converged": false,
  "classification": "timeout",
  "wall_time_ms": 0.829900,
  "timestamp": "2026-03-28T12:54:14",
  "xyz_file": "benchmark_100\fast\structures\C16H10_s245.xyz"
}
