{
  "formula": "C16H10",
  "seed": 399,
  "tier": "fast",
  "num_atoms": 26,
  "steps_taken": 50,
  "max_steps": 50,
  "energy_kcal_mol": 5422823.306998,
  "energy_per_atom": 208570.127192,
  "rms_force": 8499387.624660,
  "max_force": 8499387.624660,
  "alpha_final": 0.063619,
  "dt_final": 0.072890,
  "converged": false,
  "classification": "timeout",
  "wall_time_ms": 0.628800,
  "timestamp": "2026-03-28T12:54:53",
  "xyz_file": "benchmark_100\fast\structures\C16H10_s399.xyz"
}
