{
  "formula": "C16H10",
  "seed": 336,
  "tier": "fast",
  "num_atoms": 26,
  "steps_taken": 50,
  "max_steps": 50,
  "energy_kcal_mol": 3216145.658570,
  "energy_per_atom": 123697.909945,
  "rms_force": 3312270.665055,
  "max_force": 3312270.665055,
  "alpha_final": 0.063619,
  "dt_final": 0.072890,
  "converged": false,
  "classification": "timeout",
  "wall_time_ms": 0.709700,
  "timestamp": "2026-03-28T12:53:36",
  "xyz_file": "benchmark_100\fast\structures\C16H10_s336.xyz"
}
