{
  "formula": "C16H10",
  "seed": 630,
  "tier": "fast",
  "num_atoms": 26,
  "steps_taken": 50,
  "max_steps": 50,
  "energy_kcal_mol": 2134714.596663,
  "energy_per_atom": 82104.407564,
  "rms_force": 1838558.441900,
  "max_force": 1838558.441900,
  "alpha_final": 0.063619,
  "dt_final": 0.072890,
  "converged": false,
  "classification": "timeout",
  "wall_time_ms": 0.575700,
  "timestamp": "2026-03-28T12:53:41",
  "xyz_file": "benchmark_100\fast\structures\C16H10_s630.xyz"
}
