{
  "formula": "C16H10",
  "seed": 112,
  "tier": "fast",
  "num_atoms": 26,
  "steps_taken": 50,
  "max_steps": 50,
  "energy_kcal_mol": 3501182.507119,
  "energy_per_atom": 134660.865658,
  "rms_force": 3503155.256292,
  "max_force": 3503155.256292,
  "alpha_final": 0.063619,
  "dt_final": 0.072890,
  "converged": false,
  "classification": "timeout",
  "wall_time_ms": 0.679700,
  "timestamp": "2026-03-28T12:55:13",
  "xyz_file": "benchmark_100\fast\structures\C16H10_s112.xyz"
}
