{
  "formula": "C16H10",
  "seed": 280,
  "tier": "fast",
  "num_atoms": 26,
  "steps_taken": 50,
  "max_steps": 50,
  "energy_kcal_mol": 5322379.981689,
  "energy_per_atom": 204706.922373,
  "rms_force": 6498090.055959,
  "max_force": 6498090.055959,
  "alpha_final": 0.063619,
  "dt_final": 0.072890,
  "converged": false,
  "classification": "timeout",
  "wall_time_ms": 0.715800,
  "timestamp": "2026-03-28T12:52:59",
  "xyz_file": "benchmark_100\fast\structures\C16H10_s280.xyz"
}
