{
  "formula": "C16H10",
  "seed": 91,
  "tier": "fast",
  "num_atoms": 26,
  "steps_taken": 50,
  "max_steps": 50,
  "energy_kcal_mol": 4783192.897328,
  "energy_per_atom": 183968.957590,
  "rms_force": 6186196.901605,
  "max_force": 6186196.901605,
  "alpha_final": 0.063619,
  "dt_final": 0.072890,
  "converged": false,
  "classification": "timeout",
  "wall_time_ms": 0.550700,
  "timestamp": "2026-03-28T12:54:18",
  "xyz_file": "benchmark_100\fast\structures\C16H10_s91.xyz"
}
