{
  "formula": "C16H10",
  "seed": 686,
  "tier": "fast",
  "num_atoms": 26,
  "steps_taken": 50,
  "max_steps": 50,
  "energy_kcal_mol": 29599051.575975,
  "energy_per_atom": 1138425.060614,
  "rms_force": 104555925.668364,
  "max_force": 104555925.668364,
  "alpha_final": 0.063619,
  "dt_final": 0.072890,
  "converged": false,
  "classification": "timeout",
  "wall_time_ms": 0.733500,
  "timestamp": "2026-03-28T12:55:30",
  "xyz_file": "benchmark_100\fast\structures\C16H10_s686.xyz"
}
