{
  "formula": "C16H10",
  "seed": 301,
  "tier": "fast",
  "num_atoms": 26,
  "steps_taken": 50,
  "max_steps": 50,
  "energy_kcal_mol": 8772261.722228,
  "energy_per_atom": 337394.681624,
  "rms_force": 13808244.692510,
  "max_force": 13808244.692510,
  "alpha_final": 0.063619,
  "dt_final": 0.072890,
  "converged": false,
  "classification": "timeout",
  "wall_time_ms": 0.740900,
  "timestamp": "2026-03-28T12:53:16",
  "xyz_file": "benchmark_100\fast\structures\C16H10_s301.xyz"
}
