{
  "formula": "C16H10",
  "seed": 98,
  "tier": "fast",
  "num_atoms": 26,
  "steps_taken": 50,
  "max_steps": 50,
  "energy_kcal_mol": 11282985.365974,
  "energy_per_atom": 433960.975614,
  "rms_force": 30553986.658958,
  "max_force": 30553986.658958,
  "alpha_final": 0.063619,
  "dt_final": 0.072890,
  "converged": false,
  "classification": "timeout",
  "wall_time_ms": 0.847000,
  "timestamp": "2026-03-28T12:53:31",
  "xyz_file": "benchmark_100\fast\structures\C16H10_s98.xyz"
}
