{
  "formula": "C16H10",
  "seed": 231,
  "tier": "fast",
  "num_atoms": 26,
  "steps_taken": 50,
  "max_steps": 50,
  "energy_kcal_mol": 8805521.496547,
  "energy_per_atom": 338673.903713,
  "rms_force": 22986188.328515,
  "max_force": 22986188.328515,
  "alpha_final": 0.063619,
  "dt_final": 0.072890,
  "converged": false,
  "classification": "timeout",
  "wall_time_ms": 0.694000,
  "timestamp": "2026-03-28T12:55:53",
  "xyz_file": "benchmark_100\fast\structures\C16H10_s231.xyz"
}
