{
  "formula": "C16H10",
  "seed": 49,
  "tier": "fast",
  "num_atoms": 26,
  "steps_taken": 50,
  "max_steps": 50,
  "energy_kcal_mol": 6735335.324847,
  "energy_per_atom": 259051.358648,
  "rms_force": 11869663.574684,
  "max_force": 11869663.574684,
  "alpha_final": 0.063619,
  "dt_final": 0.072890,
  "converged": false,
  "classification": "timeout",
  "wall_time_ms": 0.727900,
  "timestamp": "2026-03-28T12:55:10",
  "xyz_file": "benchmark_100\fast\structures\C16H10_s49.xyz"
}
