{
  "formula": "C16H10",
  "seed": 266,
  "tier": "fast",
  "num_atoms": 26,
  "steps_taken": 50,
  "max_steps": 50,
  "energy_kcal_mol": 6034054.372899,
  "energy_per_atom": 232079.014342,
  "rms_force": 7953811.838785,
  "max_force": 7953811.838785,
  "alpha_final": 0.063619,
  "dt_final": 0.072890,
  "converged": false,
  "classification": "timeout",
  "wall_time_ms": 1.149300,
  "timestamp": "2026-03-28T12:55:01",
  "xyz_file": "benchmark_100\fast\structures\C16H10_s266.xyz"
}
