{
  "formula": "C16H10",
  "seed": 161,
  "tier": "fast",
  "num_atoms": 26,
  "steps_taken": 50,
  "max_steps": 50,
  "energy_kcal_mol": 13776683.443710,
  "energy_per_atom": 529872.440143,
  "rms_force": 37812589.655243,
  "max_force": 37812589.655243,
  "alpha_final": 0.063619,
  "dt_final": 0.072890,
  "converged": false,
  "classification": "timeout",
  "wall_time_ms": 0.738100,
  "timestamp": "2026-03-28T12:53:46",
  "xyz_file": "benchmark_100\fast\structures\C16H10_s161.xyz"
}
