{
  "formula": "C4H10",
  "seed": 287,
  "tier": "fast",
  "num_atoms": 14,
  "steps_taken": 50,
  "max_steps": 50,
  "energy_kcal_mol": 503536.761749,
  "energy_per_atom": 35966.911554,
  "rms_force": 1275399.008269,
  "max_force": 1275399.008269,
  "alpha_final": 0.063619,
  "dt_final": 0.072890,
  "converged": false,
  "classification": "timeout",
  "wall_time_ms": 0.578200,
  "timestamp": "2026-03-28T12:56:24",
  "xyz_file": "benchmark_100\fast\structures\C4H10_s287.xyz"
}
