{
  "formula": "C4H10",
  "seed": 553,
  "tier": "fast",
  "num_atoms": 14,
  "steps_taken": 50,
  "max_steps": 50,
  "energy_kcal_mol": 147724.829941,
  "energy_per_atom": 10551.773567,
  "rms_force": 246671.911710,
  "max_force": 246671.911710,
  "alpha_final": 0.063619,
  "dt_final": 0.072890,
  "converged": false,
  "classification": "timeout",
  "wall_time_ms": 0.742100,
  "timestamp": "2026-03-28T12:55:27",
  "xyz_file": "benchmark_100\fast\structures\C4H10_s553.xyz"
}
