{
  "formula": "C4H10",
  "seed": 350,
  "tier": "fast",
  "num_atoms": 14,
  "steps_taken": 50,
  "max_steps": 50,
  "energy_kcal_mol": 151064.109289,
  "energy_per_atom": 10790.293521,
  "rms_force": 347594.468315,
  "max_force": 347594.468315,
  "alpha_final": 0.063619,
  "dt_final": 0.072890,
  "converged": false,
  "classification": "timeout",
  "wall_time_ms": 0.625900,
  "timestamp": "2026-03-28T12:52:42",
  "xyz_file": "benchmark_100\fast\structures\C4H10_s350.xyz"
}
