{
  "formula": "C4H10",
  "seed": 252,
  "tier": "fast",
  "num_atoms": 14,
  "steps_taken": 50,
  "max_steps": 50,
  "energy_kcal_mol": 362894.206784,
  "energy_per_atom": 25921.014770,
  "rms_force": 1275203.732416,
  "max_force": 1275203.732416,
  "alpha_final": 0.063619,
  "dt_final": 0.072890,
  "converged": false,
  "classification": "timeout",
  "wall_time_ms": 0.692300,
  "timestamp": "2026-03-28T12:55:43",
  "xyz_file": "benchmark_100\fast\structures\C4H10_s252.xyz"
}
