{
  "formula": "C4H10",
  "seed": 154,
  "tier": "fast",
  "num_atoms": 14,
  "steps_taken": 50,
  "max_steps": 50,
  "energy_kcal_mol": 150363.738132,
  "energy_per_atom": 10740.267009,
  "rms_force": 392831.090456,
  "max_force": 392831.090456,
  "alpha_final": 0.063619,
  "dt_final": 0.072890,
  "converged": false,
  "classification": "timeout",
  "wall_time_ms": 0.605200,
  "timestamp": "2026-03-28T12:55:13",
  "xyz_file": "benchmark_100\fast\structures\C4H10_s154.xyz"
}
