{
  "formula": "C4H10",
  "seed": 469,
  "tier": "fast",
  "num_atoms": 14,
  "steps_taken": 50,
  "max_steps": 50,
  "energy_kcal_mol": 207454.240752,
  "energy_per_atom": 14818.160054,
  "rms_force": 643396.565897,
  "max_force": 643396.565897,
  "alpha_final": 0.063619,
  "dt_final": 0.072890,
  "converged": false,
  "classification": "timeout",
  "wall_time_ms": 0.539700,
  "timestamp": "2026-03-28T12:52:35",
  "xyz_file": "benchmark_100\fast\structures\C4H10_s469.xyz"
}
