{
  "formula": "C5H12",
  "seed": 539,
  "tier": "fast",
  "num_atoms": 17,
  "steps_taken": 50,
  "max_steps": 50,
  "energy_kcal_mol": 706468.721912,
  "energy_per_atom": 41556.983642,
  "rms_force": 2218902.609288,
  "max_force": 2218902.609288,
  "alpha_final": 0.063619,
  "dt_final": 0.072890,
  "converged": false,
  "classification": "timeout",
  "wall_time_ms": 0.569100,
  "timestamp": "2026-03-28T12:54:21",
  "xyz_file": "benchmark_100\fast\structures\C5H12_s539.xyz"
}
