{
  "formula": "C5H12",
  "seed": 392,
  "tier": "fast",
  "num_atoms": 17,
  "steps_taken": 50,
  "max_steps": 50,
  "energy_kcal_mol": 495952.064798,
  "energy_per_atom": 29173.650870,
  "rms_force": 1272612.099954,
  "max_force": 1272612.099954,
  "alpha_final": 0.063619,
  "dt_final": 0.072890,
  "converged": false,
  "classification": "timeout",
  "wall_time_ms": 0.561200,
  "timestamp": "2026-03-28T12:52:30",
  "xyz_file": "benchmark_100\fast\structures\C5H12_s392.xyz"
}
