{
  "formula": "C5H12",
  "seed": 259,
  "tier": "fast",
  "num_atoms": 17,
  "steps_taken": 50,
  "max_steps": 50,
  "energy_kcal_mol": 1218003.792800,
  "energy_per_atom": 71647.281929,
  "rms_force": 4130323.744008,
  "max_force": 4130323.744008,
  "alpha_final": 0.063619,
  "dt_final": 0.072890,
  "converged": false,
  "classification": "timeout",
  "wall_time_ms": 0.579600,
  "timestamp": "2026-03-28T12:56:24",
  "xyz_file": "benchmark_100\fast\structures\C5H12_s259.xyz"
}
