{
  "formula": "C5H12",
  "seed": 686,
  "tier": "fast",
  "num_atoms": 17,
  "steps_taken": 50,
  "max_steps": 50,
  "energy_kcal_mol": 398760.942415,
  "energy_per_atom": 23456.526024,
  "rms_force": 813915.434941,
  "max_force": 813915.434941,
  "alpha_final": 0.063619,
  "dt_final": 0.072890,
  "converged": false,
  "classification": "timeout",
  "wall_time_ms": 0.489800,
  "timestamp": "2026-03-28T12:56:05",
  "xyz_file": "benchmark_100\fast\structures\C5H12_s686.xyz"
}
