{
  "formula": "C5H10",
  "seed": 280,
  "tier": "fast",
  "num_atoms": 15,
  "steps_taken": 50,
  "max_steps": 50,
  "energy_kcal_mol": 278737.241019,
  "energy_per_atom": 18582.482735,
  "rms_force": 903312.816751,
  "max_force": 903312.816751,
  "alpha_final": 0.063619,
  "dt_final": 0.072890,
  "converged": false,
  "classification": "timeout",
  "wall_time_ms": 0.583500,
  "timestamp": "2026-03-28T12:55:27",
  "xyz_file": "benchmark_100\fast\structures\C5H10_s280.xyz"
}
