{
  "formula": "C5H10",
  "seed": 238,
  "tier": "fast",
  "num_atoms": 15,
  "steps_taken": 50,
  "max_steps": 50,
  "energy_kcal_mol": 225728.195846,
  "energy_per_atom": 15048.546390,
  "rms_force": 590483.373670,
  "max_force": 590483.373670,
  "alpha_final": 0.063619,
  "dt_final": 0.072890,
  "converged": false,
  "classification": "timeout",
  "wall_time_ms": 0.544100,
  "timestamp": "2026-03-28T12:54:43",
  "xyz_file": "benchmark_100\fast\structures\C5H10_s238.xyz"
}
