{
  "formula": "C5H12",
  "seed": 588,
  "tier": "fast",
  "num_atoms": 17,
  "steps_taken": 50,
  "max_steps": 50,
  "energy_kcal_mol": 947753.032370,
  "energy_per_atom": 55750.178375,
  "rms_force": 2044380.898814,
  "max_force": 2044380.898814,
  "alpha_final": 0.063619,
  "dt_final": 0.072890,
  "converged": false,
  "classification": "timeout",
  "wall_time_ms": 0.701400,
  "timestamp": "2026-03-28T12:55:27",
  "xyz_file": "benchmark_100\fast\structures\C5H12_s588.xyz"
}
