{
  "formula": "C5H12",
  "seed": 497,
  "tier": "fast",
  "num_atoms": 17,
  "steps_taken": 50,
  "max_steps": 50,
  "energy_kcal_mol": 400496.481939,
  "energy_per_atom": 23558.616585,
  "rms_force": 809879.190618,
  "max_force": 809879.190618,
  "alpha_final": 0.063619,
  "dt_final": 0.072890,
  "converged": false,
  "classification": "timeout",
  "wall_time_ms": 0.623500,
  "timestamp": "2026-03-28T12:52:48",
  "xyz_file": "benchmark_100\fast\structures\C5H12_s497.xyz"
}
