{
  "formula": "C5H10",
  "seed": 616,
  "tier": "fast",
  "num_atoms": 15,
  "steps_taken": 50,
  "max_steps": 50,
  "energy_kcal_mol": 385544.509146,
  "energy_per_atom": 25702.967276,
  "rms_force": 1046076.182903,
  "max_force": 1046076.182903,
  "alpha_final": 0.063619,
  "dt_final": 0.072890,
  "converged": false,
  "classification": "timeout",
  "wall_time_ms": 0.575300,
  "timestamp": "2026-03-28T12:53:16",
  "xyz_file": "benchmark_100\fast\structures\C5H10_s616.xyz"
}
