{
  "formula": "C5H12",
  "seed": 441,
  "tier": "fast",
  "num_atoms": 17,
  "steps_taken": 50,
  "max_steps": 50,
  "energy_kcal_mol": 2801699.370971,
  "energy_per_atom": 164805.845351,
  "rms_force": 7905172.863234,
  "max_force": 7905172.863234,
  "alpha_final": 0.063619,
  "dt_final": 0.072890,
  "converged": false,
  "classification": "timeout",
  "wall_time_ms": 0.574300,
  "timestamp": "2026-03-28T12:53:46",
  "xyz_file": "benchmark_100\fast\structures\C5H12_s441.xyz"
}
