{
  "formula": "C5H10",
  "seed": 399,
  "tier": "fast",
  "num_atoms": 15,
  "steps_taken": 50,
  "max_steps": 50,
  "energy_kcal_mol": 369976.190064,
  "energy_per_atom": 24665.079338,
  "rms_force": 993283.944574,
  "max_force": 993283.944574,
  "alpha_final": 0.063619,
  "dt_final": 0.072890,
  "converged": false,
  "classification": "timeout",
  "wall_time_ms": 0.563300,
  "timestamp": "2026-03-28T12:54:33",
  "xyz_file": "benchmark_100\fast\structures\C5H10_s399.xyz"
}
