{
  "formula": "C5H12",
  "seed": 196,
  "tier": "fast",
  "num_atoms": 17,
  "steps_taken": 50,
  "max_steps": 50,
  "energy_kcal_mol": 656638.309390,
  "energy_per_atom": 38625.782905,
  "rms_force": 1588608.515005,
  "max_force": 1588608.515005,
  "alpha_final": 0.063619,
  "dt_final": 0.072890,
  "converged": false,
  "classification": "timeout",
  "wall_time_ms": 0.609200,
  "timestamp": "2026-03-28T12:53:51",
  "xyz_file": "benchmark_100\fast\structures\C5H12_s196.xyz"
}
