{
  "formula": "C5H10",
  "seed": 378,
  "tier": "fast",
  "num_atoms": 15,
  "steps_taken": 50,
  "max_steps": 50,
  "energy_kcal_mol": 482345.531029,
  "energy_per_atom": 32156.368735,
  "rms_force": 1241754.274725,
  "max_force": 1241754.274725,
  "alpha_final": 0.063619,
  "dt_final": 0.072890,
  "converged": false,
  "classification": "timeout",
  "wall_time_ms": 0.557800,
  "timestamp": "2026-03-28T12:54:11",
  "xyz_file": "benchmark_100\fast\structures\C5H10_s378.xyz"
}
