{
  "formula": "C5H10",
  "seed": 294,
  "tier": "fast",
  "num_atoms": 15,
  "steps_taken": 50,
  "max_steps": 50,
  "energy_kcal_mol": 283066.934205,
  "energy_per_atom": 18871.128947,
  "rms_force": 829906.141882,
  "max_force": 829906.141882,
  "alpha_final": 0.063619,
  "dt_final": 0.072890,
  "converged": false,
  "classification": "timeout",
  "wall_time_ms": 0.545400,
  "timestamp": "2026-03-28T12:52:42",
  "xyz_file": "benchmark_100\fast\structures\C5H10_s294.xyz"
}
