{
  "formula": "C5H10",
  "seed": 252,
  "tier": "fast",
  "num_atoms": 15,
  "steps_taken": 50,
  "max_steps": 50,
  "energy_kcal_mol": 581010.319340,
  "energy_per_atom": 38734.021289,
  "rms_force": 1966298.936030,
  "max_force": 1966298.936030,
  "alpha_final": 0.063619,
  "dt_final": 0.072890,
  "converged": false,
  "classification": "timeout",
  "wall_time_ms": 0.603700,
  "timestamp": "2026-03-28T12:54:55",
  "xyz_file": "benchmark_100\fast\structures\C5H10_s252.xyz"
}
