{
  "formula": "C5H12",
  "seed": 308,
  "tier": "fast",
  "num_atoms": 17,
  "steps_taken": 50,
  "max_steps": 50,
  "energy_kcal_mol": 481891.023025,
  "energy_per_atom": 28346.530766,
  "rms_force": 1114581.104720,
  "max_force": 1114581.104720,
  "alpha_final": 0.063619,
  "dt_final": 0.072890,
  "converged": false,
  "classification": "timeout",
  "wall_time_ms": 0.555000,
  "timestamp": "2026-03-28T12:56:14",
  "xyz_file": "benchmark_100\fast\structures\C5H12_s308.xyz"
}
