{
  "formula": "C5H10",
  "seed": 553,
  "tier": "fast",
  "num_atoms": 15,
  "steps_taken": 50,
  "max_steps": 50,
  "energy_kcal_mol": 868145.134908,
  "energy_per_atom": 57876.342327,
  "rms_force": 2797814.251107,
  "max_force": 2797814.251107,
  "alpha_final": 0.063619,
  "dt_final": 0.072890,
  "converged": false,
  "classification": "timeout",
  "wall_time_ms": 0.600400,
  "timestamp": "2026-03-28T12:55:01",
  "xyz_file": "benchmark_100\fast\structures\C5H10_s553.xyz"
}
