{
  "formula": "C5H12",
  "seed": 518,
  "tier": "fast",
  "num_atoms": 17,
  "steps_taken": 50,
  "max_steps": 50,
  "energy_kcal_mol": 201956.730127,
  "energy_per_atom": 11879.807655,
  "rms_force": 346247.552951,
  "max_force": 346247.552951,
  "alpha_final": 0.063619,
  "dt_final": 0.072890,
  "converged": false,
  "classification": "timeout",
  "wall_time_ms": 0.622800,
  "timestamp": "2026-03-28T12:55:43",
  "xyz_file": "benchmark_100\fast\structures\C5H12_s518.xyz"
}
