{
  "formula": "C5H12",
  "seed": 644,
  "tier": "fast",
  "num_atoms": 17,
  "steps_taken": 50,
  "max_steps": 50,
  "energy_kcal_mol": 198522.614665,
  "energy_per_atom": 11677.800863,
  "rms_force": 364164.895760,
  "max_force": 364164.895760,
  "alpha_final": 0.063619,
  "dt_final": 0.072890,
  "converged": false,
  "classification": "timeout",
  "wall_time_ms": 0.585300,
  "timestamp": "2026-03-28T12:54:09",
  "xyz_file": "benchmark_100\fast\structures\C5H12_s644.xyz"
}
