{
  "formula": "C5H12",
  "seed": 434,
  "tier": "fast",
  "num_atoms": 17,
  "steps_taken": 50,
  "max_steps": 50,
  "energy_kcal_mol": 400749.704132,
  "energy_per_atom": 23573.512008,
  "rms_force": 829531.721023,
  "max_force": 829531.721023,
  "alpha_final": 0.063619,
  "dt_final": 0.072890,
  "converged": false,
  "classification": "timeout",
  "wall_time_ms": 0.651300,
  "timestamp": "2026-03-28T12:53:28",
  "xyz_file": "benchmark_100\fast\structures\C5H12_s434.xyz"
}
