{
  "formula": "C5H10",
  "seed": 392,
  "tier": "fast",
  "num_atoms": 15,
  "steps_taken": 50,
  "max_steps": 50,
  "energy_kcal_mol": 241899.862664,
  "energy_per_atom": 16126.657511,
  "rms_force": 621014.374387,
  "max_force": 621014.374387,
  "alpha_final": 0.063619,
  "dt_final": 0.072890,
  "converged": false,
  "classification": "timeout",
  "wall_time_ms": 0.575900,
  "timestamp": "2026-03-28T12:54:31",
  "xyz_file": "benchmark_100\fast\structures\C5H10_s392.xyz"
}
