{
  "formula": "C6H10O",
  "seed": 224,
  "tier": "fast",
  "num_atoms": 17,
  "steps_taken": 50,
  "max_steps": 50,
  "energy_kcal_mol": 271142.073056,
  "energy_per_atom": 15949.533709,
  "rms_force": 497157.670783,
  "max_force": 497157.670783,
  "alpha_final": 0.063619,
  "dt_final": 0.072890,
  "converged": false,
  "classification": "timeout",
  "wall_time_ms": 0.620100,
  "timestamp": "2026-03-28T12:53:10",
  "xyz_file": "benchmark_100\fast\structures\C6H10O_s224.xyz"
}
