{
  "formula": "C6H10O",
  "seed": 511,
  "tier": "fast",
  "num_atoms": 17,
  "steps_taken": 50,
  "max_steps": 50,
  "energy_kcal_mol": 1317029.176370,
  "energy_per_atom": 77472.304492,
  "rms_force": 3923550.917657,
  "max_force": 3923550.917657,
  "alpha_final": 0.063619,
  "dt_final": 0.072890,
  "converged": false,
  "classification": "timeout",
  "wall_time_ms": 0.529500,
  "timestamp": "2026-03-28T12:55:35",
  "xyz_file": "benchmark_100\fast\structures\C6H10O_s511.xyz"
}
