{
  "formula": "C6H12O6",
  "seed": 175,
  "tier": "fast",
  "num_atoms": 24,
  "steps_taken": 50,
  "max_steps": 50,
  "energy_kcal_mol": 1096668.599585,
  "energy_per_atom": 45694.524983,
  "rms_force": 1644725.898932,
  "max_force": 1644725.898932,
  "alpha_final": 0.063619,
  "dt_final": 0.072890,
  "converged": false,
  "classification": "timeout",
  "wall_time_ms": 0.678300,
  "timestamp": "2026-03-28T12:52:30",
  "xyz_file": "benchmark_100\fast\structures\C6H12O6_s175.xyz"
}
