{
  "formula": "C6H12O6",
  "seed": 322,
  "tier": "fast",
  "num_atoms": 24,
  "steps_taken": 50,
  "max_steps": 50,
  "energy_kcal_mol": 3974055.639400,
  "energy_per_atom": 165585.651642,
  "rms_force": 9177267.326920,
  "max_force": 9177267.326920,
  "alpha_final": 0.063619,
  "dt_final": 0.072890,
  "converged": false,
  "classification": "timeout",
  "wall_time_ms": 0.741100,
  "timestamp": "2026-03-28T12:55:43",
  "xyz_file": "benchmark_100\fast\structures\C6H12O6_s322.xyz"
}
