{
  "formula": "C6H12",
  "seed": 147,
  "tier": "fast",
  "num_atoms": 18,
  "steps_taken": 50,
  "max_steps": 50,
  "energy_kcal_mol": 535759.918198,
  "energy_per_atom": 29764.439900,
  "rms_force": 1335404.992118,
  "max_force": 1335404.992118,
  "alpha_final": 0.063619,
  "dt_final": 0.072890,
  "converged": false,
  "classification": "timeout",
  "wall_time_ms": 0.608900,
  "timestamp": "2026-03-28T12:55:42",
  "xyz_file": "benchmark_100\fast\structures\C6H12_s147.xyz"
}
