{
  "formula": "C6H12O6",
  "seed": 126,
  "tier": "fast",
  "num_atoms": 24,
  "steps_taken": 50,
  "max_steps": 50,
  "energy_kcal_mol": 1204624.603135,
  "energy_per_atom": 50192.691797,
  "rms_force": 1490026.290803,
  "max_force": 1490026.290803,
  "alpha_final": 0.063619,
  "dt_final": 0.072890,
  "converged": false,
  "classification": "timeout",
  "wall_time_ms": 0.713900,
  "timestamp": "2026-03-28T12:54:26",
  "xyz_file": "benchmark_100\fast\structures\C6H12O6_s126.xyz"
}
