{
  "formula": "C6H12O6",
  "seed": 315,
  "tier": "fast",
  "num_atoms": 24,
  "steps_taken": 50,
  "max_steps": 50,
  "energy_kcal_mol": 2134552.489864,
  "energy_per_atom": 88939.687078,
  "rms_force": 3569446.059582,
  "max_force": 3569446.059582,
  "alpha_final": 0.063619,
  "dt_final": 0.072890,
  "converged": false,
  "classification": "timeout",
  "wall_time_ms": 0.704100,
  "timestamp": "2026-03-28T12:54:08",
  "xyz_file": "benchmark_100\fast\structures\C6H12O6_s315.xyz"
}
