{
  "formula": "C6H12",
  "seed": 210,
  "tier": "fast",
  "num_atoms": 18,
  "steps_taken": 50,
  "max_steps": 50,
  "energy_kcal_mol": 273167.454555,
  "energy_per_atom": 15175.969698,
  "rms_force": 580004.687323,
  "max_force": 580004.687323,
  "alpha_final": 0.063619,
  "dt_final": 0.072890,
  "converged": false,
  "classification": "timeout",
  "wall_time_ms": 0.590000,
  "timestamp": "2026-03-28T12:56:24",
  "xyz_file": "benchmark_100\fast\structures\C6H12_s210.xyz"
}
