{
  "formula": "C6H12O6",
  "seed": 224,
  "tier": "fast",
  "num_atoms": 24,
  "steps_taken": 50,
  "max_steps": 50,
  "energy_kcal_mol": 791794.343064,
  "energy_per_atom": 32991.430961,
  "rms_force": 1167554.865181,
  "max_force": 1167554.865181,
  "alpha_final": 0.063619,
  "dt_final": 0.072890,
  "converged": false,
  "classification": "timeout",
  "wall_time_ms": 0.621500,
  "timestamp": "2026-03-28T12:52:45",
  "xyz_file": "benchmark_100\fast\structures\C6H12O6_s224.xyz"
}
