{
  "formula": "C6H12O6",
  "seed": 182,
  "tier": "fast",
  "num_atoms": 24,
  "steps_taken": 50,
  "max_steps": 50,
  "energy_kcal_mol": 879105.598816,
  "energy_per_atom": 36629.399951,
  "rms_force": 964147.074836,
  "max_force": 964147.074836,
  "alpha_final": 0.063619,
  "dt_final": 0.072890,
  "converged": false,
  "classification": "timeout",
  "wall_time_ms": 0.675300,
  "timestamp": "2026-03-28T12:53:13",
  "xyz_file": "benchmark_100\fast\structures\C6H12O6_s182.xyz"
}
