{
  "formula": "C6H12",
  "seed": 308,
  "tier": "fast",
  "num_atoms": 18,
  "steps_taken": 50,
  "max_steps": 50,
  "energy_kcal_mol": 560417.714397,
  "energy_per_atom": 31134.317466,
  "rms_force": 1482190.932666,
  "max_force": 1482190.932666,
  "alpha_final": 0.063619,
  "dt_final": 0.072890,
  "converged": false,
  "classification": "timeout",
  "wall_time_ms": 0.656200,
  "timestamp": "2026-03-28T12:54:08",
  "xyz_file": "benchmark_100\fast\structures\C6H12_s308.xyz"
}
