{
  "formula": "C6H12O6",
  "seed": 427,
  "tier": "fast",
  "num_atoms": 24,
  "steps_taken": 50,
  "max_steps": 50,
  "energy_kcal_mol": 947568.674654,
  "energy_per_atom": 39482.028111,
  "rms_force": 1549294.499481,
  "max_force": 1549294.499481,
  "alpha_final": 0.063619,
  "dt_final": 0.072890,
  "converged": false,
  "classification": "timeout",
  "wall_time_ms": 0.703100,
  "timestamp": "2026-03-28T12:55:03",
  "xyz_file": "benchmark_100\fast\structures\C6H12O6_s427.xyz"
}
