{
  "formula": "C6H10O",
  "seed": 441,
  "tier": "fast",
  "num_atoms": 17,
  "steps_taken": 50,
  "max_steps": 50,
  "energy_kcal_mol": 2839972.031164,
  "energy_per_atom": 167057.178304,
  "rms_force": 7907806.586214,
  "max_force": 7907806.586214,
  "alpha_final": 0.063619,
  "dt_final": 0.072890,
  "converged": false,
  "classification": "timeout",
  "wall_time_ms": 0.648300,
  "timestamp": "2026-03-28T12:53:33",
  "xyz_file": "benchmark_100\fast\structures\C6H10O_s441.xyz"
}
