{
  "formula": "C6H12O6",
  "seed": 329,
  "tier": "fast",
  "num_atoms": 24,
  "steps_taken": 50,
  "max_steps": 50,
  "energy_kcal_mol": 3711567.734939,
  "energy_per_atom": 154648.655622,
  "rms_force": 8199001.626461,
  "max_force": 8199001.626461,
  "alpha_final": 0.063619,
  "dt_final": 0.072890,
  "converged": false,
  "classification": "timeout",
  "wall_time_ms": 0.839100,
  "timestamp": "2026-03-28T12:53:21",
  "xyz_file": "benchmark_100\fast\structures\C6H12O6_s329.xyz"
}
