{
  "formula": "C6H12",
  "seed": 301,
  "tier": "fast",
  "num_atoms": 18,
  "steps_taken": 50,
  "max_steps": 50,
  "energy_kcal_mol": 301560.427897,
  "energy_per_atom": 16753.357105,
  "rms_force": 500644.888746,
  "max_force": 500644.888746,
  "alpha_final": 0.063619,
  "dt_final": 0.072890,
  "converged": false,
  "classification": "timeout",
  "wall_time_ms": 0.591600,
  "timestamp": "2026-03-28T12:53:10",
  "xyz_file": "benchmark_100\fast\structures\C6H12_s301.xyz"
}
