{
  "formula": "C6H10O",
  "seed": 147,
  "tier": "fast",
  "num_atoms": 17,
  "steps_taken": 50,
  "max_steps": 50,
  "energy_kcal_mol": 455361.788232,
  "energy_per_atom": 26785.987543,
  "rms_force": 1160368.308214,
  "max_force": 1160368.308214,
  "alpha_final": 0.063619,
  "dt_final": 0.072890,
  "converged": false,
  "classification": "timeout",
  "wall_time_ms": 0.906700,
  "timestamp": "2026-03-28T12:55:22",
  "xyz_file": "benchmark_100\fast\structures\C6H10O_s147.xyz"
}
