{
  "formula": "C6H12",
  "seed": 315,
  "tier": "fast",
  "num_atoms": 18,
  "steps_taken": 50,
  "max_steps": 50,
  "energy_kcal_mol": 678961.788922,
  "energy_per_atom": 37720.099385,
  "rms_force": 1483353.649413,
  "max_force": 1483353.649413,
  "alpha_final": 0.063619,
  "dt_final": 0.072890,
  "converged": false,
  "classification": "timeout",
  "wall_time_ms": 0.508300,
  "timestamp": "2026-03-28T12:53:28",
  "xyz_file": "benchmark_100\fast\structures\C6H12_s315.xyz"
}
