{
  "formula": "C6H12O6",
  "seed": 280,
  "tier": "fast",
  "num_atoms": 24,
  "steps_taken": 50,
  "max_steps": 50,
  "energy_kcal_mol": 1026684.498813,
  "energy_per_atom": 42778.520784,
  "rms_force": 1973024.543986,
  "max_force": 1973024.543986,
  "alpha_final": 0.063619,
  "dt_final": 0.072890,
  "converged": false,
  "classification": "timeout",
  "wall_time_ms": 0.640400,
  "timestamp": "2026-03-28T12:54:51",
  "xyz_file": "benchmark_100\fast\structures\C6H12O6_s280.xyz"
}
