{
  "formula": "C6H12O6",
  "seed": 63,
  "tier": "fast",
  "num_atoms": 24,
  "steps_taken": 50,
  "max_steps": 50,
  "energy_kcal_mol": 1017846.784326,
  "energy_per_atom": 42410.282680,
  "rms_force": 1572450.668419,
  "max_force": 1572450.668419,
  "alpha_final": 0.063619,
  "dt_final": 0.072890,
  "converged": false,
  "classification": "timeout",
  "wall_time_ms": 0.701000,
  "timestamp": "2026-03-28T12:53:36",
  "xyz_file": "benchmark_100\fast\structures\C6H12O6_s63.xyz"
}
