{
  "formula": "C6H12O6",
  "seed": 504,
  "tier": "fast",
  "num_atoms": 24,
  "steps_taken": 50,
  "max_steps": 50,
  "energy_kcal_mol": 549621.222988,
  "energy_per_atom": 22900.884291,
  "rms_force": 511970.168159,
  "max_force": 511970.168159,
  "alpha_final": 0.063619,
  "dt_final": 0.072890,
  "converged": false,
  "classification": "timeout",
  "wall_time_ms": 0.704800,
  "timestamp": "2026-03-28T12:56:05",
  "xyz_file": "benchmark_100\fast\structures\C6H12O6_s504.xyz"
}
