{
  "formula": "C6H10O",
  "seed": 420,
  "tier": "fast",
  "num_atoms": 17,
  "steps_taken": 50,
  "max_steps": 50,
  "energy_kcal_mol": 500453.541411,
  "energy_per_atom": 29438.443612,
  "rms_force": 1244303.084581,
  "max_force": 1244303.084581,
  "alpha_final": 0.063619,
  "dt_final": 0.072890,
  "converged": false,
  "classification": "timeout",
  "wall_time_ms": 0.515000,
  "timestamp": "2026-03-28T12:53:13",
  "xyz_file": "benchmark_100\fast\structures\C6H10O_s420.xyz"
}
