{
  "formula": "C6H10O",
  "seed": 371,
  "tier": "fast",
  "num_atoms": 17,
  "steps_taken": 50,
  "max_steps": 50,
  "energy_kcal_mol": 644231.976526,
  "energy_per_atom": 37895.998619,
  "rms_force": 1182660.174442,
  "max_force": 1182660.174442,
  "alpha_final": 0.063619,
  "dt_final": 0.072890,
  "converged": false,
  "classification": "timeout",
  "wall_time_ms": 0.678300,
  "timestamp": "2026-03-28T12:53:06",
  "xyz_file": "benchmark_100\fast\structures\C6H10O_s371.xyz"
}
