{
  "formula": "C6H12O6",
  "seed": 140,
  "tier": "fast",
  "num_atoms": 24,
  "steps_taken": 50,
  "max_steps": 50,
  "energy_kcal_mol": 1185828.850696,
  "energy_per_atom": 49409.535446,
  "rms_force": 1587308.783244,
  "max_force": 1587308.783244,
  "alpha_final": 0.063619,
  "dt_final": 0.072890,
  "converged": false,
  "classification": "timeout",
  "wall_time_ms": 0.768000,
  "timestamp": "2026-03-28T12:53:46",
  "xyz_file": "benchmark_100\fast\structures\C6H12O6_s140.xyz"
}
