{
  "formula": "C6H12O6",
  "seed": 392,
  "tier": "fast",
  "num_atoms": 24,
  "steps_taken": 50,
  "max_steps": 50,
  "energy_kcal_mol": 2301033.939923,
  "energy_per_atom": 95876.414163,
  "rms_force": 5462277.208563,
  "max_force": 5462277.208563,
  "alpha_final": 0.063619,
  "dt_final": 0.072890,
  "converged": false,
  "classification": "timeout",
  "wall_time_ms": 0.709500,
  "timestamp": "2026-03-28T12:54:58",
  "xyz_file": "benchmark_100\fast\structures\C6H12O6_s392.xyz"
}
