{
  "formula": "C6H10O",
  "seed": 161,
  "tier": "fast",
  "num_atoms": 17,
  "steps_taken": 50,
  "max_steps": 50,
  "energy_kcal_mol": 239278.528462,
  "energy_per_atom": 14075.207557,
  "rms_force": 401852.523892,
  "max_force": 401852.523892,
  "alpha_final": 0.063619,
  "dt_final": 0.072890,
  "converged": false,
  "classification": "timeout",
  "wall_time_ms": 0.992600,
  "timestamp": "2026-03-28T12:55:30",
  "xyz_file": "benchmark_100\fast\structures\C6H10O_s161.xyz"
}
