{
  "formula": "C6H12O6",
  "seed": 371,
  "tier": "fast",
  "num_atoms": 24,
  "steps_taken": 50,
  "max_steps": 50,
  "energy_kcal_mol": 1599356.522935,
  "energy_per_atom": 66639.855122,
  "rms_force": 2418756.990365,
  "max_force": 2418756.990365,
  "alpha_final": 0.063619,
  "dt_final": 0.072890,
  "converged": false,
  "classification": "timeout",
  "wall_time_ms": 0.694900,
  "timestamp": "2026-03-28T12:55:27",
  "xyz_file": "benchmark_100\fast\structures\C6H12O6_s371.xyz"
}
