{
  "formula": "C6H5OH",
  "seed": 420,
  "tier": "fast",
  "num_atoms": 13,
  "steps_taken": 50,
  "max_steps": 50,
  "energy_kcal_mol": 1036544.420418,
  "energy_per_atom": 79734.186186,
  "rms_force": 4930536.607413,
  "max_force": 4930536.607413,
  "alpha_final": 0.063619,
  "dt_final": 0.072890,
  "converged": false,
  "classification": "timeout",
  "wall_time_ms": 0.692800,
  "timestamp": "2026-03-28T12:55:43",
  "xyz_file": "benchmark_100\fast\structures\C6H5OH_s420.xyz"
}
