{
  "formula": "C6H5CH3",
  "seed": 189,
  "tier": "fast",
  "num_atoms": 15,
  "steps_taken": 50,
  "max_steps": 50,
  "energy_kcal_mol": 1963089.952362,
  "energy_per_atom": 130872.663491,
  "rms_force": 7098776.806148,
  "max_force": 7098776.806148,
  "alpha_final": 0.063619,
  "dt_final": 0.072890,
  "converged": false,
  "classification": "timeout",
  "wall_time_ms": 0.452200,
  "timestamp": "2026-03-28T12:54:33",
  "xyz_file": "benchmark_100\fast\structures\C6H5CH3_s189.xyz"
}
