{
  "formula": "C6H5CH3",
  "seed": 672,
  "tier": "fast",
  "num_atoms": 15,
  "steps_taken": 50,
  "max_steps": 50,
  "energy_kcal_mol": 359632.640317,
  "energy_per_atom": 23975.509354,
  "rms_force": 1097769.068087,
  "max_force": 1097769.068087,
  "alpha_final": 0.063619,
  "dt_final": 0.072890,
  "converged": false,
  "classification": "timeout",
  "wall_time_ms": 0.535600,
  "timestamp": "2026-03-28T12:53:41",
  "xyz_file": "benchmark_100\fast\structures\C6H5CH3_s672.xyz"
}
