{
  "formula": "C6H5CH3",
  "seed": 679,
  "tier": "fast",
  "num_atoms": 15,
  "steps_taken": 50,
  "max_steps": 50,
  "energy_kcal_mol": 446163.314073,
  "energy_per_atom": 29744.220938,
  "rms_force": 1341864.447514,
  "max_force": 1341864.447514,
  "alpha_final": 0.063619,
  "dt_final": 0.072890,
  "converged": false,
  "classification": "timeout",
  "wall_time_ms": 0.514800,
  "timestamp": "2026-03-28T12:53:36",
  "xyz_file": "benchmark_100\fast\structures\C6H5CH3_s679.xyz"
}
