{
  "formula": "C6H5NH2",
  "seed": 189,
  "tier": "fast",
  "num_atoms": 14,
  "steps_taken": 50,
  "max_steps": 50,
  "energy_kcal_mol": 1273885.046300,
  "energy_per_atom": 90991.789021,
  "rms_force": 4612028.457158,
  "max_force": 4612028.457158,
  "alpha_final": 0.063619,
  "dt_final": 0.072890,
  "converged": false,
  "classification": "timeout",
  "wall_time_ms": 0.571000,
  "timestamp": "2026-03-28T12:53:46",
  "xyz_file": "benchmark_100\fast\structures\C6H5NH2_s189.xyz"
}
