{
  "formula": "C6H5CH3",
  "seed": 651,
  "tier": "fast",
  "num_atoms": 15,
  "steps_taken": 50,
  "max_steps": 50,
  "energy_kcal_mol": 736211.860346,
  "energy_per_atom": 49080.790690,
  "rms_force": 2142989.291238,
  "max_force": 2142989.291238,
  "alpha_final": 0.063619,
  "dt_final": 0.072890,
  "converged": false,
  "classification": "timeout",
  "wall_time_ms": 0.649300,
  "timestamp": "2026-03-28T12:55:27",
  "xyz_file": "benchmark_100\fast\structures\C6H5CH3_s651.xyz"
}
