{
  "formula": "C8H18",
  "seed": 350,
  "tier": "fast",
  "num_atoms": 26,
  "steps_taken": 50,
  "max_steps": 50,
  "energy_kcal_mol": 3290721.982318,
  "energy_per_atom": 126566.230089,
  "rms_force": 4516586.086269,
  "max_force": 4516586.086269,
  "alpha_final": 0.063619,
  "dt_final": 0.072890,
  "converged": false,
  "classification": "timeout",
  "wall_time_ms": 0.715000,
  "timestamp": "2026-03-28T12:53:10",
  "xyz_file": "benchmark_100\fast\structures\C8H18_s350.xyz"
}
