{
  "formula": "C8H18",
  "seed": 406,
  "tier": "fast",
  "num_atoms": 26,
  "steps_taken": 50,
  "max_steps": 50,
  "energy_kcal_mol": 3480568.699757,
  "energy_per_atom": 133868.026914,
  "rms_force": 5687151.261034,
  "max_force": 5687151.261034,
  "alpha_final": 0.063619,
  "dt_final": 0.072890,
  "converged": false,
  "classification": "timeout",
  "wall_time_ms": 0.836200,
  "timestamp": "2026-03-28T12:55:27",
  "xyz_file": "benchmark_100\fast\structures\C8H18_s406.xyz"
}
