{
  "formula": "C8H18",
  "seed": 343,
  "tier": "fast",
  "num_atoms": 26,
  "steps_taken": 50,
  "max_steps": 50,
  "energy_kcal_mol": 4203199.967379,
  "energy_per_atom": 161661.537207,
  "rms_force": 6395375.609096,
  "max_force": 6395375.609096,
  "alpha_final": 0.063619,
  "dt_final": 0.072890,
  "converged": false,
  "classification": "timeout",
  "wall_time_ms": 0.768100,
  "timestamp": "2026-03-28T12:53:31",
  "xyz_file": "benchmark_100\fast\structures\C8H18_s343.xyz"
}
