{
  "formula": "C8H18",
  "seed": 259,
  "tier": "fast",
  "num_atoms": 26,
  "steps_taken": 50,
  "max_steps": 50,
  "energy_kcal_mol": 8665617.582339,
  "energy_per_atom": 333292.983936,
  "rms_force": 19577790.088382,
  "max_force": 19577790.088382,
  "alpha_final": 0.063619,
  "dt_final": 0.072890,
  "converged": false,
  "classification": "timeout",
  "wall_time_ms": 0.783800,
  "timestamp": "2026-03-28T12:53:06",
  "xyz_file": "benchmark_100\fast\structures\C8H18_s259.xyz"
}
