{
  "formula": "C8H18",
  "seed": 553,
  "tier": "fast",
  "num_atoms": 26,
  "steps_taken": 50,
  "max_steps": 50,
  "energy_kcal_mol": 8026393.097707,
  "energy_per_atom": 308707.426835,
  "rms_force": 19709091.696765,
  "max_force": 19709091.696765,
  "alpha_final": 0.063619,
  "dt_final": 0.072890,
  "converged": false,
  "classification": "timeout",
  "wall_time_ms": 0.739900,
  "timestamp": "2026-03-28T12:54:21",
  "xyz_file": "benchmark_100\fast\structures\C8H18_s553.xyz"
}
