{
  "formula": "C8H18",
  "seed": 126,
  "tier": "fast",
  "num_atoms": 26,
  "steps_taken": 50,
  "max_steps": 50,
  "energy_kcal_mol": 8028535.662256,
  "energy_per_atom": 308789.833164,
  "rms_force": 19146472.669862,
  "max_force": 19146472.669862,
  "alpha_final": 0.063619,
  "dt_final": 0.072890,
  "converged": false,
  "classification": "timeout",
  "wall_time_ms": 0.774200,
  "timestamp": "2026-03-28T12:53:23",
  "xyz_file": "benchmark_100\fast\structures\C8H18_s126.xyz"
}
