{
  "formula": "C8H18",
  "seed": 371,
  "tier": "fast",
  "num_atoms": 26,
  "steps_taken": 50,
  "max_steps": 50,
  "energy_kcal_mol": 20689507.082901,
  "energy_per_atom": 795750.272419,
  "rms_force": 80101364.263389,
  "max_force": 80101364.263389,
  "alpha_final": 0.063619,
  "dt_final": 0.072890,
  "converged": false,
  "classification": "timeout",
  "wall_time_ms": 0.639900,
  "timestamp": "2026-03-28T12:56:05",
  "xyz_file": "benchmark_100\fast\structures\C8H18_s371.xyz"
}
