{
  "formula": "C8H18",
  "seed": 378,
  "tier": "fast",
  "num_atoms": 26,
  "steps_taken": 50,
  "max_steps": 50,
  "energy_kcal_mol": 6576741.365726,
  "energy_per_atom": 252951.590989,
  "rms_force": 10186490.757719,
  "max_force": 10186490.757719,
  "alpha_final": 0.063619,
  "dt_final": 0.072890,
  "converged": false,
  "classification": "timeout",
  "wall_time_ms": 0.795300,
  "timestamp": "2026-03-28T12:52:47",
  "xyz_file": "benchmark_100\fast\structures\C8H18_s378.xyz"
}
