{
  "formula": "C8H18",
  "seed": 70,
  "tier": "fast",
  "num_atoms": 26,
  "steps_taken": 50,
  "max_steps": 50,
  "energy_kcal_mol": 2593842.305113,
  "energy_per_atom": 99763.165581,
  "rms_force": 5271849.030190,
  "max_force": 5271849.030190,
  "alpha_final": 0.063619,
  "dt_final": 0.072890,
  "converged": false,
  "classification": "timeout",
  "wall_time_ms": 0.751700,
  "timestamp": "2026-03-28T12:52:42",
  "xyz_file": "benchmark_100\fast\structures\C8H18_s70.xyz"
}
