{
  "formula": "C8H18",
  "seed": 63,
  "tier": "fast",
  "num_atoms": 26,
  "steps_taken": 50,
  "max_steps": 50,
  "energy_kcal_mol": 2592403.916834,
  "energy_per_atom": 99707.842955,
  "rms_force": 5245492.849164,
  "max_force": 5245492.849164,
  "alpha_final": 0.063619,
  "dt_final": 0.072890,
  "converged": false,
  "classification": "timeout",
  "wall_time_ms": 0.849800,
  "timestamp": "2026-03-28T12:55:00",
  "xyz_file": "benchmark_100\fast\structures\C8H18_s63.xyz"
}
