{
  "formula": "C8H18",
  "seed": 154,
  "tier": "fast",
  "num_atoms": 26,
  "steps_taken": 50,
  "max_steps": 50,
  "energy_kcal_mol": 4409008.101916,
  "energy_per_atom": 169577.234689,
  "rms_force": 7349262.978029,
  "max_force": 7349262.978029,
  "alpha_final": 0.063619,
  "dt_final": 0.072890,
  "converged": false,
  "classification": "timeout",
  "wall_time_ms": 0.707400,
  "timestamp": "2026-03-28T12:54:53",
  "xyz_file": "benchmark_100\fast\structures\C8H18_s154.xyz"
}
