{
  "formula": "C8H18",
  "seed": 119,
  "tier": "fast",
  "num_atoms": 26,
  "steps_taken": 50,
  "max_steps": 50,
  "energy_kcal_mol": 2677018.112338,
  "energy_per_atom": 102962.235090,
  "rms_force": 3565484.220634,
  "max_force": 3565484.220634,
  "alpha_final": 0.063619,
  "dt_final": 0.072890,
  "converged": false,
  "classification": "timeout",
  "wall_time_ms": 0.794600,
  "timestamp": "2026-03-28T12:55:40",
  "xyz_file": "benchmark_100\fast\structures\C8H18_s119.xyz"
}
