{
  "formula": "C8H18",
  "seed": 539,
  "tier": "fast",
  "num_atoms": 26,
  "steps_taken": 50,
  "max_steps": 50,
  "energy_kcal_mol": 5334156.381806,
  "energy_per_atom": 205159.860839,
  "rms_force": 14333351.191321,
  "max_force": 14333351.191321,
  "alpha_final": 0.063619,
  "dt_final": 0.072890,
  "converged": false,
  "classification": "timeout",
  "wall_time_ms": 0.888000,
  "timestamp": "2026-03-28T12:55:13",
  "xyz_file": "benchmark_100\fast\structures\C8H18_s539.xyz"
}
