{
  "formula": "Ca3Al2O6",
  "seed": 490,
  "tier": "fast",
  "num_atoms": 11,
  "steps_taken": 50,
  "max_steps": 50,
  "energy_kcal_mol": 1197191.254964,
  "energy_per_atom": 108835.568633,
  "rms_force": 4033968.679345,
  "max_force": 4033968.679345,
  "alpha_final": 0.063619,
  "dt_final": 0.072890,
  "converged": false,
  "classification": "timeout",
  "wall_time_ms": 0.525100,
  "timestamp": "2026-03-28T12:54:33",
  "xyz_file": "benchmark_100\fast\structures\Ca3Al2O6_s490.xyz"
}
