{
  "formula": "Ca3Al2O6",
  "seed": 182,
  "tier": "fast",
  "num_atoms": 11,
  "steps_taken": 50,
  "max_steps": 50,
  "energy_kcal_mol": 429735.959894,
  "energy_per_atom": 39066.905445,
  "rms_force": 1309275.200255,
  "max_force": 1309275.200255,
  "alpha_final": 0.063619,
  "dt_final": 0.072890,
  "converged": false,
  "classification": "timeout",
  "wall_time_ms": 0.574800,
  "timestamp": "2026-03-28T12:55:35",
  "xyz_file": "benchmark_100\fast\structures\Ca3Al2O6_s182.xyz"
}
