{
  "formula": "Ca3Al2O6",
  "seed": 196,
  "tier": "fast",
  "num_atoms": 11,
  "steps_taken": 50,
  "max_steps": 50,
  "energy_kcal_mol": 557086.376148,
  "energy_per_atom": 50644.216013,
  "rms_force": 1714199.189738,
  "max_force": 1714199.189738,
  "alpha_final": 0.063619,
  "dt_final": 0.072890,
  "converged": false,
  "classification": "timeout",
  "wall_time_ms": 0.447800,
  "timestamp": "2026-03-28T12:53:41",
  "xyz_file": "benchmark_100\fast\structures\Ca3Al2O6_s196.xyz"
}
