{
  "formula": "Ca3Al2O6",
  "seed": 651,
  "tier": "fast",
  "num_atoms": 11,
  "steps_taken": 50,
  "max_steps": 50,
  "energy_kcal_mol": 475132.548357,
  "energy_per_atom": 43193.868032,
  "rms_force": 1366975.055708,
  "max_force": 1366975.055708,
  "alpha_final": 0.063619,
  "dt_final": 0.072890,
  "converged": false,
  "classification": "timeout",
  "wall_time_ms": 0.533800,
  "timestamp": "2026-03-28T12:52:35",
  "xyz_file": "benchmark_100\fast\structures\Ca3Al2O6_s651.xyz"
}
