{
  "formula": "Ca3Al2O6",
  "seed": 665,
  "tier": "fast",
  "num_atoms": 11,
  "steps_taken": 50,
  "max_steps": 50,
  "energy_kcal_mol": 526265.289368,
  "energy_per_atom": 47842.299033,
  "rms_force": 1623769.270275,
  "max_force": 1623769.270275,
  "alpha_final": 0.063619,
  "dt_final": 0.072890,
  "converged": false,
  "classification": "timeout",
  "wall_time_ms": 0.487100,
  "timestamp": "2026-03-28T12:53:16",
  "xyz_file": "benchmark_100\fast\structures\Ca3Al2O6_s665.xyz"
}
