{
  "formula": "CH3CH2COCH3",
  "seed": 168,
  "tier": "fast",
  "num_atoms": 13,
  "steps_taken": 50,
  "max_steps": 50,
  "energy_kcal_mol": 11748881.336667,
  "energy_per_atom": 903760.102821,
  "rms_force": 70990223.683236,
  "max_force": 70990223.683236,
  "alpha_final": 0.063619,
  "dt_final": 0.072890,
  "converged": false,
  "classification": "timeout",
  "wall_time_ms": 1.006900,
  "timestamp": "2026-03-28T12:53:16",
  "xyz_file": "benchmark_100\fast\structures\CH3CH2COCH3_s168.xyz"
}
