{
  "formula": "CH3CH2COCH3",
  "seed": 343,
  "tier": "fast",
  "num_atoms": 13,
  "steps_taken": 50,
  "max_steps": 50,
  "energy_kcal_mol": 5236255.565699,
  "energy_per_atom": 402788.889669,
  "rms_force": 29541461.154032,
  "max_force": 29541461.154032,
  "alpha_final": 0.063619,
  "dt_final": 0.072890,
  "converged": false,
  "classification": "timeout",
  "wall_time_ms": 0.579000,
  "timestamp": "2026-03-28T12:54:31",
  "xyz_file": "benchmark_100\fast\structures\CH3CH2COCH3_s343.xyz"
}
