{
  "formula": "P4O10",
  "seed": 406,
  "tier": "fast",
  "num_atoms": 14,
  "steps_taken": 50,
  "max_steps": 50,
  "energy_kcal_mol": 230061.292374,
  "energy_per_atom": 16432.949455,
  "rms_force": 436832.566764,
  "max_force": 436832.566764,
  "alpha_final": 0.063619,
  "dt_final": 0.072890,
  "converged": false,
  "classification": "timeout",
  "wall_time_ms": 0.719200,
  "timestamp": "2026-03-28T12:54:33",
  "xyz_file": "benchmark_100\fast\structures\P4O10_s406.xyz"
}
