{
  "formula": "P4O10",
  "seed": 154,
  "tier": "fast",
  "num_atoms": 14,
  "steps_taken": 50,
  "max_steps": 50,
  "energy_kcal_mol": 826354.543265,
  "energy_per_atom": 59025.324519,
  "rms_force": 1945054.151994,
  "max_force": 1945054.151994,
  "alpha_final": 0.063619,
  "dt_final": 0.072890,
  "converged": false,
  "classification": "timeout",
  "wall_time_ms": 0.501200,
  "timestamp": "2026-03-28T12:53:51",
  "xyz_file": "benchmark_100\fast\structures\P4O10_s154.xyz"
}
