{
  "formula": "P4O10",
  "seed": 196,
  "tier": "fast",
  "num_atoms": 14,
  "steps_taken": 50,
  "max_steps": 50,
  "energy_kcal_mol": 912532.476926,
  "energy_per_atom": 65180.891209,
  "rms_force": 2437526.882167,
  "max_force": 2437526.882167,
  "alpha_final": 0.063619,
  "dt_final": 0.072890,
  "converged": false,
  "classification": "timeout",
  "wall_time_ms": 0.540600,
  "timestamp": "2026-03-28T12:55:03",
  "xyz_file": "benchmark_100\fast\structures\P4O10_s196.xyz"
}
