{
  "formula": "P4O10",
  "seed": 336,
  "tier": "fast",
  "num_atoms": 14,
  "steps_taken": 50,
  "max_steps": 50,
  "energy_kcal_mol": 370620.871408,
  "energy_per_atom": 26472.919386,
  "rms_force": 921656.262628,
  "max_force": 921656.262628,
  "alpha_final": 0.063619,
  "dt_final": 0.072890,
  "converged": false,
  "classification": "timeout",
  "wall_time_ms": 0.550300,
  "timestamp": "2026-03-28T12:52:42",
  "xyz_file": "benchmark_100\fast\structures\P4O10_s336.xyz"
}
