{
  "formula": "P4O10",
  "seed": 413,
  "tier": "fast",
  "num_atoms": 14,
  "steps_taken": 50,
  "max_steps": 50,
  "energy_kcal_mol": 306088.650882,
  "energy_per_atom": 21863.475063,
  "rms_force": 503226.682838,
  "max_force": 503226.682838,
  "alpha_final": 0.063619,
  "dt_final": 0.072890,
  "converged": false,
  "classification": "timeout",
  "wall_time_ms": 0.480200,
  "timestamp": "2026-03-28T12:56:14",
  "xyz_file": "benchmark_100\fast\structures\P4O10_s413.xyz"
}
