{
  "formula": "P4O10",
  "seed": 224,
  "tier": "fast",
  "num_atoms": 14,
  "steps_taken": 50,
  "max_steps": 50,
  "energy_kcal_mol": 207008.402276,
  "energy_per_atom": 14786.314448,
  "rms_force": 309841.555824,
  "max_force": 309841.555824,
  "alpha_final": 0.063619,
  "dt_final": 0.072890,
  "converged": false,
  "classification": "timeout",
  "wall_time_ms": 0.664400,
  "timestamp": "2026-03-28T12:54:11",
  "xyz_file": "benchmark_100\fast\structures\P4O10_s224.xyz"
}
