{
  "formula": "P4O10",
  "seed": 567,
  "tier": "fast",
  "num_atoms": 14,
  "steps_taken": 50,
  "max_steps": 50,
  "energy_kcal_mol": 383966.191216,
  "energy_per_atom": 27426.156515,
  "rms_force": 928708.842438,
  "max_force": 928708.842438,
  "alpha_final": 0.063619,
  "dt_final": 0.072890,
  "converged": false,
  "classification": "timeout",
  "wall_time_ms": 0.585900,
  "timestamp": "2026-03-28T12:56:24",
  "xyz_file": "benchmark_100\fast\structures\P4O10_s567.xyz"
}
