{
  "formula": "P4O10",
  "seed": 546,
  "tier": "fast",
  "num_atoms": 14,
  "steps_taken": 50,
  "max_steps": 50,
  "energy_kcal_mol": 205990.856536,
  "energy_per_atom": 14713.632610,
  "rms_force": 225183.400484,
  "max_force": 225183.400484,
  "alpha_final": 0.063619,
  "dt_final": 0.072890,
  "converged": false,
  "classification": "timeout",
  "wall_time_ms": 0.538600,
  "timestamp": "2026-03-28T12:55:27",
  "xyz_file": "benchmark_100\fast\structures\P4O10_s546.xyz"
}
