{
  "formula": "P4O10",
  "seed": 126,
  "tier": "fast",
  "num_atoms": 14,
  "steps_taken": 50,
  "max_steps": 50,
  "energy_kcal_mol": 495282.036624,
  "energy_per_atom": 35377.288330,
  "rms_force": 1159504.583154,
  "max_force": 1159504.583154,
  "alpha_final": 0.063619,
  "dt_final": 0.072890,
  "converged": false,
  "classification": "timeout",
  "wall_time_ms": 0.705000,
  "timestamp": "2026-03-28T12:53:28",
  "xyz_file": "benchmark_100\fast\structures\P4O10_s126.xyz"
}
