{
  "formula": "P4O10",
  "seed": 595,
  "tier": "fast",
  "num_atoms": 14,
  "steps_taken": 50,
  "max_steps": 50,
  "energy_kcal_mol": 371762.927959,
  "energy_per_atom": 26554.494854,
  "rms_force": 668077.296575,
  "max_force": 668077.296575,
  "alpha_final": 0.063619,
  "dt_final": 0.072890,
  "converged": false,
  "classification": "timeout",
  "wall_time_ms": 0.579800,
  "timestamp": "2026-03-28T12:54:09",
  "xyz_file": "benchmark_100\fast\structures\P4O10_s595.xyz"
}
