{
  "formula": "P4O10",
  "seed": 231,
  "tier": "fast",
  "num_atoms": 14,
  "steps_taken": 50,
  "max_steps": 50,
  "energy_kcal_mol": 1733289.037893,
  "energy_per_atom": 123806.359849,
  "rms_force": 5931203.262165,
  "max_force": 5931203.262165,
  "alpha_final": 0.063619,
  "dt_final": 0.072890,
  "converged": false,
  "classification": "timeout",
  "wall_time_ms": 0.542700,
  "timestamp": "2026-03-28T12:53:36",
  "xyz_file": "benchmark_100\fast\structures\P4O10_s231.xyz"
}
