{
  "formula": "P4O10",
  "seed": 168,
  "tier": "fast",
  "num_atoms": 14,
  "steps_taken": 50,
  "max_steps": 50,
  "energy_kcal_mol": 328286.083266,
  "energy_per_atom": 23449.005948,
  "rms_force": 587981.831404,
  "max_force": 587981.831404,
  "alpha_final": 0.063619,
  "dt_final": 0.072890,
  "converged": false,
  "classification": "timeout",
  "wall_time_ms": 0.492100,
  "timestamp": "2026-03-28T12:54:45",
  "xyz_file": "benchmark_100\fast\structures\P4O10_s168.xyz"
}
