{
  "formula": "P4O10",
  "seed": 539,
  "tier": "fast",
  "num_atoms": 14,
  "steps_taken": 50,
  "max_steps": 50,
  "energy_kcal_mol": 1017342.479540,
  "energy_per_atom": 72667.319967,
  "rms_force": 2760394.704979,
  "max_force": 2760394.704979,
  "alpha_final": 0.063619,
  "dt_final": 0.072890,
  "converged": false,
  "classification": "timeout",
  "wall_time_ms": 0.501200,
  "timestamp": "2026-03-28T12:52:48",
  "xyz_file": "benchmark_100\fast\structures\P4O10_s539.xyz"
}
