{
  "formula": "C10H8",
  "seed": 385,
  "tier": "fast",
  "num_atoms": 18,
  "steps_taken": 50,
  "max_steps": 50,
  "energy_kcal_mol": 551268.777894,
  "energy_per_atom": 30626.043216,
  "rms_force": 1064842.769526,
  "max_force": 1064842.769526,
  "alpha_final": 0.063619,
  "dt_final": 0.072890,
  "converged": false,
  "classification": "timeout",
  "wall_time_ms": 0.524700,
  "timestamp": "2026-03-28T13:05:58",
  "xyz_file": "benchmark_v2\fast\structures\C10H8_s385.xyz"
}
