{
  "formula": "C10H22",
  "seed": 413,
  "tier": "fast",
  "num_atoms": 32,
  "steps_taken": 50,
  "max_steps": 50,
  "energy_kcal_mol": 25231737.432818,
  "energy_per_atom": 788491.794776,
  "rms_force": 83045331.280346,
  "max_force": 83045331.280346,
  "alpha_final": 0.063619,
  "dt_final": 0.072890,
  "converged": false,
  "classification": "timeout",
  "wall_time_ms": 0.793800,
  "timestamp": "2026-03-28T13:04:17",
  "xyz_file": "benchmark_v2\fast\structures\C10H22_s413.xyz"
}
