{
  "formula": "C10H8",
  "seed": 252,
  "tier": "fast",
  "num_atoms": 18,
  "steps_taken": 50,
  "max_steps": 50,
  "energy_kcal_mol": 1803109.450105,
  "energy_per_atom": 100172.747228,
  "rms_force": 5137144.062055,
  "max_force": 5137144.062055,
  "alpha_final": 0.063619,
  "dt_final": 0.072890,
  "converged": false,
  "classification": "timeout",
  "wall_time_ms": 0.539900,
  "timestamp": "2026-03-28T13:07:09",
  "xyz_file": "benchmark_v2\fast\structures\C10H8_s252.xyz"
}
