{
  "formula": "C10H22",
  "seed": 308,
  "tier": "fast",
  "num_atoms": 32,
  "steps_taken": 50,
  "max_steps": 50,
  "energy_kcal_mol": 51982624.490894,
  "energy_per_atom": 1624457.015340,
  "rms_force": 168255255.355891,
  "max_force": 168255255.355891,
  "alpha_final": 0.063619,
  "dt_final": 0.072890,
  "converged": false,
  "classification": "timeout",
  "wall_time_ms": 0.862200,
  "timestamp": "2026-03-28T13:05:46",
  "xyz_file": "benchmark_v2\fast\structures\C10H22_s308.xyz"
}
