{
  "formula": "C10H8",
  "seed": 301,
  "tier": "fast",
  "num_atoms": 18,
  "steps_taken": 50,
  "max_steps": 50,
  "energy_kcal_mol": 930178.588298,
  "energy_per_atom": 51676.588239,
  "rms_force": 1487837.908033,
  "max_force": 1487837.908033,
  "alpha_final": 0.063619,
  "dt_final": 0.072890,
  "converged": false,
  "classification": "timeout",
  "wall_time_ms": 0.520800,
  "timestamp": "2026-03-28T13:05:20",
  "xyz_file": "benchmark_v2\fast\structures\C10H8_s301.xyz"
}
