{
  "formula": "C10H22",
  "seed": 245,
  "tier": "fast",
  "num_atoms": 32,
  "steps_taken": 50,
  "max_steps": 50,
  "energy_kcal_mol": 10290678.896126,
  "energy_per_atom": 321583.715504,
  "rms_force": 14083575.532648,
  "max_force": 14083575.532648,
  "alpha_final": 0.063619,
  "dt_final": 0.072890,
  "converged": false,
  "classification": "timeout",
  "wall_time_ms": 0.994200,
  "timestamp": "2026-03-28T13:05:30",
  "xyz_file": "benchmark_v2\fast\structures\C10H22_s245.xyz"
}
