{
  "formula": "C10H8",
  "seed": 574,
  "tier": "fast",
  "num_atoms": 18,
  "steps_taken": 50,
  "max_steps": 50,
  "energy_kcal_mol": 2056145.412509,
  "energy_per_atom": 114230.300695,
  "rms_force": 5858168.866360,
  "max_force": 5858168.866360,
  "alpha_final": 0.063619,
  "dt_final": 0.072890,
  "converged": false,
  "classification": "timeout",
  "wall_time_ms": 0.580400,
  "timestamp": "2026-03-28T13:07:11",
  "xyz_file": "benchmark_v2\fast\structures\C10H8_s574.xyz"
}
