{
  "formula": "C10H22",
  "seed": 210,
  "tier": "fast",
  "num_atoms": 32,
  "steps_taken": 50,
  "max_steps": 50,
  "energy_kcal_mol": 6704112.546930,
  "energy_per_atom": 209503.517092,
  "rms_force": 5121163.542587,
  "max_force": 5121163.542587,
  "alpha_final": 0.063619,
  "dt_final": 0.072890,
  "converged": false,
  "classification": "timeout",
  "wall_time_ms": 0.876400,
  "timestamp": "2026-03-28T13:04:38",
  "xyz_file": "benchmark_v2\fast\structures\C10H22_s210.xyz"
}
