{
  "formula": "C10H22",
  "seed": 287,
  "tier": "fast",
  "num_atoms": 32,
  "steps_taken": 50,
  "max_steps": 50,
  "energy_kcal_mol": 18539160.123945,
  "energy_per_atom": 579348.753873,
  "rms_force": 20932281.832374,
  "max_force": 20932281.832374,
  "alpha_final": 0.063619,
  "dt_final": 0.072890,
  "converged": false,
  "classification": "timeout",
  "wall_time_ms": 0.773300,
  "timestamp": "2026-03-28T13:07:22",
  "xyz_file": "benchmark_v2\fast\structures\C10H22_s287.xyz"
}
