{
  "formula": "C10H8",
  "seed": 203,
  "tier": "fast",
  "num_atoms": 18,
  "steps_taken": 50,
  "max_steps": 50,
  "energy_kcal_mol": 1576624.517964,
  "energy_per_atom": 87590.250998,
  "rms_force": 4365940.747527,
  "max_force": 4365940.747527,
  "alpha_final": 0.063619,
  "dt_final": 0.072890,
  "converged": false,
  "classification": "timeout",
  "wall_time_ms": 0.444300,
  "timestamp": "2026-03-28T13:07:26",
  "xyz_file": "benchmark_v2\fast\structures\C10H8_s203.xyz"
}
