{
  "formula": "C10H22",
  "seed": 434,
  "tier": "fast",
  "num_atoms": 32,
  "steps_taken": 50,
  "max_steps": 50,
  "energy_kcal_mol": 29623979.676580,
  "energy_per_atom": 925749.364893,
  "rms_force": 70334791.245687,
  "max_force": 70334791.245687,
  "alpha_final": 0.063619,
  "dt_final": 0.072890,
  "converged": false,
  "classification": "timeout",
  "wall_time_ms": 0.804200,
  "timestamp": "2026-03-28T13:05:26",
  "xyz_file": "benchmark_v2\fast\structures\C10H22_s434.xyz"
}
