{
  "formula": "C10H22",
  "seed": 140,
  "tier": "fast",
  "num_atoms": 32,
  "steps_taken": 50,
  "max_steps": 50,
  "energy_kcal_mol": 6159089.357155,
  "energy_per_atom": 192471.542411,
  "rms_force": 6031119.450402,
  "max_force": 6031119.450402,
  "alpha_final": 0.063619,
  "dt_final": 0.072890,
  "converged": false,
  "classification": "timeout",
  "wall_time_ms": 0.786700,
  "timestamp": "2026-03-28T13:07:11",
  "xyz_file": "benchmark_v2\fast\structures\C10H22_s140.xyz"
}
