{
  "formula": "C10H22",
  "seed": 630,
  "tier": "fast",
  "num_atoms": 32,
  "steps_taken": 50,
  "max_steps": 50,
  "energy_kcal_mol": 14212633.216010,
  "energy_per_atom": 444144.788000,
  "rms_force": 36670293.810937,
  "max_force": 36670293.810937,
  "alpha_final": 0.063619,
  "dt_final": 0.072890,
  "converged": false,
  "classification": "timeout",
  "wall_time_ms": 0.834800,
  "timestamp": "2026-03-28T13:06:08",
  "xyz_file": "benchmark_v2\fast\structures\C10H22_s630.xyz"
}
