{
  "formula": "C10H22",
  "seed": 609,
  "tier": "fast",
  "num_atoms": 32,
  "steps_taken": 50,
  "max_steps": 50,
  "energy_kcal_mol": 4127411.971643,
  "energy_per_atom": 128981.624114,
  "rms_force": 3881564.805315,
  "max_force": 3881564.805315,
  "alpha_final": 0.063619,
  "dt_final": 0.072890,
  "converged": false,
  "classification": "timeout",
  "wall_time_ms": 0.900600,
  "timestamp": "2026-03-28T13:06:11",
  "xyz_file": "benchmark_v2\fast\structures\C10H22_s609.xyz"
}
