{
  "formula": "C10H22",
  "seed": 350,
  "tier": "fast",
  "num_atoms": 32,
  "steps_taken": 50,
  "max_steps": 50,
  "energy_kcal_mol": 25306460.092750,
  "energy_per_atom": 790826.877898,
  "rms_force": 70133587.377070,
  "max_force": 70133587.377070,
  "alpha_final": 0.063619,
  "dt_final": 0.072890,
  "converged": false,
  "classification": "timeout",
  "wall_time_ms": 0.923000,
  "timestamp": "2026-03-28T13:05:56",
  "xyz_file": "benchmark_v2\fast\structures\C10H22_s350.xyz"
}
