{
  "formula": "C10H8",
  "seed": 469,
  "tier": "fast",
  "num_atoms": 18,
  "steps_taken": 50,
  "max_steps": 50,
  "energy_kcal_mol": 1952709.621779,
  "energy_per_atom": 108483.867877,
  "rms_force": 4732773.469697,
  "max_force": 4732773.469697,
  "alpha_final": 0.063619,
  "dt_final": 0.072890,
  "converged": false,
  "classification": "timeout",
  "wall_time_ms": 0.739000,
  "timestamp": "2026-03-28T13:06:08",
  "xyz_file": "benchmark_v2\fast\structures\C10H8_s469.xyz"
}
