{
  "formula": "C10H8",
  "seed": 105,
  "tier": "fast",
  "num_atoms": 18,
  "steps_taken": 50,
  "max_steps": 50,
  "energy_kcal_mol": 869623.240173,
  "energy_per_atom": 48312.402232,
  "rms_force": 1877771.834849,
  "max_force": 1877771.834849,
  "alpha_final": 0.063619,
  "dt_final": 0.072890,
  "converged": false,
  "classification": "timeout",
  "wall_time_ms": 0.735900,
  "timestamp": "2026-03-28T13:07:34",
  "xyz_file": "benchmark_v2\fast\structures\C10H8_s105.xyz"
}
