{
  "formula": "C10H8",
  "seed": 462,
  "tier": "fast",
  "num_atoms": 18,
  "steps_taken": 50,
  "max_steps": 50,
  "energy_kcal_mol": 877168.992101,
  "energy_per_atom": 48731.610672,
  "rms_force": 1922900.567685,
  "max_force": 1922900.567685,
  "alpha_final": 0.063619,
  "dt_final": 0.072890,
  "converged": false,
  "classification": "timeout",
  "wall_time_ms": 0.800500,
  "timestamp": "2026-03-28T13:05:03",
  "xyz_file": "benchmark_v2\fast\structures\C10H8_s462.xyz"
}
