{
  "formula": "C10H22",
  "seed": 238,
  "tier": "fast",
  "num_atoms": 32,
  "steps_taken": 50,
  "max_steps": 50,
  "energy_kcal_mol": 116358374.713589,
  "energy_per_atom": 3636199.209800,
  "rms_force": 474326089.568091,
  "max_force": 474326089.568091,
  "alpha_final": 0.063619,
  "dt_final": 0.072890,
  "converged": false,
  "classification": "timeout",
  "wall_time_ms": 0.783300,
  "timestamp": "2026-03-28T13:06:32",
  "xyz_file": "benchmark_v2\fast\structures\C10H22_s238.xyz"
}
