{
  "formula": "C10H8",
  "seed": 189,
  "tier": "fast",
  "num_atoms": 18,
  "steps_taken": 50,
  "max_steps": 50,
  "energy_kcal_mol": 5413400.488792,
  "energy_per_atom": 300744.471600,
  "rms_force": 18159176.023521,
  "max_force": 18159176.023521,
  "alpha_final": 0.063619,
  "dt_final": 0.072890,
  "converged": false,
  "classification": "timeout",
  "wall_time_ms": 0.841800,
  "timestamp": "2026-03-28T13:06:03",
  "xyz_file": "benchmark_v2\fast\structures\C10H8_s189.xyz"
}
