{
  "formula": "C10H8",
  "seed": 588,
  "tier": "fast",
  "num_atoms": 18,
  "steps_taken": 50,
  "max_steps": 50,
  "energy_kcal_mol": 1592218.035416,
  "energy_per_atom": 88456.557523,
  "rms_force": 2872119.905971,
  "max_force": 2872119.905971,
  "alpha_final": 0.063619,
  "dt_final": 0.072890,
  "converged": false,
  "classification": "timeout",
  "wall_time_ms": 0.550600,
  "timestamp": "2026-03-28T13:05:31",
  "xyz_file": "benchmark_v2\fast\structures\C10H8_s588.xyz"
}
