{
  "formula": "C10H22",
  "seed": 371,
  "tier": "fast",
  "num_atoms": 32,
  "steps_taken": 50,
  "max_steps": 50,
  "energy_kcal_mol": 77729850.114191,
  "energy_per_atom": 2429057.816068,
  "rms_force": 296243950.086074,
  "max_force": 296243950.086074,
  "alpha_final": 0.063619,
  "dt_final": 0.072890,
  "converged": false,
  "classification": "timeout",
  "wall_time_ms": 0.914100,
  "timestamp": "2026-03-28T13:04:58",
  "xyz_file": "benchmark_v2\fast\structures\C10H22_s371.xyz"
}
