{
  "formula": "C10H22",
  "seed": 462,
  "tier": "fast",
  "num_atoms": 32,
  "steps_taken": 50,
  "max_steps": 50,
  "energy_kcal_mol": 270616489.393556,
  "energy_per_atom": 8456765.293549,
  "rms_force": 1323773171.986022,
  "max_force": 1323773171.986022,
  "alpha_final": 0.063619,
  "dt_final": 0.072890,
  "converged": false,
  "classification": "timeout",
  "wall_time_ms": 0.708500,
  "timestamp": "2026-03-28T13:07:17",
  "xyz_file": "benchmark_v2\fast\structures\C10H22_s462.xyz"
}
