{
  "formula": "C10H22",
  "seed": 98,
  "tier": "fast",
  "num_atoms": 32,
  "steps_taken": 50,
  "max_steps": 50,
  "energy_kcal_mol": 20780013.106939,
  "energy_per_atom": 649375.409592,
  "rms_force": 59304822.361387,
  "max_force": 59304822.361387,
  "alpha_final": 0.063619,
  "dt_final": 0.072890,
  "converged": false,
  "classification": "timeout",
  "wall_time_ms": 0.845200,
  "timestamp": "2026-03-28T13:05:02",
  "xyz_file": "benchmark_v2\fast\structures\C10H22_s98.xyz"
}
