{
  "formula": "C10H22",
  "seed": 147,
  "tier": "fast",
  "num_atoms": 32,
  "steps_taken": 50,
  "max_steps": 50,
  "energy_kcal_mol": 7434296.123276,
  "energy_per_atom": 232321.753852,
  "rms_force": 5231708.547576,
  "max_force": 5231708.547576,
  "alpha_final": 0.063619,
  "dt_final": 0.072890,
  "converged": false,
  "classification": "timeout",
  "wall_time_ms": 0.864400,
  "timestamp": "2026-03-28T13:07:34",
  "xyz_file": "benchmark_v2\fast\structures\C10H22_s147.xyz"
}
