{
  "formula": "C12H26",
  "seed": 357,
  "tier": "fast",
  "num_atoms": 38,
  "steps_taken": 50,
  "max_steps": 50,
  "energy_kcal_mol": 63268481.834994,
  "energy_per_atom": 1664960.048289,
  "rms_force": 94034021.364716,
  "max_force": 94034021.364716,
  "alpha_final": 0.063619,
  "dt_final": 0.072890,
  "converged": false,
  "classification": "timeout",
  "wall_time_ms": 1.172900,
  "timestamp": "2026-03-28T13:05:02",
  "xyz_file": "benchmark_v2\fast\structures\C12H26_s357.xyz"
}
