{
  "formula": "C12H10",
  "seed": 371,
  "tier": "fast",
  "num_atoms": 22,
  "steps_taken": 50,
  "max_steps": 50,
  "energy_kcal_mol": 4995548.361387,
  "energy_per_atom": 227070.380063,
  "rms_force": 13000851.142970,
  "max_force": 13000851.142970,
  "alpha_final": 0.063619,
  "dt_final": 0.072890,
  "converged": false,
  "classification": "timeout",
  "wall_time_ms": 0.777800,
  "timestamp": "2026-03-28T13:06:54",
  "xyz_file": "benchmark_v2\fast\structures\C12H10_s371.xyz"
}
