{
  "formula": "C12H10",
  "seed": 308,
  "tier": "fast",
  "num_atoms": 22,
  "steps_taken": 50,
  "max_steps": 50,
  "energy_kcal_mol": 2198708230.829276,
  "energy_per_atom": 99941283.219513,
  "rms_force": 15791160627.951481,
  "max_force": 15791160627.951481,
  "alpha_final": 0.063619,
  "dt_final": 0.072890,
  "converged": false,
  "classification": "timeout",
  "wall_time_ms": 0.658100,
  "timestamp": "2026-03-28T13:04:17",
  "xyz_file": "benchmark_v2\fast\structures\C12H10_s308.xyz"
}
