{
  "formula": "C12H10",
  "seed": 483,
  "tier": "fast",
  "num_atoms": 22,
  "steps_taken": 50,
  "max_steps": 50,
  "energy_kcal_mol": 4485957.089889,
  "energy_per_atom": 203907.140450,
  "rms_force": 14416379.446061,
  "max_force": 14416379.446061,
  "alpha_final": 0.063619,
  "dt_final": 0.072890,
  "converged": false,
  "classification": "timeout",
  "wall_time_ms": 0.667900,
  "timestamp": "2026-03-28T13:06:11",
  "xyz_file": "benchmark_v2\fast\structures\C12H10_s483.xyz"
}
