{
  "formula": "C12H26",
  "seed": 476,
  "tier": "fast",
  "num_atoms": 38,
  "steps_taken": 50,
  "max_steps": 50,
  "energy_kcal_mol": 2925294413.906826,
  "energy_per_atom": 76981431.944916,
  "rms_force": 16224692256.584631,
  "max_force": 16224692256.584631,
  "alpha_final": 0.063619,
  "dt_final": 0.072890,
  "converged": false,
  "classification": "timeout",
  "wall_time_ms": 1.250800,
  "timestamp": "2026-03-28T13:04:44",
  "xyz_file": "benchmark_v2\fast\structures\C12H26_s476.xyz"
}
