{
  "formula": "C12H10",
  "seed": 392,
  "tier": "fast",
  "num_atoms": 22,
  "steps_taken": 50,
  "max_steps": 50,
  "energy_kcal_mol": 871419418.823092,
  "energy_per_atom": 39609973.582868,
  "rms_force": 5785554667.613920,
  "max_force": 5785554667.613920,
  "alpha_final": 0.063619,
  "dt_final": 0.072890,
  "converged": false,
  "classification": "timeout",
  "wall_time_ms": 0.502600,
  "timestamp": "2026-03-28T13:04:22",
  "xyz_file": "benchmark_v2\fast\structures\C12H10_s392.xyz"
}
