{
  "formula": "C12H10",
  "seed": 448,
  "tier": "fast",
  "num_atoms": 22,
  "steps_taken": 50,
  "max_steps": 50,
  "energy_kcal_mol": 5253445.370874,
  "energy_per_atom": 238792.971403,
  "rms_force": 12504661.356874,
  "max_force": 12504661.356874,
  "alpha_final": 0.063619,
  "dt_final": 0.072890,
  "converged": false,
  "classification": "timeout",
  "wall_time_ms": 0.668300,
  "timestamp": "2026-03-28T13:07:11",
  "xyz_file": "benchmark_v2\fast\structures\C12H10_s448.xyz"
}
