{
  "formula": "C12H26",
  "seed": 91,
  "tier": "fast",
  "num_atoms": 38,
  "steps_taken": 50,
  "max_steps": 50,
  "energy_kcal_mol": 91218213.327481,
  "energy_per_atom": 2400479.298092,
  "rms_force": 196355097.587354,
  "max_force": 196355097.587354,
  "alpha_final": 0.063619,
  "dt_final": 0.072890,
  "converged": false,
  "classification": "timeout",
  "wall_time_ms": 0.856000,
  "timestamp": "2026-03-28T13:04:03",
  "xyz_file": "benchmark_v2\fast\structures\C12H26_s91.xyz"
}
