{
  "formula": "C12H26",
  "seed": 448,
  "tier": "fast",
  "num_atoms": 38,
  "steps_taken": 50,
  "max_steps": 50,
  "energy_kcal_mol": 118953323.425617,
  "energy_per_atom": 3130350.616464,
  "rms_force": 165966513.712501,
  "max_force": 165966513.712501,
  "alpha_final": 0.063619,
  "dt_final": 0.072890,
  "converged": false,
  "classification": "timeout",
  "wall_time_ms": 0.987100,
  "timestamp": "2026-03-28T13:04:38",
  "xyz_file": "benchmark_v2\fast\structures\C12H26_s448.xyz"
}
