{
  "formula": "C12H10",
  "seed": 56,
  "tier": "fast",
  "num_atoms": 22,
  "steps_taken": 50,
  "max_steps": 50,
  "energy_kcal_mol": 43563614.953045,
  "energy_per_atom": 1980164.316048,
  "rms_force": 217091227.981528,
  "max_force": 217091227.981528,
  "alpha_final": 0.063619,
  "dt_final": 0.072890,
  "converged": false,
  "classification": "timeout",
  "wall_time_ms": 0.674500,
  "timestamp": "2026-03-28T13:06:32",
  "xyz_file": "benchmark_v2\fast\structures\C12H10_s56.xyz"
}
