{
  "formula": "C12H10",
  "seed": 168,
  "tier": "fast",
  "num_atoms": 22,
  "steps_taken": 50,
  "max_steps": 50,
  "energy_kcal_mol": 6357235051.546541,
  "energy_per_atom": 288965229.615752,
  "rms_force": 49916777190.907829,
  "max_force": 49916777190.907829,
  "alpha_final": 0.063619,
  "dt_final": 0.072890,
  "converged": false,
  "classification": "timeout",
  "wall_time_ms": 0.647500,
  "timestamp": "2026-03-28T13:07:19",
  "xyz_file": "benchmark_v2\fast\structures\C12H10_s168.xyz"
}
