{
  "formula": "C12H10",
  "seed": 476,
  "tier": "fast",
  "num_atoms": 22,
  "steps_taken": 50,
  "max_steps": 50,
  "energy_kcal_mol": 4588296.181655,
  "energy_per_atom": 208558.917348,
  "rms_force": 9587469.735630,
  "max_force": 9587469.735630,
  "alpha_final": 0.063619,
  "dt_final": 0.072890,
  "converged": false,
  "classification": "timeout",
  "wall_time_ms": 0.732300,
  "timestamp": "2026-03-28T13:05:13",
  "xyz_file": "benchmark_v2\fast\structures\C12H10_s476.xyz"
}
