{
  "formula": "C12H10",
  "seed": 350,
  "tier": "fast",
  "num_atoms": 22,
  "steps_taken": 50,
  "max_steps": 50,
  "energy_kcal_mol": 7413502.855331,
  "energy_per_atom": 336977.402515,
  "rms_force": 23622201.486556,
  "max_force": 23622201.486556,
  "alpha_final": 0.063619,
  "dt_final": 0.072890,
  "converged": false,
  "classification": "timeout",
  "wall_time_ms": 0.655500,
  "timestamp": "2026-03-28T13:04:46",
  "xyz_file": "benchmark_v2\fast\structures\C12H10_s350.xyz"
}
