{
  "formula": "C12H26",
  "seed": 567,
  "tier": "fast",
  "num_atoms": 38,
  "steps_taken": 50,
  "max_steps": 50,
  "energy_kcal_mol": 56132303.098216,
  "energy_per_atom": 1477165.871006,
  "rms_force": 70213845.914466,
  "max_force": 70213845.914466,
  "alpha_final": 0.063619,
  "dt_final": 0.072890,
  "converged": false,
  "classification": "timeout",
  "wall_time_ms": 1.139900,
  "timestamp": "2026-03-28T13:06:06",
  "xyz_file": "benchmark_v2\fast\structures\C12H26_s567.xyz"
}
