{
  "formula": "C12H26",
  "seed": 441,
  "tier": "fast",
  "num_atoms": 38,
  "steps_taken": 50,
  "max_steps": 50,
  "energy_kcal_mol": 85592375.993921,
  "energy_per_atom": 2252430.947208,
  "rms_force": 168454252.913482,
  "max_force": 168454252.913482,
  "alpha_final": 0.063619,
  "dt_final": 0.072890,
  "converged": false,
  "classification": "timeout",
  "wall_time_ms": 0.931700,
  "timestamp": "2026-03-28T13:06:54",
  "xyz_file": "benchmark_v2\fast\structures\C12H26_s441.xyz"
}
