{
  "formula": "C12H10",
  "seed": 182,
  "tier": "fast",
  "num_atoms": 22,
  "steps_taken": 50,
  "max_steps": 50,
  "energy_kcal_mol": 7083294.271671,
  "energy_per_atom": 321967.921440,
  "rms_force": 19088679.000830,
  "max_force": 19088679.000830,
  "alpha_final": 0.063619,
  "dt_final": 0.072890,
  "converged": false,
  "classification": "timeout",
  "wall_time_ms": 0.627100,
  "timestamp": "2026-03-28T13:04:15",
  "xyz_file": "benchmark_v2\fast\structures\C12H10_s182.xyz"
}
