{
  "formula": "C12H26",
  "seed": 658,
  "tier": "fast",
  "num_atoms": 38,
  "steps_taken": 50,
  "max_steps": 50,
  "energy_kcal_mol": 176303480.234682,
  "energy_per_atom": 4639565.269334,
  "rms_force": 354745417.396134,
  "max_force": 354745417.396134,
  "alpha_final": 0.063619,
  "dt_final": 0.072890,
  "converged": false,
  "classification": "timeout",
  "wall_time_ms": 1.335500,
  "timestamp": "2026-03-28T13:07:27",
  "xyz_file": "benchmark_v2\fast\structures\C12H26_s658.xyz"
}
