{
  "formula": "C12H26",
  "seed": 280,
  "tier": "fast",
  "num_atoms": 38,
  "steps_taken": 50,
  "max_steps": 50,
  "energy_kcal_mol": 75489147.426281,
  "energy_per_atom": 1986556.511218,
  "rms_force": 169274112.077918,
  "max_force": 169274112.077918,
  "alpha_final": 0.063619,
  "dt_final": 0.072890,
  "converged": false,
  "classification": "timeout",
  "wall_time_ms": 0.997500,
  "timestamp": "2026-03-28T13:05:28",
  "xyz_file": "benchmark_v2\fast\structures\C12H26_s280.xyz"
}
