{
  "formula": "C12H10",
  "seed": 329,
  "tier": "fast",
  "num_atoms": 22,
  "steps_taken": 50,
  "max_steps": 50,
  "energy_kcal_mol": 8710066.729671,
  "energy_per_atom": 395912.124076,
  "rms_force": 21889070.212620,
  "max_force": 21889070.212620,
  "alpha_final": 0.063619,
  "dt_final": 0.072890,
  "converged": false,
  "classification": "timeout",
  "wall_time_ms": 0.665500,
  "timestamp": "2026-03-28T13:07:16",
  "xyz_file": "benchmark_v2\fast\structures\C12H10_s329.xyz"
}
