{
  "formula": "C12H10",
  "seed": 434,
  "tier": "fast",
  "num_atoms": 22,
  "steps_taken": 50,
  "max_steps": 50,
  "energy_kcal_mol": 12344311.540823,
  "energy_per_atom": 561105.070037,
  "rms_force": 40954862.953184,
  "max_force": 40954862.953184,
  "alpha_final": 0.063619,
  "dt_final": 0.072890,
  "converged": false,
  "classification": "timeout",
  "wall_time_ms": 0.638500,
  "timestamp": "2026-03-28T13:06:05",
  "xyz_file": "benchmark_v2\fast\structures\C12H10_s434.xyz"
}
