{
  "formula": "C12H10",
  "seed": 497,
  "tier": "fast",
  "num_atoms": 22,
  "steps_taken": 50,
  "max_steps": 50,
  "energy_kcal_mol": 2871738.583110,
  "energy_per_atom": 130533.571960,
  "rms_force": 6240800.911026,
  "max_force": 6240800.911026,
  "alpha_final": 0.063619,
  "dt_final": 0.072890,
  "converged": false,
  "classification": "timeout",
  "wall_time_ms": 1.130100,
  "timestamp": "2026-03-28T13:04:58",
  "xyz_file": "benchmark_v2\fast\structures\C12H10_s497.xyz"
}
