{
  "formula": "C12H10",
  "seed": 133,
  "tier": "fast",
  "num_atoms": 22,
  "steps_taken": 50,
  "max_steps": 50,
  "energy_kcal_mol": 46982379.261858,
  "energy_per_atom": 2135562.693721,
  "rms_force": 239086583.864815,
  "max_force": 239086583.864815,
  "alpha_final": 0.063619,
  "dt_final": 0.072890,
  "converged": false,
  "classification": "timeout",
  "wall_time_ms": 0.617800,
  "timestamp": "2026-03-28T13:03:51",
  "xyz_file": "benchmark_v2\fast\structures\C12H10_s133.xyz"
}
