{
  "formula": "C12H26",
  "seed": 574,
  "tier": "fast",
  "num_atoms": 38,
  "steps_taken": 50,
  "max_steps": 50,
  "energy_kcal_mol": 39838001.942826,
  "energy_per_atom": 1048368.472180,
  "rms_force": 46857876.944541,
  "max_force": 46857876.944541,
  "alpha_final": 0.063619,
  "dt_final": 0.072890,
  "converged": false,
  "classification": "timeout",
  "wall_time_ms": 0.899800,
  "timestamp": "2026-03-28T13:04:15",
  "xyz_file": "benchmark_v2\fast\structures\C12H26_s574.xyz"
}
