{
  "formula": "C12H10",
  "seed": 518,
  "tier": "fast",
  "num_atoms": 22,
  "steps_taken": 50,
  "max_steps": 50,
  "energy_kcal_mol": 33846246.251627,
  "energy_per_atom": 1538465.738710,
  "rms_force": 164161252.548410,
  "max_force": 164161252.548410,
  "alpha_final": 0.063619,
  "dt_final": 0.072890,
  "converged": false,
  "classification": "timeout",
  "wall_time_ms": 0.618300,
  "timestamp": "2026-03-28T13:04:41",
  "xyz_file": "benchmark_v2\fast\structures\C12H10_s518.xyz"
}
