{
  "formula": "C12H26",
  "seed": 406,
  "tier": "fast",
  "num_atoms": 38,
  "steps_taken": 50,
  "max_steps": 50,
  "energy_kcal_mol": 512964235.658277,
  "energy_per_atom": 13499058.833113,
  "rms_force": 1327301081.308825,
  "max_force": 1327301081.308825,
  "alpha_final": 0.063619,
  "dt_final": 0.072890,
  "converged": false,
  "classification": "timeout",
  "wall_time_ms": 0.858700,
  "timestamp": "2026-03-28T13:07:16",
  "xyz_file": "benchmark_v2\fast\structures\C12H26_s406.xyz"
}
