{
  "formula": "C12H26",
  "seed": 84,
  "tier": "fast",
  "num_atoms": 38,
  "steps_taken": 50,
  "max_steps": 50,
  "energy_kcal_mol": 153231930.338867,
  "energy_per_atom": 4032419.219444,
  "rms_force": 249797768.994674,
  "max_force": 249797768.994674,
  "alpha_final": 0.063619,
  "dt_final": 0.072890,
  "converged": false,
  "classification": "timeout",
  "wall_time_ms": 1.101000,
  "timestamp": "2026-03-28T13:05:43",
  "xyz_file": "benchmark_v2\fast\structures\C12H26_s84.xyz"
}
