{
  "formula": "C12H26",
  "seed": 378,
  "tier": "fast",
  "num_atoms": 38,
  "steps_taken": 50,
  "max_steps": 50,
  "energy_kcal_mol": 85317968.985768,
  "energy_per_atom": 2245209.710152,
  "rms_force": 127676413.535229,
  "max_force": 127676413.535229,
  "alpha_final": 0.063619,
  "dt_final": 0.072890,
  "converged": false,
  "classification": "timeout",
  "wall_time_ms": 1.085300,
  "timestamp": "2026-03-28T13:06:45",
  "xyz_file": "benchmark_v2\fast\structures\C12H26_s378.xyz"
}
