{
  "formula": "C12H26",
  "seed": 420,
  "tier": "fast",
  "num_atoms": 38,
  "steps_taken": 50,
  "max_steps": 50,
  "energy_kcal_mol": 405018279.325782,
  "energy_per_atom": 10658375.771731,
  "rms_force": 1047881801.128772,
  "max_force": 1047881801.128772,
  "alpha_final": 0.063619,
  "dt_final": 0.072890,
  "converged": false,
  "classification": "timeout",
  "wall_time_ms": 0.984800,
  "timestamp": "2026-03-28T13:05:31",
  "xyz_file": "benchmark_v2\fast\structures\C12H26_s420.xyz"
}
