{
  "formula": "C12H10",
  "seed": 413,
  "tier": "fast",
  "num_atoms": 22,
  "steps_taken": 50,
  "max_steps": 50,
  "energy_kcal_mol": 893487407.071770,
  "energy_per_atom": 40613063.957808,
  "rms_force": 5953180465.149899,
  "max_force": 5953180465.149899,
  "alpha_final": 0.063619,
  "dt_final": 0.072890,
  "converged": false,
  "classification": "timeout",
  "wall_time_ms": 0.695700,
  "timestamp": "2026-03-28T13:06:59",
  "xyz_file": "benchmark_v2\fast\structures\C12H10_s413.xyz"
}
