{
  "formula": "C12H26",
  "seed": 329,
  "tier": "fast",
  "num_atoms": 38,
  "steps_taken": 50,
  "max_steps": 50,
  "energy_kcal_mol": 56086838.477923,
  "energy_per_atom": 1475969.433630,
  "rms_force": 53638362.927106,
  "max_force": 53638362.927106,
  "alpha_final": 0.063619,
  "dt_final": 0.072890,
  "converged": false,
  "classification": "timeout",
  "wall_time_ms": 0.911700,
  "timestamp": "2026-03-28T13:07:34",
  "xyz_file": "benchmark_v2\fast\structures\C12H26_s329.xyz"
}
