{
  "formula": "C12H10",
  "seed": 581,
  "tier": "fast",
  "num_atoms": 22,
  "steps_taken": 50,
  "max_steps": 50,
  "energy_kcal_mol": 77938240.544423,
  "energy_per_atom": 3542647.297474,
  "rms_force": 416390451.487814,
  "max_force": 416390451.487814,
  "alpha_final": 0.063619,
  "dt_final": 0.072890,
  "converged": false,
  "classification": "timeout",
  "wall_time_ms": 0.609800,
  "timestamp": "2026-03-28T13:04:38",
  "xyz_file": "benchmark_v2\fast\structures\C12H10_s581.xyz"
}
