{
  "formula": "C12H26",
  "seed": 42,
  "tier": "fast",
  "num_atoms": 38,
  "steps_taken": 50,
  "max_steps": 50,
  "energy_kcal_mol": 597006032.380652,
  "energy_per_atom": 15710685.062649,
  "rms_force": 1695825129.465101,
  "max_force": 1695825129.465101,
  "alpha_final": 0.063619,
  "dt_final": 0.072890,
  "converged": false,
  "classification": "timeout",
  "wall_time_ms": 0.968600,
  "timestamp": "2026-03-28T13:04:05",
  "xyz_file": "benchmark_v2\fast\structures\C12H26_s42.xyz"
}
