{
  "formula": "C12H26",
  "seed": 336,
  "tier": "fast",
  "num_atoms": 38,
  "steps_taken": 50,
  "max_steps": 50,
  "energy_kcal_mol": 144669850.339595,
  "energy_per_atom": 3807101.324726,
  "rms_force": 415738922.721462,
  "max_force": 415738922.721462,
  "alpha_final": 0.063619,
  "dt_final": 0.072890,
  "converged": false,
  "classification": "timeout",
  "wall_time_ms": 0.832500,
  "timestamp": "2026-03-28T13:03:49",
  "xyz_file": "benchmark_v2\fast\structures\C12H26_s336.xyz"
}
