{
  "formula": "C12H10",
  "seed": 42,
  "tier": "fast",
  "num_atoms": 22,
  "steps_taken": 50,
  "max_steps": 50,
  "energy_kcal_mol": 1453082671.075728,
  "energy_per_atom": 66049212.321624,
  "rms_force": 10076451885.960936,
  "max_force": 10076451885.960936,
  "alpha_final": 0.063619,
  "dt_final": 0.072890,
  "converged": false,
  "classification": "timeout",
  "wall_time_ms": 0.922100,
  "timestamp": "2026-03-28T13:04:12",
  "xyz_file": "benchmark_v2\fast\structures\C12H10_s42.xyz"
}
