{
  "formula": "C12H26",
  "seed": 322,
  "tier": "fast",
  "num_atoms": 38,
  "steps_taken": 50,
  "max_steps": 50,
  "energy_kcal_mol": 80884212.341746,
  "energy_per_atom": 2128531.903730,
  "rms_force": 173806384.709748,
  "max_force": 173806384.709748,
  "alpha_final": 0.063619,
  "dt_final": 0.072890,
  "converged": false,
  "classification": "timeout",
  "wall_time_ms": 0.916600,
  "timestamp": "2026-03-28T13:05:38",
  "xyz_file": "benchmark_v2\fast\structures\C12H26_s322.xyz"
}
