{
  "formula": "C12H10",
  "seed": 301,
  "tier": "fast",
  "num_atoms": 22,
  "steps_taken": 50,
  "max_steps": 50,
  "energy_kcal_mol": 14381676.721584,
  "energy_per_atom": 653712.578254,
  "rms_force": 52030519.944887,
  "max_force": 52030519.944887,
  "alpha_final": 0.063619,
  "dt_final": 0.072890,
  "converged": false,
  "classification": "timeout",
  "wall_time_ms": 0.566200,
  "timestamp": "2026-03-28T13:06:08",
  "xyz_file": "benchmark_v2\fast\structures\C12H10_s301.xyz"
}
