{
  "formula": "C14H10",
  "seed": 602,
  "tier": "fast",
  "num_atoms": 24,
  "steps_taken": 50,
  "max_steps": 50,
  "energy_kcal_mol": 2635894.819055,
  "energy_per_atom": 109828.950794,
  "rms_force": 4662269.183623,
  "max_force": 4662269.183623,
  "alpha_final": 0.063619,
  "dt_final": 0.072890,
  "converged": false,
  "classification": "timeout",
  "wall_time_ms": 0.584000,
  "timestamp": "2026-03-28T13:04:44",
  "xyz_file": "benchmark_v2\fast\structures\C14H10_s602.xyz"
}
