{
  "formula": "C14H10",
  "seed": 581,
  "tier": "fast",
  "num_atoms": 24,
  "steps_taken": 50,
  "max_steps": 50,
  "energy_kcal_mol": 3618205.146888,
  "energy_per_atom": 150758.547787,
  "rms_force": 7627895.805155,
  "max_force": 7627895.805155,
  "alpha_final": 0.063619,
  "dt_final": 0.072890,
  "converged": false,
  "classification": "timeout",
  "wall_time_ms": 0.732000,
  "timestamp": "2026-03-28T13:05:26",
  "xyz_file": "benchmark_v2\fast\structures\C14H10_s581.xyz"
}
