{
  "formula": "C14H10",
  "seed": 224,
  "tier": "fast",
  "num_atoms": 24,
  "steps_taken": 50,
  "max_steps": 50,
  "energy_kcal_mol": 1459115.654736,
  "energy_per_atom": 60796.485614,
  "rms_force": 1321580.612560,
  "max_force": 1321580.612560,
  "alpha_final": 0.063619,
  "dt_final": 0.072890,
  "converged": false,
  "classification": "timeout",
  "wall_time_ms": 0.552900,
  "timestamp": "2026-03-28T13:07:26",
  "xyz_file": "benchmark_v2\fast\structures\C14H10_s224.xyz"
}
