{
  "formula": "C14H10",
  "seed": 63,
  "tier": "fast",
  "num_atoms": 24,
  "steps_taken": 50,
  "max_steps": 50,
  "energy_kcal_mol": 2629137.233760,
  "energy_per_atom": 109547.384740,
  "rms_force": 4251118.711386,
  "max_force": 4251118.711386,
  "alpha_final": 0.063619,
  "dt_final": 0.072890,
  "converged": false,
  "classification": "timeout",
  "wall_time_ms": 0.832600,
  "timestamp": "2026-03-28T13:04:14",
  "xyz_file": "benchmark_v2\fast\structures\C14H10_s63.xyz"
}
