{
  "formula": "C14H10",
  "seed": 455,
  "tier": "fast",
  "num_atoms": 24,
  "steps_taken": 50,
  "max_steps": 50,
  "energy_kcal_mol": 2291386.032908,
  "energy_per_atom": 95474.418038,
  "rms_force": 2181266.679105,
  "max_force": 2181266.679105,
  "alpha_final": 0.063619,
  "dt_final": 0.072890,
  "converged": false,
  "classification": "timeout",
  "wall_time_ms": 0.612100,
  "timestamp": "2026-03-28T13:07:22",
  "xyz_file": "benchmark_v2\fast\structures\C14H10_s455.xyz"
}
