{
  "formula": "C14H10",
  "seed": 245,
  "tier": "fast",
  "num_atoms": 24,
  "steps_taken": 50,
  "max_steps": 50,
  "energy_kcal_mol": 1402179.504100,
  "energy_per_atom": 58424.146004,
  "rms_force": 1010164.853466,
  "max_force": 1010164.853466,
  "alpha_final": 0.063619,
  "dt_final": 0.072890,
  "converged": false,
  "classification": "timeout",
  "wall_time_ms": 0.724900,
  "timestamp": "2026-03-28T13:06:54",
  "xyz_file": "benchmark_v2\fast\structures\C14H10_s245.xyz"
}
