{
  "formula": "C14H10",
  "seed": 217,
  "tier": "fast",
  "num_atoms": 24,
  "steps_taken": 50,
  "max_steps": 50,
  "energy_kcal_mol": 2152579.197412,
  "energy_per_atom": 89690.799892,
  "rms_force": 2075723.986579,
  "max_force": 2075723.986579,
  "alpha_final": 0.063619,
  "dt_final": 0.072890,
  "converged": false,
  "classification": "timeout",
  "wall_time_ms": 0.779400,
  "timestamp": "2026-03-28T13:05:13",
  "xyz_file": "benchmark_v2\fast\structures\C14H10_s217.xyz"
}
