{
  "formula": "C14H10",
  "seed": 476,
  "tier": "fast",
  "num_atoms": 24,
  "steps_taken": 50,
  "max_steps": 50,
  "energy_kcal_mol": 3504080.291628,
  "energy_per_atom": 146003.345485,
  "rms_force": 5924446.245297,
  "max_force": 5924446.245297,
  "alpha_final": 0.063619,
  "dt_final": 0.072890,
  "converged": false,
  "classification": "timeout",
  "wall_time_ms": 0.638800,
  "timestamp": "2026-03-28T13:07:11",
  "xyz_file": "benchmark_v2\fast\structures\C14H10_s476.xyz"
}
