{
  "formula": "C14H10",
  "seed": 308,
  "tier": "fast",
  "num_atoms": 24,
  "steps_taken": 50,
  "max_steps": 50,
  "energy_kcal_mol": 3237109.981294,
  "energy_per_atom": 134879.582554,
  "rms_force": 4326626.383935,
  "max_force": 4326626.383935,
  "alpha_final": 0.063619,
  "dt_final": 0.072890,
  "converged": false,
  "classification": "timeout",
  "wall_time_ms": 0.673800,
  "timestamp": "2026-03-28T13:05:31",
  "xyz_file": "benchmark_v2\fast\structures\C14H10_s308.xyz"
}
