{
  "formula": "C14H10",
  "seed": 70,
  "tier": "fast",
  "num_atoms": 24,
  "steps_taken": 50,
  "max_steps": 50,
  "energy_kcal_mol": 1293708.595557,
  "energy_per_atom": 53904.524815,
  "rms_force": 1128303.700802,
  "max_force": 1128303.700802,
  "alpha_final": 0.063619,
  "dt_final": 0.072890,
  "converged": false,
  "classification": "timeout",
  "wall_time_ms": 0.694700,
  "timestamp": "2026-03-28T13:07:01",
  "xyz_file": "benchmark_v2\fast\structures\C14H10_s70.xyz"
}
