{
  "formula": "C14H10",
  "seed": 112,
  "tier": "fast",
  "num_atoms": 24,
  "steps_taken": 50,
  "max_steps": 50,
  "energy_kcal_mol": 2182707.050600,
  "energy_per_atom": 90946.127108,
  "rms_force": 2416348.567890,
  "max_force": 2416348.567890,
  "alpha_final": 0.063619,
  "dt_final": 0.072890,
  "converged": false,
  "classification": "timeout",
  "wall_time_ms": 0.660700,
  "timestamp": "2026-03-28T13:05:20",
  "xyz_file": "benchmark_v2\fast\structures\C14H10_s112.xyz"
}
