{
  "formula": "C14H10",
  "seed": 448,
  "tier": "fast",
  "num_atoms": 24,
  "steps_taken": 50,
  "max_steps": 50,
  "energy_kcal_mol": 3903457.958253,
  "energy_per_atom": 162644.081594,
  "rms_force": 8775263.963932,
  "max_force": 8775263.963932,
  "alpha_final": 0.063619,
  "dt_final": 0.072890,
  "converged": false,
  "classification": "timeout",
  "wall_time_ms": 0.557100,
  "timestamp": "2026-03-28T13:04:12",
  "xyz_file": "benchmark_v2\fast\structures\C14H10_s448.xyz"
}
