{
  "formula": "C14H10",
  "seed": 119,
  "tier": "fast",
  "num_atoms": 24,
  "steps_taken": 50,
  "max_steps": 50,
  "energy_kcal_mol": 2587023.473791,
  "energy_per_atom": 107792.644741,
  "rms_force": 2778071.617062,
  "max_force": 2778071.617062,
  "alpha_final": 0.063619,
  "dt_final": 0.072890,
  "converged": false,
  "classification": "timeout",
  "wall_time_ms": 0.751000,
  "timestamp": "2026-03-28T13:04:55",
  "xyz_file": "benchmark_v2\fast\structures\C14H10_s119.xyz"
}
