{
  "formula": "C14H10",
  "seed": 350,
  "tier": "fast",
  "num_atoms": 24,
  "steps_taken": 50,
  "max_steps": 50,
  "energy_kcal_mol": 3065613.106315,
  "energy_per_atom": 127733.879430,
  "rms_force": 3575051.277147,
  "max_force": 3575051.277147,
  "alpha_final": 0.063619,
  "dt_final": 0.072890,
  "converged": false,
  "classification": "timeout",
  "wall_time_ms": 0.609500,
  "timestamp": "2026-03-28T13:07:16",
  "xyz_file": "benchmark_v2\fast\structures\C14H10_s350.xyz"
}
