{
  "formula": "C16H34",
  "seed": 714,
  "tier": "fast",
  "num_atoms": 50,
  "steps_taken": 50,
  "max_steps": 50,
  "energy_kcal_mol": 1433351127.343263,
  "energy_per_atom": 28667022.546865,
  "rms_force": 2977314125.365295,
  "max_force": 2977314125.365295,
  "alpha_final": 0.063619,
  "dt_final": 0.072890,
  "converged": false,
  "classification": "timeout",
  "wall_time_ms": 1.369500,
  "timestamp": "2026-03-28T13:06:08",
  "xyz_file": "benchmark_v2\fast\structures\C16H34_s714.xyz"
}
