{
  "formula": "C16H34",
  "seed": 336,
  "tier": "fast",
  "num_atoms": 50,
  "steps_taken": 50,
  "max_steps": 50,
  "energy_kcal_mol": 6911759420.538097,
  "energy_per_atom": 138235188.410762,
  "rms_force": 16312511462.297527,
  "max_force": 16312511462.297527,
  "alpha_final": 0.063619,
  "dt_final": 0.072890,
  "converged": false,
  "classification": "timeout",
  "wall_time_ms": 1.341300,
  "timestamp": "2026-03-28T13:07:09",
  "xyz_file": "benchmark_v2\fast\structures\C16H34_s336.xyz"
}
