{
  "formula": "C16H10",
  "seed": 63,
  "tier": "fast",
  "num_atoms": 26,
  "steps_taken": 50,
  "max_steps": 50,
  "energy_kcal_mol": 3795149.440781,
  "energy_per_atom": 145967.286184,
  "rms_force": 5414323.329472,
  "max_force": 5414323.329472,
  "alpha_final": 0.063619,
  "dt_final": 0.072890,
  "converged": false,
  "classification": "timeout",
  "wall_time_ms": 0.733500,
  "timestamp": "2026-03-28T13:05:28",
  "xyz_file": "benchmark_v2\fast\structures\C16H10_s63.xyz"
}
