{
  "formula": "C16H34",
  "seed": 119,
  "tier": "fast",
  "num_atoms": 50,
  "steps_taken": 50,
  "max_steps": 50,
  "energy_kcal_mol": 1037307617.445431,
  "energy_per_atom": 20746152.348909,
  "rms_force": 1582251079.179734,
  "max_force": 1582251079.179734,
  "alpha_final": 0.063619,
  "dt_final": 0.072890,
  "converged": false,
  "classification": "timeout",
  "wall_time_ms": 1.071100,
  "timestamp": "2026-03-28T13:07:21",
  "xyz_file": "benchmark_v2\fast\structures\C16H34_s119.xyz"
}
