{
  "formula": "C16H34",
  "seed": 168,
  "tier": "fast",
  "num_atoms": 50,
  "steps_taken": 50,
  "max_steps": 50,
  "energy_kcal_mol": 288341027497.464783,
  "energy_per_atom": 5766820549.949296,
  "rms_force": 1882911974087.290283,
  "max_force": 1882911974087.290283,
  "alpha_final": 0.063619,
  "dt_final": 0.072890,
  "converged": false,
  "classification": "timeout",
  "wall_time_ms": 1.366400,
  "timestamp": "2026-03-28T13:06:11",
  "xyz_file": "benchmark_v2\fast\structures\C16H34_s168.xyz"
}
