{
  "formula": "C16H10",
  "seed": 42,
  "tier": "fast",
  "num_atoms": 26,
  "steps_taken": 50,
  "max_steps": 50,
  "energy_kcal_mol": 4384275.765377,
  "energy_per_atom": 168625.990976,
  "rms_force": 5890700.351223,
  "max_force": 5890700.351223,
  "alpha_final": 0.063619,
  "dt_final": 0.072890,
  "converged": false,
  "classification": "timeout",
  "wall_time_ms": 0.603700,
  "timestamp": "2026-03-28T13:04:17",
  "xyz_file": "benchmark_v2\fast\structures\C16H10_s42.xyz"
}
