{
  "formula": "C16H10",
  "seed": 119,
  "tier": "fast",
  "num_atoms": 26,
  "steps_taken": 50,
  "max_steps": 50,
  "energy_kcal_mol": 4296554.822101,
  "energy_per_atom": 165252.108542,
  "rms_force": 3881117.589498,
  "max_force": 3881117.589498,
  "alpha_final": 0.063619,
  "dt_final": 0.072890,
  "converged": false,
  "classification": "timeout",
  "wall_time_ms": 0.770300,
  "timestamp": "2026-03-28T13:05:20",
  "xyz_file": "benchmark_v2\fast\structures\C16H10_s119.xyz"
}
