{
  "formula": "C16H34",
  "seed": 343,
  "tier": "fast",
  "num_atoms": 50,
  "steps_taken": 50,
  "max_steps": 50,
  "energy_kcal_mol": 32837367675.075489,
  "energy_per_atom": 656747353.501510,
  "rms_force": 118706170414.698044,
  "max_force": 118706170414.698044,
  "alpha_final": 0.063619,
  "dt_final": 0.072890,
  "converged": false,
  "classification": "timeout",
  "wall_time_ms": 1.251400,
  "timestamp": "2026-03-28T13:03:58",
  "xyz_file": "benchmark_v2\fast\structures\C16H34_s343.xyz"
}
