{
  "formula": "C16H10",
  "seed": 154,
  "tier": "fast",
  "num_atoms": 26,
  "steps_taken": 50,
  "max_steps": 50,
  "energy_kcal_mol": 5767936.941433,
  "energy_per_atom": 221843.728517,
  "rms_force": 7616099.033028,
  "max_force": 7616099.033028,
  "alpha_final": 0.063619,
  "dt_final": 0.072890,
  "converged": false,
  "classification": "timeout",
  "wall_time_ms": 0.540600,
  "timestamp": "2026-03-28T13:07:19",
  "xyz_file": "benchmark_v2\fast\structures\C16H10_s154.xyz"
}
