{
  "formula": "C16H34",
  "seed": 616,
  "tier": "fast",
  "num_atoms": 50,
  "steps_taken": 50,
  "max_steps": 50,
  "energy_kcal_mol": 843585003.714201,
  "energy_per_atom": 16871700.074284,
  "rms_force": 1212822750.580668,
  "max_force": 1212822750.580668,
  "alpha_final": 0.063619,
  "dt_final": 0.072890,
  "converged": false,
  "classification": "timeout",
  "wall_time_ms": 1.403700,
  "timestamp": "2026-03-28T13:06:33",
  "xyz_file": "benchmark_v2\fast\structures\C16H34_s616.xyz"
}
