{
  "formula": "C16H10",
  "seed": 350,
  "tier": "fast",
  "num_atoms": 26,
  "steps_taken": 50,
  "max_steps": 50,
  "energy_kcal_mol": 4931175.777946,
  "energy_per_atom": 189660.606844,
  "rms_force": 4775905.750920,
  "max_force": 4775905.750920,
  "alpha_final": 0.063619,
  "dt_final": 0.072890,
  "converged": false,
  "classification": "timeout",
  "wall_time_ms": 0.750700,
  "timestamp": "2026-03-28T13:04:41",
  "xyz_file": "benchmark_v2\fast\structures\C16H10_s350.xyz"
}
