{
  "formula": "C16H34",
  "seed": 623,
  "tier": "fast",
  "num_atoms": 50,
  "steps_taken": 50,
  "max_steps": 50,
  "energy_kcal_mol": 2338879494.942682,
  "energy_per_atom": 46777589.898854,
  "rms_force": 4616107921.441553,
  "max_force": 4616107921.441553,
  "alpha_final": 0.063619,
  "dt_final": 0.072890,
  "converged": false,
  "classification": "timeout",
  "wall_time_ms": 1.409600,
  "timestamp": "2026-03-28T13:07:02",
  "xyz_file": "benchmark_v2\fast\structures\C16H34_s623.xyz"
}
