{
  "formula": "C16H34",
  "seed": 112,
  "tier": "fast",
  "num_atoms": 50,
  "steps_taken": 50,
  "max_steps": 50,
  "energy_kcal_mol": 9938605611.694920,
  "energy_per_atom": 198772112.233898,
  "rms_force": 28257743477.459785,
  "max_force": 28257743477.459785,
  "alpha_final": 0.063619,
  "dt_final": 0.072890,
  "converged": false,
  "classification": "timeout",
  "wall_time_ms": 1.355200,
  "timestamp": "2026-03-28T13:05:05",
  "xyz_file": "benchmark_v2\fast\structures\C16H34_s112.xyz"
}
