{
  "formula": "C16H10",
  "seed": 126,
  "tier": "fast",
  "num_atoms": 26,
  "steps_taken": 50,
  "max_steps": 50,
  "energy_kcal_mol": 9722958.863141,
  "energy_per_atom": 373959.956275,
  "rms_force": 19253811.286295,
  "max_force": 19253811.286295,
  "alpha_final": 0.063619,
  "dt_final": 0.072890,
  "converged": false,
  "classification": "timeout",
  "wall_time_ms": 0.677200,
  "timestamp": "2026-03-28T13:03:37",
  "xyz_file": "benchmark_v2\fast\structures\C16H10_s126.xyz"
}
