{
  "formula": "C16H10",
  "seed": 553,
  "tier": "fast",
  "num_atoms": 26,
  "steps_taken": 50,
  "max_steps": 50,
  "energy_kcal_mol": 9303401.048404,
  "energy_per_atom": 357823.117246,
  "rms_force": 19758773.209352,
  "max_force": 19758773.209352,
  "alpha_final": 0.063619,
  "dt_final": 0.072890,
  "converged": false,
  "classification": "timeout",
  "wall_time_ms": 0.631400,
  "timestamp": "2026-03-28T13:07:22",
  "xyz_file": "benchmark_v2\fast\structures\C16H10_s553.xyz"
}
