{
  "formula": "C16H10",
  "seed": 546,
  "tier": "fast",
  "num_atoms": 26,
  "steps_taken": 50,
  "max_steps": 50,
  "energy_kcal_mol": 2509308.459616,
  "energy_per_atom": 96511.863831,
  "rms_force": 1812305.698357,
  "max_force": 1812305.698357,
  "alpha_final": 0.063619,
  "dt_final": 0.072890,
  "converged": false,
  "classification": "timeout",
  "wall_time_ms": 0.905600,
  "timestamp": "2026-03-28T13:04:44",
  "xyz_file": "benchmark_v2\fast\structures\C16H10_s546.xyz"
}
