{
  "formula": "C16H34",
  "seed": 539,
  "tier": "fast",
  "num_atoms": 50,
  "steps_taken": 50,
  "max_steps": 50,
  "energy_kcal_mol": 2676173047.890825,
  "energy_per_atom": 53523460.957817,
  "rms_force": 5279481956.751566,
  "max_force": 5279481956.751566,
  "alpha_final": 0.063619,
  "dt_final": 0.072890,
  "converged": false,
  "classification": "timeout",
  "wall_time_ms": 1.657100,
  "timestamp": "2026-03-28T13:07:19",
  "xyz_file": "benchmark_v2\fast\structures\C16H34_s539.xyz"
}
