{
  "formula": "C16H34",
  "seed": 301,
  "tier": "fast",
  "num_atoms": 50,
  "steps_taken": 50,
  "max_steps": 50,
  "energy_kcal_mol": 105660526461.856720,
  "energy_per_atom": 2113210529.237134,
  "rms_force": 568465847633.017700,
  "max_force": 568465847633.017700,
  "alpha_final": 0.063619,
  "dt_final": 0.072890,
  "converged": false,
  "classification": "timeout",
  "wall_time_ms": 1.314900,
  "timestamp": "2026-03-28T13:05:56",
  "xyz_file": "benchmark_v2\fast\structures\C16H34_s301.xyz"
}
