{
  "formula": "C16H34",
  "seed": 329,
  "tier": "fast",
  "num_atoms": 50,
  "steps_taken": 50,
  "max_steps": 50,
  "energy_kcal_mol": 2393997890.107168,
  "energy_per_atom": 47879957.802143,
  "rms_force": 4143103830.598458,
  "max_force": 4143103830.598458,
  "alpha_final": 0.063619,
  "dt_final": 0.072890,
  "converged": false,
  "classification": "timeout",
  "wall_time_ms": 1.310900,
  "timestamp": "2026-03-28T13:04:03",
  "xyz_file": "benchmark_v2\fast\structures\C16H34_s329.xyz"
}
