{
  "formula": "C16H34",
  "seed": 252,
  "tier": "fast",
  "num_atoms": 50,
  "steps_taken": 50,
  "max_steps": 50,
  "energy_kcal_mol": 3081725941.025928,
  "energy_per_atom": 61634518.820519,
  "rms_force": 6396883174.292299,
  "max_force": 6396883174.292299,
  "alpha_final": 0.063619,
  "dt_final": 0.072890,
  "converged": false,
  "classification": "timeout",
  "wall_time_ms": 1.432500,
  "timestamp": "2026-03-28T13:06:42",
  "xyz_file": "benchmark_v2\fast\structures\C16H34_s252.xyz"
}
