{
  "formula": "C16H34",
  "seed": 315,
  "tier": "fast",
  "num_atoms": 50,
  "steps_taken": 50,
  "max_steps": 50,
  "energy_kcal_mol": 28262456358.382885,
  "energy_per_atom": 565249127.167658,
  "rms_force": 132915286398.470169,
  "max_force": 132915286398.470169,
  "alpha_final": 0.063619,
  "dt_final": 0.072890,
  "converged": false,
  "classification": "timeout",
  "wall_time_ms": 1.501200,
  "timestamp": "2026-03-28T13:06:54",
  "xyz_file": "benchmark_v2\fast\structures\C16H34_s315.xyz"
}
