{
  "formula": "C16H34",
  "seed": 175,
  "tier": "fast",
  "num_atoms": 50,
  "steps_taken": 50,
  "max_steps": 50,
  "energy_kcal_mol": 4023774269.439263,
  "energy_per_atom": 80475485.388785,
  "rms_force": 9634805035.039963,
  "max_force": 9634805035.039963,
  "alpha_final": 0.063619,
  "dt_final": 0.072890,
  "converged": false,
  "classification": "timeout",
  "wall_time_ms": 1.397800,
  "timestamp": "2026-03-28T13:05:23",
  "xyz_file": "benchmark_v2\fast\structures\C16H34_s175.xyz"
}
