{
  "formula": "C16H34",
  "seed": 497,
  "tier": "fast",
  "num_atoms": 50,
  "steps_taken": 50,
  "max_steps": 50,
  "energy_kcal_mol": 2344020518.453237,
  "energy_per_atom": 46880410.369065,
  "rms_force": 4591961051.861463,
  "max_force": 4591961051.861463,
  "alpha_final": 0.063619,
  "dt_final": 0.072890,
  "converged": false,
  "classification": "timeout",
  "wall_time_ms": 1.223200,
  "timestamp": "2026-03-28T13:04:10",
  "xyz_file": "benchmark_v2\fast\structures\C16H34_s497.xyz"
}
