{
  "formula": "C16H34",
  "seed": 378,
  "tier": "fast",
  "num_atoms": 50,
  "steps_taken": 50,
  "max_steps": 50,
  "energy_kcal_mol": 7240245943.693792,
  "energy_per_atom": 144804918.873876,
  "rms_force": 11734667165.711866,
  "max_force": 11734667165.711866,
  "alpha_final": 0.063619,
  "dt_final": 0.072890,
  "converged": false,
  "classification": "timeout",
  "wall_time_ms": 1.236600,
  "timestamp": "2026-03-28T13:04:05",
  "xyz_file": "benchmark_v2\fast\structures\C16H34_s378.xyz"
}
