{
  "formula": "C16H34",
  "seed": 371,
  "tier": "fast",
  "num_atoms": 50,
  "steps_taken": 50,
  "max_steps": 50,
  "energy_kcal_mol": 6732713948.495952,
  "energy_per_atom": 134654278.969919,
  "rms_force": 15192819712.758455,
  "max_force": 15192819712.758455,
  "alpha_final": 0.063619,
  "dt_final": 0.072890,
  "converged": false,
  "classification": "timeout",
  "wall_time_ms": 1.285900,
  "timestamp": "2026-03-28T13:07:11",
  "xyz_file": "benchmark_v2\fast\structures\C16H34_s371.xyz"
}
