{
  "formula": "C16H34",
  "seed": 406,
  "tier": "fast",
  "num_atoms": 50,
  "steps_taken": 50,
  "max_steps": 50,
  "energy_kcal_mol": 19271762180.141785,
  "energy_per_atom": 385435243.602836,
  "rms_force": 77085380886.494934,
  "max_force": 77085380886.494934,
  "alpha_final": 0.063619,
  "dt_final": 0.072890,
  "converged": false,
  "classification": "timeout",
  "wall_time_ms": 1.241700,
  "timestamp": "2026-03-28T13:03:37",
  "xyz_file": "benchmark_v2\fast\structures\C16H34_s406.xyz"
}
