{
  "formula": "C16H34",
  "seed": 245,
  "tier": "fast",
  "num_atoms": 50,
  "steps_taken": 50,
  "max_steps": 50,
  "energy_kcal_mol": 7179330093.855822,
  "energy_per_atom": 143586601.877116,
  "rms_force": 14689021559.570427,
  "max_force": 14689021559.570427,
  "alpha_final": 0.063619,
  "dt_final": 0.072890,
  "converged": false,
  "classification": "timeout",
  "wall_time_ms": 1.426000,
  "timestamp": "2026-03-28T13:05:58",
  "xyz_file": "benchmark_v2\fast\structures\C16H34_s245.xyz"
}
