{
  "formula": "C4H10",
  "seed": 259,
  "tier": "fast",
  "num_atoms": 14,
  "steps_taken": 50,
  "max_steps": 50,
  "energy_kcal_mol": 390251.813623,
  "energy_per_atom": 27875.129545,
  "rms_force": 1343107.191915,
  "max_force": 1343107.191915,
  "alpha_final": 0.063619,
  "dt_final": 0.072890,
  "converged": false,
  "classification": "timeout",
  "wall_time_ms": 0.506800,
  "timestamp": "2026-03-28T13:05:58",
  "xyz_file": "benchmark_v2\fast\structures\C4H10_s259.xyz"
}
