{
  "formula": "C5H12",
  "seed": 252,
  "tier": "fast",
  "num_atoms": 17,
  "steps_taken": 50,
  "max_steps": 50,
  "energy_kcal_mol": 1157073.914483,
  "energy_per_atom": 68063.171440,
  "rms_force": 3900756.478949,
  "max_force": 3900756.478949,
  "alpha_final": 0.063619,
  "dt_final": 0.072890,
  "converged": false,
  "classification": "timeout",
  "wall_time_ms": 0.642000,
  "timestamp": "2026-03-28T13:06:45",
  "xyz_file": "benchmark_v2\fast\structures\C5H12_s252.xyz"
}
