{
  "formula": "C5H12",
  "seed": 189,
  "tier": "fast",
  "num_atoms": 17,
  "steps_taken": 50,
  "max_steps": 50,
  "energy_kcal_mol": 3961579.567666,
  "energy_per_atom": 233034.092216,
  "rms_force": 13983219.944789,
  "max_force": 13983219.944789,
  "alpha_final": 0.063619,
  "dt_final": 0.072890,
  "converged": false,
  "classification": "timeout",
  "wall_time_ms": 0.622500,
  "timestamp": "2026-03-28T13:06:05",
  "xyz_file": "benchmark_v2\fast\structures\C5H12_s189.xyz"
}
