{
  "formula": "C5H12",
  "seed": 378,
  "tier": "fast",
  "num_atoms": 17,
  "steps_taken": 50,
  "max_steps": 50,
  "energy_kcal_mol": 902626.568054,
  "energy_per_atom": 53095.680474,
  "rms_force": 2129111.530078,
  "max_force": 2129111.530078,
  "alpha_final": 0.063619,
  "dt_final": 0.072890,
  "converged": false,
  "classification": "timeout",
  "wall_time_ms": 0.506400,
  "timestamp": "2026-03-28T13:04:15",
  "xyz_file": "benchmark_v2\fast\structures\C5H12_s378.xyz"
}
