{
  "formula": "C5H12",
  "seed": 399,
  "tier": "fast",
  "num_atoms": 17,
  "steps_taken": 50,
  "max_steps": 50,
  "energy_kcal_mol": 688636.919828,
  "energy_per_atom": 40508.054108,
  "rms_force": 1517560.747761,
  "max_force": 1517560.747761,
  "alpha_final": 0.063619,
  "dt_final": 0.072890,
  "converged": false,
  "classification": "timeout",
  "wall_time_ms": 0.552200,
  "timestamp": "2026-03-28T13:03:49",
  "xyz_file": "benchmark_v2\fast\structures\C5H12_s399.xyz"
}
