{
  "formula": "C5H12",
  "seed": 672,
  "tier": "fast",
  "num_atoms": 17,
  "steps_taken": 50,
  "max_steps": 50,
  "energy_kcal_mol": 508270.325170,
  "energy_per_atom": 29898.254422,
  "rms_force": 1590671.713680,
  "max_force": 1590671.713680,
  "alpha_final": 0.063619,
  "dt_final": 0.072890,
  "converged": false,
  "classification": "timeout",
  "wall_time_ms": 0.540100,
  "timestamp": "2026-03-28T13:07:19",
  "xyz_file": "benchmark_v2\fast\structures\C5H12_s672.xyz"
}
