{
  "formula": "C5H12",
  "seed": 273,
  "tier": "fast",
  "num_atoms": 17,
  "steps_taken": 50,
  "max_steps": 50,
  "energy_kcal_mol": 734629.914366,
  "energy_per_atom": 43213.524374,
  "rms_force": 1876990.602122,
  "max_force": 1876990.602122,
  "alpha_final": 0.063619,
  "dt_final": 0.072890,
  "converged": false,
  "classification": "timeout",
  "wall_time_ms": 0.759100,
  "timestamp": "2026-03-28T13:05:44",
  "xyz_file": "benchmark_v2\fast\structures\C5H12_s273.xyz"
}
