{
  "formula": "C5H12",
  "seed": 406,
  "tier": "fast",
  "num_atoms": 17,
  "steps_taken": 50,
  "max_steps": 50,
  "energy_kcal_mol": 401352.996845,
  "energy_per_atom": 23608.999814,
  "rms_force": 1090215.543357,
  "max_force": 1090215.543357,
  "alpha_final": 0.063619,
  "dt_final": 0.072890,
  "converged": false,
  "classification": "timeout",
  "wall_time_ms": 0.807500,
  "timestamp": "2026-03-28T13:06:57",
  "xyz_file": "benchmark_v2\fast\structures\C5H12_s406.xyz"
}
