{
  "formula": "C5H10",
  "seed": 623,
  "tier": "fast",
  "num_atoms": 15,
  "steps_taken": 50,
  "max_steps": 50,
  "energy_kcal_mol": 434494.596685,
  "energy_per_atom": 28966.306446,
  "rms_force": 1378654.062674,
  "max_force": 1378654.062674,
  "alpha_final": 0.063619,
  "dt_final": 0.072890,
  "converged": false,
  "classification": "timeout",
  "wall_time_ms": 0.704200,
  "timestamp": "2026-03-28T13:06:59",
  "xyz_file": "benchmark_v2\fast\structures\C5H10_s623.xyz"
}
