{
  "formula": "C6H12O6",
  "seed": 476,
  "tier": "fast",
  "num_atoms": 24,
  "steps_taken": 50,
  "max_steps": 50,
  "energy_kcal_mol": 1535314.320819,
  "energy_per_atom": 63971.430034,
  "rms_force": 2053099.955056,
  "max_force": 2053099.955056,
  "alpha_final": 0.063619,
  "dt_final": 0.072890,
  "converged": false,
  "classification": "timeout",
  "wall_time_ms": 0.698700,
  "timestamp": "2026-03-28T13:05:46",
  "xyz_file": "benchmark_v2\fast\structures\C6H12O6_s476.xyz"
}
