{
  "formula": "C6H12O6",
  "seed": 399,
  "tier": "fast",
  "num_atoms": 24,
  "steps_taken": 50,
  "max_steps": 50,
  "energy_kcal_mol": 2090649.525590,
  "energy_per_atom": 87110.396900,
  "rms_force": 2741071.828049,
  "max_force": 2741071.828049,
  "alpha_final": 0.063619,
  "dt_final": 0.072890,
  "converged": false,
  "classification": "timeout",
  "wall_time_ms": 0.672900,
  "timestamp": "2026-03-28T13:05:25",
  "xyz_file": "benchmark_v2\fast\structures\C6H12O6_s399.xyz"
}
