{
  "formula": "C6H12O6",
  "seed": 252,
  "tier": "fast",
  "num_atoms": 24,
  "steps_taken": 50,
  "max_steps": 50,
  "energy_kcal_mol": 4453725.792059,
  "energy_per_atom": 185571.908002,
  "rms_force": 13535567.035069,
  "max_force": 13535567.035069,
  "alpha_final": 0.063619,
  "dt_final": 0.072890,
  "converged": false,
  "classification": "timeout",
  "wall_time_ms": 0.913100,
  "timestamp": "2026-03-28T13:06:56",
  "xyz_file": "benchmark_v2\fast\structures\C6H12O6_s252.xyz"
}
