{
  "formula": "C6H12O6",
  "seed": 560,
  "tier": "fast",
  "num_atoms": 24,
  "steps_taken": 50,
  "max_steps": 50,
  "energy_kcal_mol": 2168372.021627,
  "energy_per_atom": 90348.834234,
  "rms_force": 3171954.528563,
  "max_force": 3171954.528563,
  "alpha_final": 0.063619,
  "dt_final": 0.072890,
  "converged": false,
  "classification": "timeout",
  "wall_time_ms": 0.663200,
  "timestamp": "2026-03-28T13:05:20",
  "xyz_file": "benchmark_v2\fast\structures\C6H12O6_s560.xyz"
}
