{
  "formula": "C6H12",
  "seed": 294,
  "tier": "fast",
  "num_atoms": 18,
  "steps_taken": 50,
  "max_steps": 50,
  "energy_kcal_mol": 632664.911413,
  "energy_per_atom": 35148.050634,
  "rms_force": 1859498.097018,
  "max_force": 1859498.097018,
  "alpha_final": 0.063619,
  "dt_final": 0.072890,
  "converged": false,
  "classification": "timeout",
  "wall_time_ms": 0.666500,
  "timestamp": "2026-03-28T13:04:41",
  "xyz_file": "benchmark_v2\fast\structures\C6H12_s294.xyz"
}
