{
  "formula": "C6H12O6",
  "seed": 266,
  "tier": "fast",
  "num_atoms": 24,
  "steps_taken": 50,
  "max_steps": 50,
  "energy_kcal_mol": 1722931.117892,
  "energy_per_atom": 71788.796579,
  "rms_force": 3027223.131721,
  "max_force": 3027223.131721,
  "alpha_final": 0.063619,
  "dt_final": 0.072890,
  "converged": false,
  "classification": "timeout",
  "wall_time_ms": 0.587200,
  "timestamp": "2026-03-28T13:06:03",
  "xyz_file": "benchmark_v2\fast\structures\C6H12O6_s266.xyz"
}
