{
  "formula": "C6H12O6",
  "seed": 105,
  "tier": "fast",
  "num_atoms": 24,
  "steps_taken": 50,
  "max_steps": 50,
  "energy_kcal_mol": 1612440.769830,
  "energy_per_atom": 67185.032076,
  "rms_force": 1971857.688864,
  "max_force": 1971857.688864,
  "alpha_final": 0.063619,
  "dt_final": 0.072890,
  "converged": false,
  "classification": "timeout",
  "wall_time_ms": 0.643900,
  "timestamp": "2026-03-28T13:05:38",
  "xyz_file": "benchmark_v2\fast\structures\C6H12O6_s105.xyz"
}
