{
  "formula": "C6H12",
  "seed": 329,
  "tier": "fast",
  "num_atoms": 18,
  "steps_taken": 50,
  "max_steps": 50,
  "energy_kcal_mol": 881060.598817,
  "energy_per_atom": 48947.811045,
  "rms_force": 2377893.582938,
  "max_force": 2377893.582938,
  "alpha_final": 0.063619,
  "dt_final": 0.072890,
  "converged": false,
  "classification": "timeout",
  "wall_time_ms": 0.614500,
  "timestamp": "2026-03-28T13:04:10",
  "xyz_file": "benchmark_v2\fast\structures\C6H12_s329.xyz"
}
