{
  "formula": "C6H12O6",
  "seed": 357,
  "tier": "fast",
  "num_atoms": 24,
  "steps_taken": 50,
  "max_steps": 50,
  "energy_kcal_mol": 937083.781962,
  "energy_per_atom": 39045.157582,
  "rms_force": 1258483.692899,
  "max_force": 1258483.692899,
  "alpha_final": 0.063619,
  "dt_final": 0.072890,
  "converged": false,
  "classification": "timeout",
  "wall_time_ms": 0.749900,
  "timestamp": "2026-03-28T13:06:08",
  "xyz_file": "benchmark_v2\fast\structures\C6H12O6_s357.xyz"
}
