{
  "formula": "C6H12O6",
  "seed": 567,
  "tier": "fast",
  "num_atoms": 24,
  "steps_taken": 50,
  "max_steps": 50,
  "energy_kcal_mol": 798818.111630,
  "energy_per_atom": 33284.087985,
  "rms_force": 1247609.581977,
  "max_force": 1247609.581977,
  "alpha_final": 0.063619,
  "dt_final": 0.072890,
  "converged": false,
  "classification": "timeout",
  "wall_time_ms": 0.636700,
  "timestamp": "2026-03-28T13:07:17",
  "xyz_file": "benchmark_v2\fast\structures\C6H12O6_s567.xyz"
}
