{
  "formula": "C6H12O6",
  "seed": 238,
  "tier": "fast",
  "num_atoms": 24,
  "steps_taken": 50,
  "max_steps": 50,
  "energy_kcal_mol": 3218503.342253,
  "energy_per_atom": 134104.305927,
  "rms_force": 9654263.180868,
  "max_force": 9654263.180868,
  "alpha_final": 0.063619,
  "dt_final": 0.072890,
  "converged": false,
  "classification": "timeout",
  "wall_time_ms": 0.655300,
  "timestamp": "2026-03-28T13:07:02",
  "xyz_file": "benchmark_v2\fast\structures\C6H12O6_s238.xyz"
}
