{
  "formula": "C6H5OH",
  "seed": 301,
  "tier": "fast",
  "num_atoms": 13,
  "steps_taken": 50,
  "max_steps": 50,
  "energy_kcal_mol": 2584237.832958,
  "energy_per_atom": 198787.525612,
  "rms_force": 13493011.415002,
  "max_force": 13493011.415002,
  "alpha_final": 0.063619,
  "dt_final": 0.072890,
  "converged": false,
  "classification": "timeout",
  "wall_time_ms": 0.710500,
  "timestamp": "2026-03-28T13:05:46",
  "xyz_file": "benchmark_v2\fast\structures\C6H5OH_s301.xyz"
}
