{
  "formula": "C8H18",
  "seed": 574,
  "tier": "fast",
  "num_atoms": 26,
  "steps_taken": 50,
  "max_steps": 50,
  "energy_kcal_mol": 1796729.774344,
  "energy_per_atom": 69104.991321,
  "rms_force": 3099233.980783,
  "max_force": 3099233.980783,
  "alpha_final": 0.063619,
  "dt_final": 0.072890,
  "converged": false,
  "classification": "timeout",
  "wall_time_ms": 1.073500,
  "timestamp": "2026-03-28T13:06:11",
  "xyz_file": "benchmark_v2\fast\structures\C8H18_s574.xyz"
}
