{
  "formula": "C8H18",
  "seed": 322,
  "tier": "fast",
  "num_atoms": 26,
  "steps_taken": 50,
  "max_steps": 50,
  "energy_kcal_mol": 4537275.344765,
  "energy_per_atom": 174510.590183,
  "rms_force": 10615645.523395,
  "max_force": 10615645.523395,
  "alpha_final": 0.063619,
  "dt_final": 0.072890,
  "converged": false,
  "classification": "timeout",
  "wall_time_ms": 0.752300,
  "timestamp": "2026-03-28T13:06:45",
  "xyz_file": "benchmark_v2\fast\structures\C8H18_s322.xyz"
}
