{
  "formula": "C8H18",
  "seed": 252,
  "tier": "fast",
  "num_atoms": 26,
  "steps_taken": 50,
  "max_steps": 50,
  "energy_kcal_mol": 7740915.263230,
  "energy_per_atom": 297727.510124,
  "rms_force": 17271206.120655,
  "max_force": 17271206.120655,
  "alpha_final": 0.063619,
  "dt_final": 0.072890,
  "converged": false,
  "classification": "timeout",
  "wall_time_ms": 0.607600,
  "timestamp": "2026-03-28T13:04:03",
  "xyz_file": "benchmark_v2\fast\structures\C8H18_s252.xyz"
}
