{
  "formula": "C8H18",
  "seed": 133,
  "tier": "fast",
  "num_atoms": 26,
  "steps_taken": 50,
  "max_steps": 50,
  "energy_kcal_mol": 1170568.141715,
  "energy_per_atom": 45021.851604,
  "rms_force": 1127860.551542,
  "max_force": 1127860.551542,
  "alpha_final": 0.063619,
  "dt_final": 0.072890,
  "converged": false,
  "classification": "timeout",
  "wall_time_ms": 0.670700,
  "timestamp": "2026-03-28T13:03:37",
  "xyz_file": "benchmark_v2\fast\structures\C8H18_s133.xyz"
}
