{
  "formula": "C8H18",
  "seed": 364,
  "tier": "fast",
  "num_atoms": 26,
  "steps_taken": 50,
  "max_steps": 50,
  "energy_kcal_mol": 2346371.319626,
  "energy_per_atom": 90245.050755,
  "rms_force": 3899612.372379,
  "max_force": 3899612.372379,
  "alpha_final": 0.063619,
  "dt_final": 0.072890,
  "converged": false,
  "classification": "timeout",
  "wall_time_ms": 0.746700,
  "timestamp": "2026-03-28T13:05:39",
  "xyz_file": "benchmark_v2\fast\structures\C8H18_s364.xyz"
}
