{
  "formula": "C8H18",
  "seed": 546,
  "tier": "fast",
  "num_atoms": 26,
  "steps_taken": 50,
  "max_steps": 50,
  "energy_kcal_mol": 1544314.185703,
  "energy_per_atom": 59396.699450,
  "rms_force": 1418385.866735,
  "max_force": 1418385.866735,
  "alpha_final": 0.063619,
  "dt_final": 0.072890,
  "converged": false,
  "classification": "timeout",
  "wall_time_ms": 0.681800,
  "timestamp": "2026-03-28T13:05:20",
  "xyz_file": "benchmark_v2\fast\structures\C8H18_s546.xyz"
}
