{
  "formula": "C8H18",
  "seed": 280,
  "tier": "fast",
  "num_atoms": 26,
  "steps_taken": 50,
  "max_steps": 50,
  "energy_kcal_mol": 2241207.365347,
  "energy_per_atom": 86200.283283,
  "rms_force": 3071159.668652,
  "max_force": 3071159.668652,
  "alpha_final": 0.063619,
  "dt_final": 0.072890,
  "converged": false,
  "classification": "timeout",
  "wall_time_ms": 0.908600,
  "timestamp": "2026-03-28T13:05:31",
  "xyz_file": "benchmark_v2\fast\structures\C8H18_s280.xyz"
}
