{
  "formula": "C8H18",
  "seed": 658,
  "tier": "fast",
  "num_atoms": 26,
  "steps_taken": 50,
  "max_steps": 50,
  "energy_kcal_mol": 3971981.846255,
  "energy_per_atom": 152768.532548,
  "rms_force": 6559607.471273,
  "max_force": 6559607.471273,
  "alpha_final": 0.063619,
  "dt_final": 0.072890,
  "converged": false,
  "classification": "timeout",
  "wall_time_ms": 0.723200,
  "timestamp": "2026-03-28T13:07:19",
  "xyz_file": "benchmark_v2\fast\structures\C8H18_s658.xyz"
}
