{
  "formula": "C8H18",
  "seed": 294,
  "tier": "fast",
  "num_atoms": 26,
  "steps_taken": 50,
  "max_steps": 50,
  "energy_kcal_mol": 2819974.039784,
  "energy_per_atom": 108460.539992,
  "rms_force": 5090639.595456,
  "max_force": 5090639.595456,
  "alpha_final": 0.063619,
  "dt_final": 0.072890,
  "converged": false,
  "classification": "timeout",
  "wall_time_ms": 0.721300,
  "timestamp": "2026-03-28T13:04:15",
  "xyz_file": "benchmark_v2\fast\structures\C8H18_s294.xyz"
}
