{
  "formula": "C8H18",
  "seed": 182,
  "tier": "fast",
  "num_atoms": 26,
  "steps_taken": 50,
  "max_steps": 50,
  "energy_kcal_mol": 4762378.943100,
  "energy_per_atom": 183168.420888,
  "rms_force": 12267658.805190,
  "max_force": 12267658.805190,
  "alpha_final": 0.063619,
  "dt_final": 0.072890,
  "converged": false,
  "classification": "timeout",
  "wall_time_ms": 0.662200,
  "timestamp": "2026-03-28T13:03:58",
  "xyz_file": "benchmark_v2\fast\structures\C8H18_s182.xyz"
}
