{
  "formula": "C8H18",
  "seed": 84,
  "tier": "fast",
  "num_atoms": 26,
  "steps_taken": 50,
  "max_steps": 50,
  "energy_kcal_mol": 3205906.938589,
  "energy_per_atom": 123304.113023,
  "rms_force": 5478515.993780,
  "max_force": 5478515.993780,
  "alpha_final": 0.063619,
  "dt_final": 0.072890,
  "converged": false,
  "classification": "timeout",
  "wall_time_ms": 0.603800,
  "timestamp": "2026-03-28T13:03:49",
  "xyz_file": "benchmark_v2\fast\structures\C8H18_s84.xyz"
}
