{
  "formula": "C8H18",
  "seed": 357,
  "tier": "fast",
  "num_atoms": 26,
  "steps_taken": 50,
  "max_steps": 50,
  "energy_kcal_mol": 1462074.377003,
  "energy_per_atom": 56233.629885,
  "rms_force": 1688030.235783,
  "max_force": 1688030.235783,
  "alpha_final": 0.063619,
  "dt_final": 0.072890,
  "converged": false,
  "classification": "timeout",
  "wall_time_ms": 0.682800,
  "timestamp": "2026-03-28T13:06:03",
  "xyz_file": "benchmark_v2\fast\structures\C8H18_s357.xyz"
}
