{
  "formula": "Ca3Al2O6",
  "seed": 553,
  "tier": "fast",
  "num_atoms": 11,
  "steps_taken": 50,
  "max_steps": 50,
  "energy_kcal_mol": 1510585.614454,
  "energy_per_atom": 137325.964950,
  "rms_force": 5108404.794537,
  "max_force": 5108404.794537,
  "alpha_final": 0.063619,
  "dt_final": 0.072890,
  "converged": false,
  "classification": "timeout",
  "wall_time_ms": 0.518800,
  "timestamp": "2026-03-28T13:05:26",
  "xyz_file": "benchmark_v2\fast\structures\Ca3Al2O6_s553.xyz"
}
