{
  "formula": "P4O10",
  "seed": 189,
  "tier": "fast",
  "num_atoms": 14,
  "steps_taken": 50,
  "max_steps": 50,
  "energy_kcal_mol": 5259589.024383,
  "energy_per_atom": 375684.930313,
  "rms_force": 19656270.105917,
  "max_force": 19656270.105917,
  "alpha_final": 0.063619,
  "dt_final": 0.072890,
  "converged": false,
  "classification": "timeout",
  "wall_time_ms": 0.588300,
  "timestamp": "2026-03-28T13:04:46",
  "xyz_file": "benchmark_v2\fast\structures\P4O10_s189.xyz"
}
