{
  "formula": "P4O10",
  "seed": 469,
  "tier": "fast",
  "num_atoms": 14,
  "steps_taken": 50,
  "max_steps": 50,
  "energy_kcal_mol": 1008750.175692,
  "energy_per_atom": 72053.583978,
  "rms_force": 2906468.185793,
  "max_force": 2906468.185793,
  "alpha_final": 0.063619,
  "dt_final": 0.072890,
  "converged": false,
  "classification": "timeout",
  "wall_time_ms": 0.948500,
  "timestamp": "2026-03-28T13:06:11",
  "xyz_file": "benchmark_v2\fast\structures\P4O10_s469.xyz"
}
