{
  "formula": "P4O10",
  "seed": 175,
  "tier": "fast",
  "num_atoms": 14,
  "steps_taken": 50,
  "max_steps": 50,
  "energy_kcal_mol": 495410.135161,
  "energy_per_atom": 35386.438226,
  "rms_force": 1140442.917278,
  "max_force": 1140442.917278,
  "alpha_final": 0.063619,
  "dt_final": 0.072890,
  "converged": false,
  "classification": "timeout",
  "wall_time_ms": 0.456500,
  "timestamp": "2026-03-28T13:03:58",
  "xyz_file": "benchmark_v2\fast\structures\P4O10_s175.xyz"
}
