{
  "formula": "P4O10",
  "seed": 434,
  "tier": "fast",
  "num_atoms": 14,
  "steps_taken": 50,
  "max_steps": 50,
  "energy_kcal_mol": 813325.008836,
  "energy_per_atom": 58094.643488,
  "rms_force": 1750601.480082,
  "max_force": 1750601.480082,
  "alpha_final": 0.063619,
  "dt_final": 0.072890,
  "converged": false,
  "classification": "timeout",
  "wall_time_ms": 0.480800,
  "timestamp": "2026-03-28T13:06:08",
  "xyz_file": "benchmark_v2\fast\structures\P4O10_s434.xyz"
}
