{
  "formula": "P4O10",
  "seed": 329,
  "tier": "fast",
  "num_atoms": 14,
  "steps_taken": 50,
  "max_steps": 50,
  "energy_kcal_mol": 935125.738322,
  "energy_per_atom": 66794.695594,
  "rms_force": 2116473.723494,
  "max_force": 2116473.723494,
  "alpha_final": 0.063619,
  "dt_final": 0.072890,
  "converged": false,
  "classification": "timeout",
  "wall_time_ms": 1.053400,
  "timestamp": "2026-03-28T13:05:20",
  "xyz_file": "benchmark_v2\fast\structures\P4O10_s329.xyz"
}
