{
  "formula": "P4O10",
  "seed": 259,
  "tier": "fast",
  "num_atoms": 14,
  "steps_taken": 50,
  "max_steps": 50,
  "energy_kcal_mol": 1844238.585878,
  "energy_per_atom": 131731.327563,
  "rms_force": 5995351.072878,
  "max_force": 5995351.072878,
  "alpha_final": 0.063619,
  "dt_final": 0.072890,
  "converged": false,
  "classification": "timeout",
  "wall_time_ms": 0.553600,
  "timestamp": "2026-03-28T13:06:18",
  "xyz_file": "benchmark_v2\fast\structures\P4O10_s259.xyz"
}
