{
  "formula": "C16H10",
  "seed": 70,
  "tier": "highn",
  "num_atoms": 26,
  "steps_taken": 10000,
  "max_steps": 10000,
  "energy_kcal_mol": 10866.302034,
  "energy_per_atom": 417.934694,
  "rms_force": 9908.343962,
  "max_force": 9908.343962,
  "alpha_final": 0.000000,
  "dt_final": 0.100000,
  "converged": false,
  "classification": "timeout",
  "wall_time_ms": 33.751600,
  "timestamp": "2026-03-28T12:53:18",
  "xyz_file": "benchmark_100\highn\structures\C16H10_s70.xyz"
}
