{
  "formula": "C6H12O6",
  "seed": 70,
  "tier": "highn",
  "num_atoms": 24,
  "steps_taken": 10000,
  "max_steps": 10000,
  "energy_kcal_mol": 103970.569480,
  "energy_per_atom": 4332.107062,
  "rms_force": 57114.502230,
  "max_force": 57114.502230,
  "alpha_final": 0.000000,
  "dt_final": 0.100000,
  "converged": false,
  "classification": "timeout",
  "wall_time_ms": 29.473800,
  "timestamp": "2026-03-28T12:55:17",
  "xyz_file": "benchmark_100\highn\structures\C6H12O6_s70.xyz"
}
