{
  "formula": "C16H34",
  "seed": 112,
  "tier": "highn",
  "num_atoms": 50,
  "steps_taken": 10000,
  "max_steps": 10000,
  "energy_kcal_mol": 48273.121797,
  "energy_per_atom": 965.462436,
  "rms_force": 5379.869525,
  "max_force": 5379.869525,
  "alpha_final": 0.000174,
  "dt_final": 0.100000,
  "converged": false,
  "classification": "timeout",
  "wall_time_ms": 132.508100,
  "timestamp": "2026-03-28T13:06:51",
  "xyz_file": "benchmark_v2\highn\structures\C16H34_s112.xyz"
}
