{
  "formula": "C10H22",
  "seed": 266,
  "tier": "medium",
  "num_atoms": 32,
  "steps_taken": 1000,
  "max_steps": 1000,
  "energy_kcal_mol": 6119864.208979,
  "energy_per_atom": 191245.756531,
  "rms_force": 4644283.412943,
  "max_force": 4644283.412943,
  "alpha_final": 0.000005,
  "dt_final": 0.100000,
  "converged": false,
  "classification": "timeout",
  "wall_time_ms": 6.395300,
  "timestamp": "2026-03-28T13:03:56",
  "xyz_file": "benchmark_v2\medium\structures\C10H22_s266.xyz"
}
