{
  "formula": "C10H8",
  "seed": 336,
  "tier": "medium",
  "num_atoms": 18,
  "steps_taken": 1000,
  "max_steps": 1000,
  "energy_kcal_mol": 317238.451834,
  "energy_per_atom": 17624.358435,
  "rms_force": 430748.622682,
  "max_force": 430748.622682,
  "alpha_final": 0.000005,
  "dt_final": 0.100000,
  "converged": false,
  "classification": "timeout",
  "wall_time_ms": 2.323600,
  "timestamp": "2026-03-28T13:07:14",
  "xyz_file": "benchmark_v2\medium\structures\C10H8_s336.xyz"
}
