{
  "formula": "C10H8",
  "seed": 1252,
  "tier": "medium",
  "num_atoms": 18,
  "steps_taken": 1000,
  "max_steps": 1000,
  "energy_kcal_mol": 367551.249517,
  "energy_per_atom": 20419.513862,
  "rms_force": 334883.391042,
  "max_force": 334883.391042,
  "alpha_final": 0.000005,
  "dt_final": 0.100000,
  "converged": false,
  "classification": "timeout",
  "wall_time_ms": 2.363400,
  "timestamp": "2026-03-28T13:06:40",
  "xyz_file": "benchmark_v2\medium\structures\C10H8_s1252.xyz"
}
