{
  "formula": "C10H22",
  "seed": 720,
  "tier": "medium",
  "num_atoms": 32,
  "steps_taken": 1000,
  "max_steps": 1000,
  "energy_kcal_mol": 16222193.386617,
  "energy_per_atom": 506943.543332,
  "rms_force": 30095976.646251,
  "max_force": 30095976.646251,
  "alpha_final": 0.000005,
  "dt_final": 0.100000,
  "converged": false,
  "classification": "timeout",
  "wall_time_ms": 7.546000,
  "timestamp": "2026-03-28T13:07:14",
  "xyz_file": "benchmark_v2\medium\structures\C10H22_s720.xyz"
}
