{
  "formula": "C10H8",
  "seed": 356,
  "tier": "medium",
  "num_atoms": 18,
  "steps_taken": 1000,
  "max_steps": 1000,
  "energy_kcal_mol": 209398.884721,
  "energy_per_atom": 11633.271373,
  "rms_force": 164904.280388,
  "max_force": 164904.280388,
  "alpha_final": 0.000005,
  "dt_final": 0.100000,
  "converged": false,
  "classification": "timeout",
  "wall_time_ms": 2.963000,
  "timestamp": "2026-03-28T13:07:14",
  "xyz_file": "benchmark_v2\medium\structures\C10H8_s356.xyz"
}
