{
  "formula": "C10H8",
  "seed": 140,
  "tier": "medium",
  "num_atoms": 18,
  "steps_taken": 1000,
  "max_steps": 1000,
  "energy_kcal_mol": 381155.701754,
  "energy_per_atom": 21175.316764,
  "rms_force": 445272.101158,
  "max_force": 445272.101158,
  "alpha_final": 0.000005,
  "dt_final": 0.100000,
  "converged": false,
  "classification": "timeout",
  "wall_time_ms": 2.318600,
  "timestamp": "2026-03-28T13:04:53",
  "xyz_file": "benchmark_v2\medium\structures\C10H8_s140.xyz"
}
