{
  "formula": "C10H22",
  "seed": 546,
  "tier": "medium",
  "num_atoms": 32,
  "steps_taken": 1000,
  "max_steps": 1000,
  "energy_kcal_mol": 9611738.071023,
  "energy_per_atom": 300366.814719,
  "rms_force": 13958703.257123,
  "max_force": 13958703.257123,
  "alpha_final": 0.000005,
  "dt_final": 0.100000,
  "converged": false,
  "classification": "timeout",
  "wall_time_ms": 6.602700,
  "timestamp": "2026-03-28T13:03:42",
  "xyz_file": "benchmark_v2\medium\structures\C10H22_s546.xyz"
}
