{
  "formula": "C10H22",
  "seed": 1084,
  "tier": "medium",
  "num_atoms": 32,
  "steps_taken": 1000,
  "max_steps": 1000,
  "energy_kcal_mol": 10271019.820514,
  "energy_per_atom": 320969.369391,
  "rms_force": 10355576.634297,
  "max_force": 10355576.634297,
  "alpha_final": 0.000005,
  "dt_final": 0.100000,
  "converged": false,
  "classification": "timeout",
  "wall_time_ms": 6.761100,
  "timestamp": "2026-03-28T13:07:37",
  "xyz_file": "benchmark_v2\medium\structures\C10H22_s1084.xyz"
}
