{
  "formula": "C10H22",
  "seed": 1364,
  "tier": "medium",
  "num_atoms": 32,
  "steps_taken": 1000,
  "max_steps": 1000,
  "energy_kcal_mol": 5354287.901086,
  "energy_per_atom": 167321.496909,
  "rms_force": 3960908.605338,
  "max_force": 3960908.605338,
  "alpha_final": 0.000005,
  "dt_final": 0.100000,
  "converged": false,
  "classification": "timeout",
  "wall_time_ms": 7.096200,
  "timestamp": "2026-03-28T13:05:34",
  "xyz_file": "benchmark_v2\medium\structures\C10H22_s1364.xyz"
}
