{
  "formula": "C10H8",
  "seed": 1224,
  "tier": "medium",
  "num_atoms": 18,
  "steps_taken": 1000,
  "max_steps": 1000,
  "energy_kcal_mol": 266762.821600,
  "energy_per_atom": 14820.156756,
  "rms_force": 222633.176037,
  "max_force": 222633.176037,
  "alpha_final": 0.000005,
  "dt_final": 0.100000,
  "converged": false,
  "classification": "timeout",
  "wall_time_ms": 2.643400,
  "timestamp": "2026-03-28T13:05:34",
  "xyz_file": "benchmark_v2\medium\structures\C10H8_s1224.xyz"
}
