{
  "formula": "C10H8",
  "seed": 1204,
  "tier": "medium",
  "num_atoms": 18,
  "steps_taken": 1000,
  "max_steps": 1000,
  "energy_kcal_mol": 1194122.394164,
  "energy_per_atom": 66340.133009,
  "rms_force": 2008934.306869,
  "max_force": 2008934.306869,
  "alpha_final": 0.000005,
  "dt_final": 0.100000,
  "converged": false,
  "classification": "timeout",
  "wall_time_ms": 2.573500,
  "timestamp": "2026-03-28T13:05:34",
  "xyz_file": "benchmark_v2\medium\structures\C10H8_s1204.xyz"
}
