{
  "formula": "C10H8",
  "seed": 846,
  "tier": "medium",
  "num_atoms": 18,
  "steps_taken": 1000,
  "max_steps": 1000,
  "energy_kcal_mol": 487908.756431,
  "energy_per_atom": 27106.042024,
  "rms_force": 1031444.889677,
  "max_force": 1031444.889677,
  "alpha_final": 0.000005,
  "dt_final": 0.100000,
  "converged": false,
  "classification": "timeout",
  "wall_time_ms": 2.347100,
  "timestamp": "2026-03-28T13:03:56",
  "xyz_file": "benchmark_v2\medium\structures\C10H8_s846.xyz"
}
