{
  "formula": "C10H22",
  "seed": 552,
  "tier": "medium",
  "num_atoms": 32,
  "steps_taken": 1000,
  "max_steps": 1000,
  "energy_kcal_mol": 6763139.339737,
  "energy_per_atom": 211348.104367,
  "rms_force": 5580691.092437,
  "max_force": 5580691.092437,
  "alpha_final": 0.000005,
  "dt_final": 0.100000,
  "converged": false,
  "classification": "timeout",
  "wall_time_ms": 7.111700,
  "timestamp": "2026-03-28T13:04:24",
  "xyz_file": "benchmark_v2\medium\structures\C10H22_s552.xyz"
}
