{
  "formula": "C10H22",
  "seed": 286,
  "tier": "medium",
  "num_atoms": 32,
  "steps_taken": 1000,
  "max_steps": 1000,
  "energy_kcal_mol": 4618037.340187,
  "energy_per_atom": 144313.666881,
  "rms_force": 3652853.470815,
  "max_force": 3652853.470815,
  "alpha_final": 0.000005,
  "dt_final": 0.100000,
  "converged": false,
  "classification": "timeout",
  "wall_time_ms": 6.807400,
  "timestamp": "2026-03-28T13:03:56",
  "xyz_file": "benchmark_v2\medium\structures\C10H22_s286.xyz"
}
