{
  "formula": "C10H22",
  "seed": 1176,
  "tier": "medium",
  "num_atoms": 32,
  "steps_taken": 1000,
  "max_steps": 1000,
  "energy_kcal_mol": 4574738.370762,
  "energy_per_atom": 142960.574086,
  "rms_force": 4089648.951856,
  "max_force": 4089648.951856,
  "alpha_final": 0.000005,
  "dt_final": 0.100000,
  "converged": false,
  "classification": "timeout",
  "wall_time_ms": 6.702100,
  "timestamp": "2026-03-28T13:05:10",
  "xyz_file": "benchmark_v2\medium\structures\C10H22_s1176.xyz"
}
