{
  "formula": "C10H22",
  "seed": 566,
  "tier": "medium",
  "num_atoms": 32,
  "steps_taken": 1000,
  "max_steps": 1000,
  "energy_kcal_mol": 4401452.801074,
  "energy_per_atom": 137545.400034,
  "rms_force": 3758986.969674,
  "max_force": 3758986.969674,
  "alpha_final": 0.000005,
  "dt_final": 0.100000,
  "converged": false,
  "classification": "timeout",
  "wall_time_ms": 6.572200,
  "timestamp": "2026-03-28T13:03:42",
  "xyz_file": "benchmark_v2\medium\structures\C10H22_s566.xyz"
}
