{
  "formula": "C10H8",
  "seed": 160,
  "tier": "medium",
  "num_atoms": 18,
  "steps_taken": 1000,
  "max_steps": 1000,
  "energy_kcal_mol": 1256961.274541,
  "energy_per_atom": 69831.181919,
  "rms_force": 2110610.624814,
  "max_force": 2110610.624814,
  "alpha_final": 0.000005,
  "dt_final": 0.100000,
  "converged": false,
  "classification": "timeout",
  "wall_time_ms": 2.403200,
  "timestamp": "2026-03-28T13:04:53",
  "xyz_file": "benchmark_v2\medium\structures\C10H8_s160.xyz"
}
