{
  "formula": "C10H22",
  "seed": 104,
  "tier": "medium",
  "num_atoms": 32,
  "steps_taken": 1000,
  "max_steps": 1000,
  "energy_kcal_mol": 4850456.455098,
  "energy_per_atom": 151576.764222,
  "rms_force": 3354842.545987,
  "max_force": 3354842.545987,
  "alpha_final": 0.000005,
  "dt_final": 0.100000,
  "converged": false,
  "classification": "timeout",
  "wall_time_ms": 6.105100,
  "timestamp": "2026-03-28T13:04:53",
  "xyz_file": "benchmark_v2\medium\structures\C10H22_s104.xyz"
}
