{
  "formula": "C10H22",
  "seed": 1344,
  "tier": "medium",
  "num_atoms": 32,
  "steps_taken": 1000,
  "max_steps": 1000,
  "energy_kcal_mol": 8007921.617055,
  "energy_per_atom": 250247.550533,
  "rms_force": 10488993.510584,
  "max_force": 10488993.510584,
  "alpha_final": 0.000005,
  "dt_final": 0.100000,
  "converged": false,
  "classification": "timeout",
  "wall_time_ms": 6.921100,
  "timestamp": "2026-03-28T13:05:34",
  "xyz_file": "benchmark_v2\medium\structures\C10H22_s1344.xyz"
}
