{
  "formula": "C10H22",
  "seed": 1064,
  "tier": "medium",
  "num_atoms": 32,
  "steps_taken": 1000,
  "max_steps": 1000,
  "energy_kcal_mol": 12461560.641789,
  "energy_per_atom": 389423.770056,
  "rms_force": 19985713.616373,
  "max_force": 19985713.616373,
  "alpha_final": 0.000005,
  "dt_final": 0.100000,
  "converged": false,
  "classification": "timeout",
  "wall_time_ms": 6.988000,
  "timestamp": "2026-03-28T13:07:37",
  "xyz_file": "benchmark_v2\medium\structures\C10H22_s1064.xyz"
}
