{
  "formula": "C10H8",
  "seed": 118,
  "tier": "medium",
  "num_atoms": 18,
  "steps_taken": 1000,
  "max_steps": 1000,
  "energy_kcal_mol": 222929.132441,
  "energy_per_atom": 12384.951802,
  "rms_force": 266776.479213,
  "max_force": 266776.479213,
  "alpha_final": 0.000005,
  "dt_final": 0.100000,
  "converged": false,
  "classification": "timeout",
  "wall_time_ms": 2.396300,
  "timestamp": "2026-03-28T13:06:30",
  "xyz_file": "benchmark_v2\medium\structures\C10H8_s118.xyz"
}
