{
  "formula": "C10H22",
  "seed": 700,
  "tier": "medium",
  "num_atoms": 32,
  "steps_taken": 1000,
  "max_steps": 1000,
  "energy_kcal_mol": 6715044.899295,
  "energy_per_atom": 209845.153103,
  "rms_force": 6564292.429681,
  "max_force": 6564292.429681,
  "alpha_final": 0.000005,
  "dt_final": 0.100000,
  "converged": false,
  "classification": "timeout",
  "wall_time_ms": 7.002700,
  "timestamp": "2026-03-28T13:07:14",
  "xyz_file": "benchmark_v2\medium\structures\C10H22_s700.xyz"
}
