{
  "formula": "C10H22",
  "seed": 1196,
  "tier": "medium",
  "num_atoms": 32,
  "steps_taken": 1000,
  "max_steps": 1000,
  "energy_kcal_mol": 9501475.388984,
  "energy_per_atom": 296921.105906,
  "rms_force": 13447384.328726,
  "max_force": 13447384.328726,
  "alpha_final": 0.000005,
  "dt_final": 0.100000,
  "converged": false,
  "classification": "timeout",
  "wall_time_ms": 7.280200,
  "timestamp": "2026-03-28T13:05:10",
  "xyz_file": "benchmark_v2\medium\structures\C10H22_s1196.xyz"
}
