{
  "formula": "C10H22",
  "seed": 490,
  "tier": "medium",
  "num_atoms": 32,
  "steps_taken": 1000,
  "max_steps": 1000,
  "energy_kcal_mol": 5919400.957193,
  "energy_per_atom": 184981.279912,
  "rms_force": 4715889.504260,
  "max_force": 4715889.504260,
  "alpha_final": 0.000005,
  "dt_final": 0.100000,
  "converged": false,
  "classification": "timeout",
  "wall_time_ms": 6.904500,
  "timestamp": "2026-03-28T13:04:49",
  "xyz_file": "benchmark_v2\medium\structures\C10H22_s490.xyz"
}
