{
  "formula": "C10H22",
  "seed": 84,
  "tier": "medium",
  "num_atoms": 32,
  "steps_taken": 1000,
  "max_steps": 1000,
  "energy_kcal_mol": 10393812.294208,
  "energy_per_atom": 324806.634194,
  "rms_force": 8701738.434896,
  "max_force": 8701738.434896,
  "alpha_final": 0.000005,
  "dt_final": 0.100000,
  "converged": false,
  "classification": "timeout",
  "wall_time_ms": 6.268500,
  "timestamp": "2026-03-28T13:04:53",
  "xyz_file": "benchmark_v2\medium\structures\C10H22_s84.xyz"
}
