{
  "formula": "C10H8",
  "seed": 1232,
  "tier": "medium",
  "num_atoms": 18,
  "steps_taken": 1000,
  "max_steps": 1000,
  "energy_kcal_mol": 257525.889935,
  "energy_per_atom": 14306.993885,
  "rms_force": 192115.708642,
  "max_force": 192115.708642,
  "alpha_final": 0.000005,
  "dt_final": 0.100000,
  "converged": false,
  "classification": "timeout",
  "wall_time_ms": 2.495300,
  "timestamp": "2026-03-28T13:06:40",
  "xyz_file": "benchmark_v2\medium\structures\C10H8_s1232.xyz"
}
