{
  "formula": "C12H26",
  "seed": 1008,
  "tier": "medium",
  "num_atoms": 38,
  "steps_taken": 1000,
  "max_steps": 1000,
  "energy_kcal_mol": 55282775.388046,
  "energy_per_atom": 1454809.878633,
  "rms_force": 67240125.734738,
  "max_force": 67240125.734738,
  "alpha_final": 0.000005,
  "dt_final": 0.100000,
  "converged": false,
  "classification": "timeout",
  "wall_time_ms": 9.115900,
  "timestamp": "2026-03-28T13:07:14",
  "xyz_file": "benchmark_v2\medium\structures\C12H26_s1008.xyz"
}
