{
  "formula": "C12H10",
  "seed": 686,
  "tier": "medium",
  "num_atoms": 22,
  "steps_taken": 1000,
  "max_steps": 1000,
  "energy_kcal_mol": 9769670.308153,
  "energy_per_atom": 444075.923098,
  "rms_force": 24107019.142083,
  "max_force": 24107019.142083,
  "alpha_final": 0.000005,
  "dt_final": 0.100000,
  "converged": false,
  "classification": "timeout",
  "wall_time_ms": 3.396100,
  "timestamp": "2026-03-28T13:05:33",
  "xyz_file": "benchmark_v2\medium\structures\C12H10_s686.xyz"
}
