{
  "formula": "C12H26",
  "seed": 272,
  "tier": "medium",
  "num_atoms": 38,
  "steps_taken": 1000,
  "max_steps": 1000,
  "energy_kcal_mol": 85695306.539539,
  "energy_per_atom": 2255139.645777,
  "rms_force": 242215067.911504,
  "max_force": 242215067.911504,
  "alpha_final": 0.000005,
  "dt_final": 0.100000,
  "converged": false,
  "classification": "timeout",
  "wall_time_ms": 9.548900,
  "timestamp": "2026-03-28T13:04:24",
  "xyz_file": "benchmark_v2\medium\structures\C12H26_s272.xyz"
}
