{
  "formula": "C12H10",
  "seed": 140,
  "tier": "medium",
  "num_atoms": 22,
  "steps_taken": 1000,
  "max_steps": 1000,
  "energy_kcal_mol": 1619513.361424,
  "energy_per_atom": 73614.243701,
  "rms_force": 1929225.183636,
  "max_force": 1929225.183636,
  "alpha_final": 0.000005,
  "dt_final": 0.100000,
  "converged": false,
  "classification": "timeout",
  "wall_time_ms": 3.132400,
  "timestamp": "2026-03-28T13:03:56",
  "xyz_file": "benchmark_v2\medium\structures\C12H10_s140.xyz"
}
