{
  "formula": "C12H26",
  "seed": 168,
  "tier": "medium",
  "num_atoms": 38,
  "steps_taken": 1000,
  "max_steps": 1000,
  "energy_kcal_mol": 1211487027.296145,
  "energy_per_atom": 31881237.560425,
  "rms_force": 4131297462.412663,
  "max_force": 4131297462.412663,
  "alpha_final": 0.000005,
  "dt_final": 0.100000,
  "converged": false,
  "classification": "timeout",
  "wall_time_ms": 8.481100,
  "timestamp": "2026-03-28T13:06:39",
  "xyz_file": "benchmark_v2\medium\structures\C12H26_s168.xyz"
}
