{
  "formula": "C12H26",
  "seed": 90,
  "tier": "medium",
  "num_atoms": 38,
  "steps_taken": 1000,
  "max_steps": 1000,
  "energy_kcal_mol": 44876134.904119,
  "energy_per_atom": 1180950.918529,
  "rms_force": 49991262.948556,
  "max_force": 49991262.948556,
  "alpha_final": 0.000005,
  "dt_final": 0.100000,
  "converged": false,
  "classification": "timeout",
  "wall_time_ms": 8.806900,
  "timestamp": "2026-03-28T13:06:20",
  "xyz_file": "benchmark_v2\medium\structures\C12H26_s90.xyz"
}
