{
  "formula": "C12H10",
  "seed": 126,
  "tier": "medium",
  "num_atoms": 22,
  "steps_taken": 1000,
  "max_steps": 1000,
  "energy_kcal_mol": 6525450.003346,
  "energy_per_atom": 296611.363788,
  "rms_force": 19299323.466557,
  "max_force": 19299323.466557,
  "alpha_final": 0.000005,
  "dt_final": 0.100000,
  "converged": false,
  "classification": "timeout",
  "wall_time_ms": 3.038300,
  "timestamp": "2026-03-28T13:06:39",
  "xyz_file": "benchmark_v2\medium\structures\C12H10_s126.xyz"
}
