{
  "formula": "C12H10",
  "seed": 706,
  "tier": "medium",
  "num_atoms": 22,
  "steps_taken": 1000,
  "max_steps": 1000,
  "energy_kcal_mol": 174380303.156735,
  "energy_per_atom": 7926377.416215,
  "rms_force": 1002775719.257361,
  "max_force": 1002775719.257361,
  "alpha_final": 0.000005,
  "dt_final": 0.100000,
  "converged": false,
  "classification": "timeout",
  "wall_time_ms": 3.756600,
  "timestamp": "2026-03-28T13:05:33",
  "xyz_file": "benchmark_v2\medium\structures\C12H10_s706.xyz"
}
