{
  "formula": "C12H26",
  "seed": 938,
  "tier": "medium",
  "num_atoms": 38,
  "steps_taken": 1000,
  "max_steps": 1000,
  "energy_kcal_mol": 46512095.209869,
  "energy_per_atom": 1224002.505523,
  "rms_force": 69671317.669684,
  "max_force": 69671317.669684,
  "alpha_final": 0.000005,
  "dt_final": 0.100000,
  "converged": false,
  "classification": "timeout",
  "wall_time_ms": 9.726300,
  "timestamp": "2026-03-28T13:07:32",
  "xyz_file": "benchmark_v2\medium\structures\C12H26_s938.xyz"
}
