{
  "formula": "C12H26",
  "seed": 252,
  "tier": "medium",
  "num_atoms": 38,
  "steps_taken": 1000,
  "max_steps": 1000,
  "energy_kcal_mol": 32021147.168864,
  "energy_per_atom": 842661.767602,
  "rms_force": 27185125.557336,
  "max_force": 27185125.557336,
  "alpha_final": 0.000005,
  "dt_final": 0.100000,
  "converged": false,
  "classification": "timeout",
  "wall_time_ms": 9.369500,
  "timestamp": "2026-03-28T13:04:24",
  "xyz_file": "benchmark_v2\medium\structures\C12H26_s252.xyz"
}
