{
  "formula": "C12H10",
  "seed": 342,
  "tier": "medium",
  "num_atoms": 22,
  "steps_taken": 1000,
  "max_steps": 1000,
  "energy_kcal_mol": 13241107.170051,
  "energy_per_atom": 601868.507730,
  "rms_force": 55158177.342020,
  "max_force": 55158177.342020,
  "alpha_final": 0.000005,
  "dt_final": 0.100000,
  "converged": false,
  "classification": "timeout",
  "wall_time_ms": 3.924500,
  "timestamp": "2026-03-28T13:03:44",
  "xyz_file": "benchmark_v2\medium\structures\C12H10_s342.xyz"
}
