{
  "formula": "C12H10",
  "seed": 300,
  "tier": "medium",
  "num_atoms": 22,
  "steps_taken": 1000,
  "max_steps": 1000,
  "energy_kcal_mol": 2966679.539282,
  "energy_per_atom": 134849.069967,
  "rms_force": 7659428.974788,
  "max_force": 7659428.974788,
  "alpha_final": 0.000005,
  "dt_final": 0.100000,
  "converged": false,
  "classification": "timeout",
  "wall_time_ms": 3.436400,
  "timestamp": "2026-03-28T13:05:07",
  "xyz_file": "benchmark_v2\medium\structures\C12H10_s300.xyz"
}
