{
  "formula": "C12H10",
  "seed": 266,
  "tier": "medium",
  "num_atoms": 22,
  "steps_taken": 1000,
  "max_steps": 1000,
  "energy_kcal_mol": 35766391.065505,
  "energy_per_atom": 1625745.048432,
  "rms_force": 168004202.021921,
  "max_force": 168004202.021921,
  "alpha_final": 0.000005,
  "dt_final": 0.100000,
  "converged": false,
  "classification": "timeout",
  "wall_time_ms": 3.421100,
  "timestamp": "2026-03-28T13:03:34",
  "xyz_file": "benchmark_v2\medium\structures\C12H10_s266.xyz"
}
