{
  "formula": "C12H10",
  "seed": 146,
  "tier": "medium",
  "num_atoms": 22,
  "steps_taken": 1000,
  "max_steps": 1000,
  "energy_kcal_mol": 34165577.280226,
  "energy_per_atom": 1552980.785465,
  "rms_force": 167086329.373463,
  "max_force": 167086329.373463,
  "alpha_final": 0.000005,
  "dt_final": 0.100000,
  "converged": false,
  "classification": "timeout",
  "wall_time_ms": 3.074100,
  "timestamp": "2026-03-28T13:06:39",
  "xyz_file": "benchmark_v2\medium\structures\C12H10_s146.xyz"
}
