{
  "formula": "C12H10",
  "seed": 322,
  "tier": "medium",
  "num_atoms": 22,
  "steps_taken": 1000,
  "max_steps": 1000,
  "energy_kcal_mol": 1655795.479223,
  "energy_per_atom": 75263.430874,
  "rms_force": 1978617.846245,
  "max_force": 1978617.846245,
  "alpha_final": 0.000005,
  "dt_final": 0.100000,
  "converged": false,
  "classification": "timeout",
  "wall_time_ms": 3.550300,
  "timestamp": "2026-03-28T13:03:44",
  "xyz_file": "benchmark_v2\medium\structures\C12H10_s322.xyz"
}
