{
  "formula": "C12H26",
  "seed": 188,
  "tier": "medium",
  "num_atoms": 38,
  "steps_taken": 1000,
  "max_steps": 1000,
  "energy_kcal_mol": 64732659.594877,
  "energy_per_atom": 1703491.041970,
  "rms_force": 82953390.268126,
  "max_force": 82953390.268126,
  "alpha_final": 0.000005,
  "dt_final": 0.100000,
  "converged": false,
  "classification": "timeout",
  "wall_time_ms": 8.524100,
  "timestamp": "2026-03-28T13:06:39",
  "xyz_file": "benchmark_v2\medium\structures\C12H26_s188.xyz"
}
