{
  "formula": "C12H26",
  "seed": 958,
  "tier": "medium",
  "num_atoms": 38,
  "steps_taken": 1000,
  "max_steps": 1000,
  "energy_kcal_mol": 27250223.727583,
  "energy_per_atom": 717111.150726,
  "rms_force": 22636012.987032,
  "max_force": 22636012.987032,
  "alpha_final": 0.000005,
  "dt_final": 0.100000,
  "converged": false,
  "classification": "timeout",
  "wall_time_ms": 9.748100,
  "timestamp": "2026-03-28T13:07:32",
  "xyz_file": "benchmark_v2\medium\structures\C12H26_s958.xyz"
}
