{
  "formula": "C12H26",
  "seed": 1028,
  "tier": "medium",
  "num_atoms": 38,
  "steps_taken": 1000,
  "max_steps": 1000,
  "energy_kcal_mol": 35618570.999677,
  "energy_per_atom": 937330.815781,
  "rms_force": 44100647.454987,
  "max_force": 44100647.454987,
  "alpha_final": 0.000005,
  "dt_final": 0.100000,
  "converged": false,
  "classification": "timeout",
  "wall_time_ms": 9.064000,
  "timestamp": "2026-03-28T13:07:14",
  "xyz_file": "benchmark_v2\medium\structures\C12H26_s1028.xyz"
}
