{
  "formula": "C12H10",
  "seed": 286,
  "tier": "medium",
  "num_atoms": 22,
  "steps_taken": 1000,
  "max_steps": 1000,
  "energy_kcal_mol": 2441522.231246,
  "energy_per_atom": 110978.283238,
  "rms_force": 4099553.401375,
  "max_force": 4099553.401375,
  "alpha_final": 0.000005,
  "dt_final": 0.100000,
  "converged": false,
  "classification": "timeout",
  "wall_time_ms": 3.515300,
  "timestamp": "2026-03-28T13:03:34",
  "xyz_file": "benchmark_v2\medium\structures\C12H10_s286.xyz"
}
