{
  "formula": "C12H10",
  "seed": 154,
  "tier": "medium",
  "num_atoms": 22,
  "steps_taken": 1000,
  "max_steps": 1000,
  "energy_kcal_mol": 1982555.308913,
  "energy_per_atom": 90116.150405,
  "rms_force": 2364407.586198,
  "max_force": 2364407.586198,
  "alpha_final": 0.000005,
  "dt_final": 0.100000,
  "converged": false,
  "classification": "timeout",
  "wall_time_ms": 3.206300,
  "timestamp": "2026-03-28T13:04:33",
  "xyz_file": "benchmark_v2\medium\structures\C12H10_s154.xyz"
}
