{
  "formula": "C12H10",
  "seed": 160,
  "tier": "medium",
  "num_atoms": 22,
  "steps_taken": 1000,
  "max_steps": 1000,
  "energy_kcal_mol": 3346725.726540,
  "energy_per_atom": 152123.896661,
  "rms_force": 4697916.668238,
  "max_force": 4697916.668238,
  "alpha_final": 0.000005,
  "dt_final": 0.100000,
  "converged": false,
  "classification": "timeout",
  "wall_time_ms": 3.017900,
  "timestamp": "2026-03-28T13:03:56",
  "xyz_file": "benchmark_v2\medium\structures\C12H10_s160.xyz"
}
