{
  "formula": "C12H10",
  "seed": 174,
  "tier": "medium",
  "num_atoms": 22,
  "steps_taken": 1000,
  "max_steps": 1000,
  "energy_kcal_mol": 3781273.261612,
  "energy_per_atom": 171876.057346,
  "rms_force": 11824728.971654,
  "max_force": 11824728.971654,
  "alpha_final": 0.000005,
  "dt_final": 0.100000,
  "converged": false,
  "classification": "timeout",
  "wall_time_ms": 3.064200,
  "timestamp": "2026-03-28T13:04:33",
  "xyz_file": "benchmark_v2\medium\structures\C12H10_s174.xyz"
}
