{
  "formula": "C12H10",
  "seed": 280,
  "tier": "medium",
  "num_atoms": 22,
  "steps_taken": 1000,
  "max_steps": 1000,
  "energy_kcal_mol": 266604004.459419,
  "energy_per_atom": 12118363.839064,
  "rms_force": 1594223064.543355,
  "max_force": 1594223064.543355,
  "alpha_final": 0.000005,
  "dt_final": 0.100000,
  "converged": false,
  "classification": "timeout",
  "wall_time_ms": 3.564800,
  "timestamp": "2026-03-28T13:05:07",
  "xyz_file": "benchmark_v2\medium\structures\C12H10_s280.xyz"
}
