{
  "formula": "C14H10",
  "seed": 62,
  "tier": "medium",
  "num_atoms": 24,
  "steps_taken": 1000,
  "max_steps": 1000,
  "energy_kcal_mol": 1386613.014592,
  "energy_per_atom": 57775.542275,
  "rms_force": 1063129.662057,
  "max_force": 1063129.662057,
  "alpha_final": 0.000005,
  "dt_final": 0.100000,
  "converged": false,
  "classification": "timeout",
  "wall_time_ms": 3.255100,
  "timestamp": "2026-03-28T13:03:46",
  "xyz_file": "benchmark_v2\medium\structures\C14H10_s62.xyz"
}
