{
  "formula": "C14H10",
  "seed": 846,
  "tier": "medium",
  "num_atoms": 24,
  "steps_taken": 1000,
  "max_steps": 1000,
  "energy_kcal_mol": 1863247.992175,
  "energy_per_atom": 77635.333007,
  "rms_force": 2367763.848687,
  "max_force": 2367763.848687,
  "alpha_final": 0.000005,
  "dt_final": 0.100000,
  "converged": false,
  "classification": "timeout",
  "wall_time_ms": 4.101900,
  "timestamp": "2026-03-28T13:03:42",
  "xyz_file": "benchmark_v2\medium\structures\C14H10_s846.xyz"
}
