{
  "formula": "C14H10",
  "seed": 560,
  "tier": "medium",
  "num_atoms": 24,
  "steps_taken": 1000,
  "max_steps": 1000,
  "energy_kcal_mol": 2673570.313907,
  "energy_per_atom": 111398.763079,
  "rms_force": 2927211.035126,
  "max_force": 2927211.035126,
  "alpha_final": 0.000005,
  "dt_final": 0.100000,
  "converged": false,
  "classification": "timeout",
  "wall_time_ms": 4.134800,
  "timestamp": "2026-03-28T13:06:21",
  "xyz_file": "benchmark_v2\medium\structures\C14H10_s560.xyz"
}
