{
  "formula": "C14H10",
  "seed": 98,
  "tier": "medium",
  "num_atoms": 24,
  "steps_taken": 1000,
  "max_steps": 1000,
  "energy_kcal_mol": 1414941.773130,
  "energy_per_atom": 58955.907214,
  "rms_force": 947181.375577,
  "max_force": 947181.375577,
  "alpha_final": 0.000005,
  "dt_final": 0.100000,
  "converged": false,
  "classification": "timeout",
  "wall_time_ms": 3.749100,
  "timestamp": "2026-03-28T13:06:23",
  "xyz_file": "benchmark_v2\medium\structures\C14H10_s98.xyz"
}
