{
  "formula": "C14H10",
  "seed": 118,
  "tier": "medium",
  "num_atoms": 24,
  "steps_taken": 1000,
  "max_steps": 1000,
  "energy_kcal_mol": 1352259.432426,
  "energy_per_atom": 56344.143018,
  "rms_force": 1212623.177811,
  "max_force": 1212623.177811,
  "alpha_final": 0.000005,
  "dt_final": 0.100000,
  "converged": false,
  "classification": "timeout",
  "wall_time_ms": 3.617200,
  "timestamp": "2026-03-28T13:06:23",
  "xyz_file": "benchmark_v2\medium\structures\C14H10_s118.xyz"
}
