{
  "formula": "C14H10",
  "seed": 1182,
  "tier": "medium",
  "num_atoms": 24,
  "steps_taken": 1000,
  "max_steps": 1000,
  "energy_kcal_mol": 2292678.383865,
  "energy_per_atom": 95528.265994,
  "rms_force": 2204170.433861,
  "max_force": 2204170.433861,
  "alpha_final": 0.000005,
  "dt_final": 0.100000,
  "converged": false,
  "classification": "timeout",
  "wall_time_ms": 4.324200,
  "timestamp": "2026-03-28T13:05:10",
  "xyz_file": "benchmark_v2\medium\structures\C14H10_s1182.xyz"
}
