{
  "formula": "C14H10",
  "seed": 468,
  "tier": "medium",
  "num_atoms": 24,
  "steps_taken": 1000,
  "max_steps": 1000,
  "energy_kcal_mol": 2265207.162114,
  "energy_per_atom": 94383.631755,
  "rms_force": 2095800.024210,
  "max_force": 2095800.024210,
  "alpha_final": 0.000005,
  "dt_final": 0.100000,
  "converged": false,
  "classification": "timeout",
  "wall_time_ms": 4.324900,
  "timestamp": "2026-03-28T13:07:29",
  "xyz_file": "benchmark_v2\medium\structures\C14H10_s468.xyz"
}
