{
  "formula": "C14H10",
  "seed": 986,
  "tier": "medium",
  "num_atoms": 24,
  "steps_taken": 1000,
  "max_steps": 1000,
  "energy_kcal_mol": 1505878.220346,
  "energy_per_atom": 62744.925848,
  "rms_force": 963856.850937,
  "max_force": 963856.850937,
  "alpha_final": 0.000005,
  "dt_final": 0.100000,
  "converged": false,
  "classification": "timeout",
  "wall_time_ms": 4.014100,
  "timestamp": "2026-03-28T13:06:40",
  "xyz_file": "benchmark_v2\medium\structures\C14H10_s986.xyz"
}
