{
  "formula": "C14H10",
  "seed": 966,
  "tier": "medium",
  "num_atoms": 24,
  "steps_taken": 1000,
  "max_steps": 1000,
  "energy_kcal_mol": 4783878.432157,
  "energy_per_atom": 199328.268007,
  "rms_force": 4372894.421936,
  "max_force": 4372894.421936,
  "alpha_final": 0.000005,
  "dt_final": 0.100000,
  "converged": false,
  "classification": "timeout",
  "wall_time_ms": 4.052600,
  "timestamp": "2026-03-28T13:06:40",
  "xyz_file": "benchmark_v2\medium\structures\C14H10_s966.xyz"
}
