{
  "formula": "C14H10",
  "seed": 1162,
  "tier": "medium",
  "num_atoms": 24,
  "steps_taken": 1000,
  "max_steps": 1000,
  "energy_kcal_mol": 1911448.205213,
  "energy_per_atom": 79643.675217,
  "rms_force": 2346396.520256,
  "max_force": 2346396.520256,
  "alpha_final": 0.000005,
  "dt_final": 0.100000,
  "converged": false,
  "classification": "timeout",
  "wall_time_ms": 4.048800,
  "timestamp": "2026-03-28T13:05:10",
  "xyz_file": "benchmark_v2\medium\structures\C14H10_s1162.xyz"
}
