{
  "formula": "C14H10",
  "seed": 826,
  "tier": "medium",
  "num_atoms": 24,
  "steps_taken": 1000,
  "max_steps": 1000,
  "energy_kcal_mol": 2721746.578724,
  "energy_per_atom": 113406.107447,
  "rms_force": 3234419.159112,
  "max_force": 3234419.159112,
  "alpha_final": 0.000005,
  "dt_final": 0.100000,
  "converged": false,
  "classification": "timeout",
  "wall_time_ms": 4.096900,
  "timestamp": "2026-03-28T13:03:42",
  "xyz_file": "benchmark_v2\medium\structures\C14H10_s826.xyz"
}
