{
  "formula": "C14H10",
  "seed": 398,
  "tier": "medium",
  "num_atoms": 24,
  "steps_taken": 1000,
  "max_steps": 1000,
  "energy_kcal_mol": 4554621.267291,
  "energy_per_atom": 189775.886137,
  "rms_force": 7031474.083742,
  "max_force": 7031474.083742,
  "alpha_final": 0.000005,
  "dt_final": 0.100000,
  "converged": false,
  "classification": "timeout",
  "wall_time_ms": 4.281800,
  "timestamp": "2026-03-28T13:05:41",
  "xyz_file": "benchmark_v2\medium\structures\C14H10_s398.xyz"
}
