{
  "formula": "C14H10",
  "seed": 448,
  "tier": "medium",
  "num_atoms": 24,
  "steps_taken": 1000,
  "max_steps": 1000,
  "energy_kcal_mol": 1809961.003783,
  "energy_per_atom": 75415.041824,
  "rms_force": 2162064.344417,
  "max_force": 2162064.344417,
  "alpha_final": 0.000005,
  "dt_final": 0.100000,
  "converged": false,
  "classification": "timeout",
  "wall_time_ms": 4.323800,
  "timestamp": "2026-03-28T13:07:29",
  "xyz_file": "benchmark_v2\medium\structures\C14H10_s448.xyz"
}
