{
  "formula": "C14H10",
  "seed": 580,
  "tier": "medium",
  "num_atoms": 24,
  "steps_taken": 1000,
  "max_steps": 1000,
  "energy_kcal_mol": 1042505.645012,
  "energy_per_atom": 43437.735209,
  "rms_force": 712166.774634,
  "max_force": 712166.774634,
  "alpha_final": 0.000005,
  "dt_final": 0.100000,
  "converged": false,
  "classification": "timeout",
  "wall_time_ms": 4.012300,
  "timestamp": "2026-03-28T13:06:21",
  "xyz_file": "benchmark_v2\medium\structures\C14H10_s580.xyz"
}
