{
  "formula": "C14H10",
  "seed": 426,
  "tier": "medium",
  "num_atoms": 24,
  "steps_taken": 1000,
  "max_steps": 1000,
  "energy_kcal_mol": 1909877.726708,
  "energy_per_atom": 79578.238613,
  "rms_force": 1397790.045749,
  "max_force": 1397790.045749,
  "alpha_final": 0.000005,
  "dt_final": 0.100000,
  "converged": false,
  "classification": "timeout",
  "wall_time_ms": 4.063800,
  "timestamp": "2026-03-28T13:06:30",
  "xyz_file": "benchmark_v2\medium\structures\C14H10_s426.xyz"
}
