{
  "formula": "C14H10",
  "seed": 378,
  "tier": "medium",
  "num_atoms": 24,
  "steps_taken": 1000,
  "max_steps": 1000,
  "energy_kcal_mol": 3315150.893271,
  "energy_per_atom": 138131.287220,
  "rms_force": 3668838.960108,
  "max_force": 3668838.960108,
  "alpha_final": 0.000005,
  "dt_final": 0.100000,
  "converged": false,
  "classification": "timeout",
  "wall_time_ms": 4.081700,
  "timestamp": "2026-03-28T13:05:41",
  "xyz_file": "benchmark_v2\medium\structures\C14H10_s378.xyz"
}
