{
  "formula": "C14H10",
  "seed": 42,
  "tier": "medium",
  "num_atoms": 24,
  "steps_taken": 1000,
  "max_steps": 1000,
  "energy_kcal_mol": 1566812.697325,
  "energy_per_atom": 65283.862389,
  "rms_force": 1600721.011065,
  "max_force": 1600721.011065,
  "alpha_final": 0.000005,
  "dt_final": 0.100000,
  "converged": false,
  "classification": "timeout",
  "wall_time_ms": 3.223200,
  "timestamp": "2026-03-28T13:03:46",
  "xyz_file": "benchmark_v2\medium\structures\C14H10_s42.xyz"
}
