{
  "formula": "C16H34",
  "seed": 230,
  "tier": "medium",
  "num_atoms": 50,
  "steps_taken": 1000,
  "max_steps": 1000,
  "energy_kcal_mol": 2387435574.046575,
  "energy_per_atom": 47748711.480931,
  "rms_force": 5105082256.181354,
  "max_force": 5105082256.181354,
  "alpha_final": 0.000005,
  "dt_final": 0.100000,
  "converged": false,
  "classification": "timeout",
  "wall_time_ms": 15.667300,
  "timestamp": "2026-03-28T13:07:24",
  "xyz_file": "benchmark_v2\medium\structures\C16H34_s230.xyz"
}
