{
  "formula": "C16H34",
  "seed": 140,
  "tier": "medium",
  "num_atoms": 50,
  "steps_taken": 1000,
  "max_steps": 1000,
  "energy_kcal_mol": 1404955553.492944,
  "energy_per_atom": 28099111.069859,
  "rms_force": 1146848656.148922,
  "max_force": 1146848656.148922,
  "alpha_final": 0.000005,
  "dt_final": 0.100000,
  "converged": false,
  "classification": "timeout",
  "wall_time_ms": 13.608500,
  "timestamp": "2026-03-28T13:04:19",
  "xyz_file": "benchmark_v2\medium\structures\C16H34_s140.xyz"
}
