{
  "formula": "C16H10",
  "seed": 580,
  "tier": "medium",
  "num_atoms": 26,
  "steps_taken": 1000,
  "max_steps": 1000,
  "energy_kcal_mol": 2532230.606701,
  "energy_per_atom": 97393.484873,
  "rms_force": 1928539.176777,
  "max_force": 1928539.176777,
  "alpha_final": 0.000005,
  "dt_final": 0.100000,
  "converged": false,
  "classification": "timeout",
  "wall_time_ms": 4.779400,
  "timestamp": "2026-03-28T13:03:44",
  "xyz_file": "benchmark_v2\medium\structures\C16H10_s580.xyz"
}
