{
  "formula": "C16H34",
  "seed": 1224,
  "tier": "medium",
  "num_atoms": 50,
  "steps_taken": 1000,
  "max_steps": 1000,
  "energy_kcal_mol": 4585230424.718399,
  "energy_per_atom": 91704608.494368,
  "rms_force": 9679059866.880634,
  "max_force": 9679059866.880634,
  "alpha_final": 0.000005,
  "dt_final": 0.100000,
  "converged": false,
  "classification": "timeout",
  "wall_time_ms": 15.754600,
  "timestamp": "2026-03-28T13:07:32",
  "xyz_file": "benchmark_v2\medium\structures\C16H34_s1224.xyz"
}
