{
  "formula": "C16H34",
  "seed": 160,
  "tier": "medium",
  "num_atoms": 50,
  "steps_taken": 1000,
  "max_steps": 1000,
  "energy_kcal_mol": 5191863136.350616,
  "energy_per_atom": 103837262.727012,
  "rms_force": 9547343566.391388,
  "max_force": 9547343566.391388,
  "alpha_final": 0.000005,
  "dt_final": 0.100000,
  "converged": false,
  "classification": "timeout",
  "wall_time_ms": 13.563800,
  "timestamp": "2026-03-28T13:04:19",
  "xyz_file": "benchmark_v2\medium\structures\C16H34_s160.xyz"
}
