{
  "formula": "C16H10",
  "seed": 1070,
  "tier": "medium",
  "num_atoms": 26,
  "steps_taken": 1000,
  "max_steps": 1000,
  "energy_kcal_mol": 2915455.586367,
  "energy_per_atom": 112132.907168,
  "rms_force": 2388575.947791,
  "max_force": 2388575.947791,
  "alpha_final": 0.000005,
  "dt_final": 0.100000,
  "converged": false,
  "classification": "timeout",
  "wall_time_ms": 4.459300,
  "timestamp": "2026-03-28T13:07:14",
  "xyz_file": "benchmark_v2\medium\structures\C16H10_s1070.xyz"
}
