{
  "formula": "C16H34",
  "seed": 1022,
  "tier": "medium",
  "num_atoms": 50,
  "steps_taken": 1000,
  "max_steps": 1000,
  "energy_kcal_mol": 1400547221.346510,
  "energy_per_atom": 28010944.426930,
  "rms_force": 1758063295.613365,
  "max_force": 1758063295.613365,
  "alpha_final": 0.000005,
  "dt_final": 0.100000,
  "converged": false,
  "classification": "timeout",
  "wall_time_ms": 16.067900,
  "timestamp": "2026-03-28T13:07:37",
  "xyz_file": "benchmark_v2\medium\structures\C16H34_s1022.xyz"
}
