{
  "formula": "C16H34",
  "seed": 238,
  "tier": "medium",
  "num_atoms": 50,
  "steps_taken": 1000,
  "max_steps": 1000,
  "energy_kcal_mol": 2475556847.303837,
  "energy_per_atom": 49511136.946077,
  "rms_force": 3922075711.160223,
  "max_force": 3922075711.160223,
  "alpha_final": 0.000005,
  "dt_final": 0.100000,
  "converged": false,
  "classification": "timeout",
  "wall_time_ms": 15.172900,
  "timestamp": "2026-03-28T13:04:48",
  "xyz_file": "benchmark_v2\medium\structures\C16H34_s238.xyz"
}
