{
  "formula": "C16H10",
  "seed": 174,
  "tier": "medium",
  "num_atoms": 26,
  "steps_taken": 1000,
  "max_steps": 1000,
  "energy_kcal_mol": 2559698.225524,
  "energy_per_atom": 98449.931751,
  "rms_force": 1845073.575804,
  "max_force": 1845073.575804,
  "alpha_final": 0.000005,
  "dt_final": 0.100000,
  "converged": false,
  "classification": "timeout",
  "wall_time_ms": 5.755100,
  "timestamp": "2026-03-28T13:04:53",
  "xyz_file": "benchmark_v2\medium\structures\C16H10_s174.xyz"
}
