{
  "formula": "C16H10",
  "seed": 426,
  "tier": "medium",
  "num_atoms": 26,
  "steps_taken": 1000,
  "max_steps": 1000,
  "energy_kcal_mol": 3136927.256973,
  "energy_per_atom": 120651.048345,
  "rms_force": 1999278.175167,
  "max_force": 1999278.175167,
  "alpha_final": 0.000005,
  "dt_final": 0.100000,
  "converged": false,
  "classification": "timeout",
  "wall_time_ms": 4.810000,
  "timestamp": "2026-03-28T13:07:31",
  "xyz_file": "benchmark_v2\medium\structures\C16H10_s426.xyz"
}
