{
  "formula": "C16H34",
  "seed": 664,
  "tier": "medium",
  "num_atoms": 50,
  "steps_taken": 1000,
  "max_steps": 1000,
  "energy_kcal_mol": 3265683294.497588,
  "energy_per_atom": 65313665.889952,
  "rms_force": 5191645548.762763,
  "max_force": 5191645548.762763,
  "alpha_final": 0.000005,
  "dt_final": 0.100000,
  "converged": false,
  "classification": "timeout",
  "wall_time_ms": 15.517500,
  "timestamp": "2026-03-28T13:06:40",
  "xyz_file": "benchmark_v2\medium\structures\C16H34_s664.xyz"
}
