{
  "formula": "C16H34",
  "seed": 644,
  "tier": "medium",
  "num_atoms": 50,
  "steps_taken": 1000,
  "max_steps": 1000,
  "energy_kcal_mol": 1517905533.276752,
  "energy_per_atom": 30358110.665535,
  "rms_force": 2853988650.003033,
  "max_force": 2853988650.003033,
  "alpha_final": 0.000005,
  "dt_final": 0.100000,
  "converged": false,
  "classification": "timeout",
  "wall_time_ms": 15.538100,
  "timestamp": "2026-03-28T13:06:40",
  "xyz_file": "benchmark_v2\medium\structures\C16H34_s644.xyz"
}
