{
  "formula": "C16H10",
  "seed": 1050,
  "tier": "medium",
  "num_atoms": 26,
  "steps_taken": 1000,
  "max_steps": 1000,
  "energy_kcal_mol": 2842066.396440,
  "energy_per_atom": 109310.246017,
  "rms_force": 1758369.486559,
  "max_force": 1758369.486559,
  "alpha_final": 0.000005,
  "dt_final": 0.100000,
  "converged": false,
  "classification": "timeout",
  "wall_time_ms": 4.631900,
  "timestamp": "2026-03-28T13:07:14",
  "xyz_file": "benchmark_v2\medium\structures\C16H10_s1050.xyz"
}
