{
  "formula": "C16H10",
  "seed": 938,
  "tier": "medium",
  "num_atoms": 26,
  "steps_taken": 1000,
  "max_steps": 1000,
  "energy_kcal_mol": 9212683.316321,
  "energy_per_atom": 354333.973705,
  "rms_force": 13620230.131073,
  "max_force": 13620230.131073,
  "alpha_final": 0.000005,
  "dt_final": 0.100000,
  "converged": false,
  "classification": "timeout",
  "wall_time_ms": 4.620500,
  "timestamp": "2026-03-28T13:03:56",
  "xyz_file": "benchmark_v2\medium\structures\C16H10_s938.xyz"
}
