{
  "formula": "C16H34",
  "seed": 258,
  "tier": "medium",
  "num_atoms": 50,
  "steps_taken": 1000,
  "max_steps": 1000,
  "energy_kcal_mol": 443638549.311844,
  "energy_per_atom": 8872770.986237,
  "rms_force": 305927230.105804,
  "max_force": 305927230.105804,
  "alpha_final": 0.000005,
  "dt_final": 0.100000,
  "converged": false,
  "classification": "timeout",
  "wall_time_ms": 15.057600,
  "timestamp": "2026-03-28T13:04:49",
  "xyz_file": "benchmark_v2\medium\structures\C16H34_s258.xyz"
}
