{
  "formula": "C16H10",
  "seed": 244,
  "tier": "medium",
  "num_atoms": 26,
  "steps_taken": 1000,
  "max_steps": 1000,
  "energy_kcal_mol": 2859153.473359,
  "energy_per_atom": 109967.441283,
  "rms_force": 2446755.331981,
  "max_force": 2446755.331981,
  "alpha_final": 0.000005,
  "dt_final": 0.100000,
  "converged": false,
  "classification": "timeout",
  "wall_time_ms": 4.504700,
  "timestamp": "2026-03-28T13:04:24",
  "xyz_file": "benchmark_v2\medium\structures\C16H10_s244.xyz"
}
