{
  "formula": "C16H34",
  "seed": 686,
  "tier": "medium",
  "num_atoms": 50,
  "steps_taken": 1000,
  "max_steps": 1000,
  "energy_kcal_mol": 7473590656.662271,
  "energy_per_atom": 149471813.133245,
  "rms_force": 11835999996.920378,
  "max_force": 11835999996.920378,
  "alpha_final": 0.000005,
  "dt_final": 0.100000,
  "converged": false,
  "classification": "timeout",
  "wall_time_ms": 16.861400,
  "timestamp": "2026-03-28T13:06:21",
  "xyz_file": "benchmark_v2\medium\structures\C16H34_s686.xyz"
}
