{
  "formula": "C16H34",
  "seed": 1204,
  "tier": "medium",
  "num_atoms": 50,
  "steps_taken": 1000,
  "max_steps": 1000,
  "energy_kcal_mol": 5566828235.016995,
  "energy_per_atom": 111336564.700340,
  "rms_force": 21861678067.203743,
  "max_force": 21861678067.203743,
  "alpha_final": 0.000005,
  "dt_final": 0.100000,
  "converged": false,
  "classification": "timeout",
  "wall_time_ms": 16.366100,
  "timestamp": "2026-03-28T13:07:32",
  "xyz_file": "benchmark_v2\medium\structures\C16H34_s1204.xyz"
}
