{
  "formula": "C16H34",
  "seed": 412,
  "tier": "medium",
  "num_atoms": 50,
  "steps_taken": 1000,
  "max_steps": 1000,
  "energy_kcal_mol": 1504218012.307540,
  "energy_per_atom": 30084360.246151,
  "rms_force": 2599291198.909691,
  "max_force": 2599291198.909691,
  "alpha_final": 0.000005,
  "dt_final": 0.100000,
  "converged": false,
  "classification": "timeout",
  "wall_time_ms": 15.906500,
  "timestamp": "2026-03-28T13:05:41",
  "xyz_file": "benchmark_v2\medium\structures\C16H34_s412.xyz"
}
