{
  "formula": "C16H34",
  "seed": 90,
  "tier": "medium",
  "num_atoms": 50,
  "steps_taken": 1000,
  "max_steps": 1000,
  "energy_kcal_mol": 2048132212.675294,
  "energy_per_atom": 40962644.253506,
  "rms_force": 2874430594.038864,
  "max_force": 2874430594.038864,
  "alpha_final": 0.000005,
  "dt_final": 0.100000,
  "converged": false,
  "classification": "timeout",
  "wall_time_ms": 13.258400,
  "timestamp": "2026-03-28T13:04:35",
  "xyz_file": "benchmark_v2\medium\structures\C16H34_s90.xyz"
}
