{
  "formula": "C16H34",
  "seed": 1042,
  "tier": "medium",
  "num_atoms": 50,
  "steps_taken": 1000,
  "max_steps": 1000,
  "energy_kcal_mol": 590385323.409742,
  "energy_per_atom": 11807706.468195,
  "rms_force": 472910048.823251,
  "max_force": 472910048.823251,
  "alpha_final": 0.000005,
  "dt_final": 0.100000,
  "converged": false,
  "classification": "timeout",
  "wall_time_ms": 15.797200,
  "timestamp": "2026-03-28T13:07:37",
  "xyz_file": "benchmark_v2\medium\structures\C16H34_s1042.xyz"
}
