{
  "formula": "C16H10",
  "seed": 924,
  "tier": "medium",
  "num_atoms": 26,
  "steps_taken": 1000,
  "max_steps": 1000,
  "energy_kcal_mol": 1833233.925583,
  "energy_per_atom": 70508.997138,
  "rms_force": 949827.253301,
  "max_force": 949827.253301,
  "alpha_final": 0.000005,
  "dt_final": 0.100000,
  "converged": false,
  "classification": "timeout",
  "wall_time_ms": 6.032400,
  "timestamp": "2026-03-28T13:05:33",
  "xyz_file": "benchmark_v2\medium\structures\C16H10_s924.xyz"
}
