{
  "formula": "C16H10",
  "seed": 98,
  "tier": "medium",
  "num_atoms": 26,
  "steps_taken": 1000,
  "max_steps": 1000,
  "energy_kcal_mol": 4845824.218598,
  "energy_per_atom": 186377.854561,
  "rms_force": 5214737.532248,
  "max_force": 5214737.532248,
  "alpha_final": 0.000005,
  "dt_final": 0.100000,
  "converged": false,
  "classification": "timeout",
  "wall_time_ms": 4.038000,
  "timestamp": "2026-03-28T13:04:19",
  "xyz_file": "benchmark_v2\medium\structures\C16H10_s98.xyz"
}
