{
  "formula": "C16H34",
  "seed": 216,
  "tier": "medium",
  "num_atoms": 50,
  "steps_taken": 1000,
  "max_steps": 1000,
  "energy_kcal_mol": 8561742543.973341,
  "energy_per_atom": 171234850.879467,
  "rms_force": 19892141079.081276,
  "max_force": 19892141079.081276,
  "alpha_final": 0.000005,
  "dt_final": 0.100000,
  "converged": false,
  "classification": "timeout",
  "wall_time_ms": 14.305100,
  "timestamp": "2026-03-28T13:06:00",
  "xyz_file": "benchmark_v2\medium\structures\C16H34_s216.xyz"
}
