{
  "formula": "C16H10",
  "seed": 154,
  "tier": "medium",
  "num_atoms": 26,
  "steps_taken": 1000,
  "max_steps": 1000,
  "energy_kcal_mol": 3569028.630298,
  "energy_per_atom": 137270.331935,
  "rms_force": 2808907.728226,
  "max_force": 2808907.728226,
  "alpha_final": 0.000005,
  "dt_final": 0.100000,
  "converged": false,
  "classification": "timeout",
  "wall_time_ms": 4.431400,
  "timestamp": "2026-03-28T13:04:53",
  "xyz_file": "benchmark_v2\medium\structures\C16H10_s154.xyz"
}
