{
  "formula": "C16H10",
  "seed": 224,
  "tier": "medium",
  "num_atoms": 26,
  "steps_taken": 1000,
  "max_steps": 1000,
  "energy_kcal_mol": 2601969.962914,
  "energy_per_atom": 100075.767804,
  "rms_force": 1628185.593780,
  "max_force": 1628185.593780,
  "alpha_final": 0.000005,
  "dt_final": 0.100000,
  "converged": false,
  "classification": "timeout",
  "wall_time_ms": 4.606500,
  "timestamp": "2026-03-28T13:04:24",
  "xyz_file": "benchmark_v2\medium\structures\C16H10_s224.xyz"
}
