{
  "formula": "C16H34",
  "seed": 392,
  "tier": "medium",
  "num_atoms": 50,
  "steps_taken": 1000,
  "max_steps": 1000,
  "energy_kcal_mol": 1167149951.152647,
  "energy_per_atom": 23342999.023053,
  "rms_force": 1538533472.455952,
  "max_force": 1538533472.455952,
  "alpha_final": 0.000005,
  "dt_final": 0.100000,
  "converged": false,
  "classification": "timeout",
  "wall_time_ms": 16.357700,
  "timestamp": "2026-03-28T13:05:41",
  "xyz_file": "benchmark_v2\medium\structures\C16H34_s392.xyz"
}
