{
  "formula": "C16H34",
  "seed": 196,
  "tier": "medium",
  "num_atoms": 50,
  "steps_taken": 1000,
  "max_steps": 1000,
  "energy_kcal_mol": 1190677281.464137,
  "energy_per_atom": 23813545.629283,
  "rms_force": 1281199913.755179,
  "max_force": 1281199913.755179,
  "alpha_final": 0.000005,
  "dt_final": 0.100000,
  "converged": false,
  "classification": "timeout",
  "wall_time_ms": 14.360900,
  "timestamp": "2026-03-28T13:06:00",
  "xyz_file": "benchmark_v2\medium\structures\C16H34_s196.xyz"
}
