{
  "formula": "C16H34",
  "seed": 70,
  "tier": "medium",
  "num_atoms": 50,
  "steps_taken": 1000,
  "max_steps": 1000,
  "energy_kcal_mol": 1816856469.121089,
  "energy_per_atom": 36337129.382422,
  "rms_force": 2838837593.900323,
  "max_force": 2838837593.900323,
  "alpha_final": 0.000005,
  "dt_final": 0.100000,
  "converged": false,
  "classification": "timeout",
  "wall_time_ms": 12.774800,
  "timestamp": "2026-03-28T13:04:35",
  "xyz_file": "benchmark_v2\medium\structures\C16H34_s70.xyz"
}
