{
  "formula": "C16H10",
  "seed": 944,
  "tier": "medium",
  "num_atoms": 26,
  "steps_taken": 1000,
  "max_steps": 1000,
  "energy_kcal_mol": 1485499.107243,
  "energy_per_atom": 57134.581048,
  "rms_force": 688508.013964,
  "max_force": 688508.013964,
  "alpha_final": 0.000005,
  "dt_final": 0.100000,
  "converged": false,
  "classification": "timeout",
  "wall_time_ms": 6.018900,
  "timestamp": "2026-03-28T13:05:33",
  "xyz_file": "benchmark_v2\medium\structures\C16H10_s944.xyz"
}
