{
  "formula": "C16H34",
  "seed": 706,
  "tier": "medium",
  "num_atoms": 50,
  "steps_taken": 1000,
  "max_steps": 1000,
  "energy_kcal_mol": 2254899139.092298,
  "energy_per_atom": 45097982.781846,
  "rms_force": 3773077379.410670,
  "max_force": 3773077379.410670,
  "alpha_final": 0.000005,
  "dt_final": 0.100000,
  "converged": false,
  "classification": "timeout",
  "wall_time_ms": 17.745400,
  "timestamp": "2026-03-28T13:06:21",
  "xyz_file": "benchmark_v2\medium\structures\C16H34_s706.xyz"
}
