{
  "formula": "C16H10",
  "seed": 552,
  "tier": "medium",
  "num_atoms": 26,
  "steps_taken": 1000,
  "max_steps": 1000,
  "energy_kcal_mol": 3203950.001959,
  "energy_per_atom": 123228.846229,
  "rms_force": 2445798.723182,
  "max_force": 2445798.723182,
  "alpha_final": 0.000005,
  "dt_final": 0.100000,
  "converged": false,
  "classification": "timeout",
  "wall_time_ms": 4.862500,
  "timestamp": "2026-03-28T13:03:34",
  "xyz_file": "benchmark_v2\medium\structures\C16H10_s552.xyz"
}
