{
  "formula": "C16H10",
  "seed": 958,
  "tier": "medium",
  "num_atoms": 26,
  "steps_taken": 1000,
  "max_steps": 1000,
  "energy_kcal_mol": 2798556.521404,
  "energy_per_atom": 107636.789285,
  "rms_force": 1710938.090778,
  "max_force": 1710938.090778,
  "alpha_final": 0.000005,
  "dt_final": 0.100000,
  "converged": false,
  "classification": "timeout",
  "wall_time_ms": 4.896000,
  "timestamp": "2026-03-28T13:03:56",
  "xyz_file": "benchmark_v2\medium\structures\C16H10_s958.xyz"
}
