{
  "formula": "C16H10",
  "seed": 118,
  "tier": "medium",
  "num_atoms": 26,
  "steps_taken": 1000,
  "max_steps": 1000,
  "energy_kcal_mol": 2237747.915530,
  "energy_per_atom": 86067.227520,
  "rms_force": 1665803.661310,
  "max_force": 1665803.661310,
  "alpha_final": 0.000005,
  "dt_final": 0.100000,
  "converged": false,
  "classification": "timeout",
  "wall_time_ms": 3.933400,
  "timestamp": "2026-03-28T13:04:19",
  "xyz_file": "benchmark_v2\medium\structures\C16H10_s118.xyz"
}
