{
  "formula": "C16H10",
  "seed": 406,
  "tier": "medium",
  "num_atoms": 26,
  "steps_taken": 1000,
  "max_steps": 1000,
  "energy_kcal_mol": 3460583.385085,
  "energy_per_atom": 133099.360965,
  "rms_force": 2458339.399915,
  "max_force": 2458339.399915,
  "alpha_final": 0.000005,
  "dt_final": 0.100000,
  "converged": false,
  "classification": "timeout",
  "wall_time_ms": 5.061500,
  "timestamp": "2026-03-28T13:07:31",
  "xyz_file": "benchmark_v2\medium\structures\C16H10_s406.xyz"
}
