{
  "formula": "C16H10",
  "seed": 560,
  "tier": "medium",
  "num_atoms": 26,
  "steps_taken": 1000,
  "max_steps": 1000,
  "energy_kcal_mol": 3734807.030530,
  "energy_per_atom": 143646.424251,
  "rms_force": 3849423.295365,
  "max_force": 3849423.295365,
  "alpha_final": 0.000005,
  "dt_final": 0.100000,
  "converged": false,
  "classification": "timeout",
  "wall_time_ms": 4.682000,
  "timestamp": "2026-03-28T13:03:44",
  "xyz_file": "benchmark_v2\medium\structures\C16H10_s560.xyz"
}
