{
  "formula": "C16H10",
  "seed": 440,
  "tier": "medium",
  "num_atoms": 26,
  "steps_taken": 1000,
  "max_steps": 1000,
  "energy_kcal_mol": 3901675.295110,
  "energy_per_atom": 150064.434427,
  "rms_force": 3377437.086783,
  "max_force": 3377437.086783,
  "alpha_final": 0.000005,
  "dt_final": 0.100000,
  "converged": false,
  "classification": "timeout",
  "wall_time_ms": 4.889300,
  "timestamp": "2026-03-28T13:05:41",
  "xyz_file": "benchmark_v2\medium\structures\C16H10_s440.xyz"
}
