{
  "formula": "C16H10",
  "seed": 532,
  "tier": "medium",
  "num_atoms": 26,
  "steps_taken": 1000,
  "max_steps": 1000,
  "energy_kcal_mol": 4397931.518262,
  "energy_per_atom": 169151.212241,
  "rms_force": 6688670.883839,
  "max_force": 6688670.883839,
  "alpha_final": 0.000005,
  "dt_final": 0.100000,
  "converged": false,
  "classification": "timeout",
  "wall_time_ms": 6.082600,
  "timestamp": "2026-03-28T13:03:34",
  "xyz_file": "benchmark_v2\medium\structures\C16H10_s532.xyz"
}
