{
  "formula": "C16H34",
  "seed": 210,
  "tier": "medium",
  "num_atoms": 50,
  "steps_taken": 1000,
  "max_steps": 1000,
  "energy_kcal_mol": 1036696010.654438,
  "energy_per_atom": 20733920.213089,
  "rms_force": 870916686.775850,
  "max_force": 870916686.775850,
  "alpha_final": 0.000005,
  "dt_final": 0.100000,
  "converged": false,
  "classification": "timeout",
  "wall_time_ms": 15.153200,
  "timestamp": "2026-03-28T13:07:24",
  "xyz_file": "benchmark_v2\medium\structures\C16H34_s210.xyz"
}
