{
  "formula": "C4H10",
  "seed": 1084,
  "tier": "medium",
  "num_atoms": 14,
  "steps_taken": 1000,
  "max_steps": 1000,
  "energy_kcal_mol": 100223.284479,
  "energy_per_atom": 7158.806034,
  "rms_force": 187009.816664,
  "max_force": 187009.816664,
  "alpha_final": 0.000005,
  "dt_final": 0.100000,
  "converged": false,
  "classification": "timeout",
  "wall_time_ms": 1.945500,
  "timestamp": "2026-03-28T13:04:36",
  "xyz_file": "benchmark_v2\medium\structures\C4H10_s1084.xyz"
}
