{
  "formula": "C4H10",
  "seed": 938,
  "tier": "medium",
  "num_atoms": 14,
  "steps_taken": 1000,
  "max_steps": 1000,
  "energy_kcal_mol": 220924.924917,
  "energy_per_atom": 15780.351780,
  "rms_force": 669004.610029,
  "max_force": 669004.610029,
  "alpha_final": 0.000005,
  "dt_final": 0.100000,
  "converged": false,
  "classification": "timeout",
  "wall_time_ms": 1.611100,
  "timestamp": "2026-03-28T13:07:14",
  "xyz_file": "benchmark_v2\medium\structures\C4H10_s938.xyz"
}
