{
  "formula": "C4H10",
  "seed": 1308,
  "tier": "medium",
  "num_atoms": 14,
  "steps_taken": 1000,
  "max_steps": 1000,
  "energy_kcal_mol": 116599.960426,
  "energy_per_atom": 8328.568602,
  "rms_force": 337909.616888,
  "max_force": 337909.616888,
  "alpha_final": 0.000005,
  "dt_final": 0.100000,
  "converged": false,
  "classification": "timeout",
  "wall_time_ms": 3.517200,
  "timestamp": "2026-03-28T13:05:10",
  "xyz_file": "benchmark_v2\medium\structures\C4H10_s1308.xyz"
}
