{
  "formula": "C5H12",
  "seed": 140,
  "tier": "medium",
  "num_atoms": 17,
  "steps_taken": 1000,
  "max_steps": 1000,
  "energy_kcal_mol": 188529.136867,
  "energy_per_atom": 11089.949227,
  "rms_force": 288817.552873,
  "max_force": 288817.552873,
  "alpha_final": 0.000005,
  "dt_final": 0.100000,
  "converged": false,
  "classification": "timeout",
  "wall_time_ms": 2.178200,
  "timestamp": "2026-03-28T13:06:37",
  "xyz_file": "benchmark_v2\medium\structures\C5H12_s140.xyz"
}
