{
  "formula": "C5H12",
  "seed": 546,
  "tier": "medium",
  "num_atoms": 17,
  "steps_taken": 1000,
  "max_steps": 1000,
  "energy_kcal_mol": 136734.329492,
  "energy_per_atom": 8043.195852,
  "rms_force": 153379.859721,
  "max_force": 153379.859721,
  "alpha_final": 0.000005,
  "dt_final": 0.100000,
  "converged": false,
  "classification": "timeout",
  "wall_time_ms": 2.856300,
  "timestamp": "2026-03-28T13:07:37",
  "xyz_file": "benchmark_v2\medium\structures\C5H12_s546.xyz"
}
