{
  "formula": "C5H12",
  "seed": 1078,
  "tier": "medium",
  "num_atoms": 17,
  "steps_taken": 1000,
  "max_steps": 1000,
  "energy_kcal_mol": 162743.479127,
  "energy_per_atom": 9573.145831,
  "rms_force": 230253.760106,
  "max_force": 230253.760106,
  "alpha_final": 0.000005,
  "dt_final": 0.100000,
  "converged": false,
  "classification": "timeout",
  "wall_time_ms": 2.428300,
  "timestamp": "2026-03-28T13:03:56",
  "xyz_file": "benchmark_v2\medium\structures\C5H12_s1078.xyz"
}
