{
  "formula": "C5H12",
  "seed": 342,
  "tier": "medium",
  "num_atoms": 17,
  "steps_taken": 1000,
  "max_steps": 1000,
  "energy_kcal_mol": 102013.299059,
  "energy_per_atom": 6000.782298,
  "rms_force": 100208.079234,
  "max_force": 100208.079234,
  "alpha_final": 0.000005,
  "dt_final": 0.100000,
  "converged": false,
  "classification": "timeout",
  "wall_time_ms": 2.392600,
  "timestamp": "2026-03-28T13:06:30",
  "xyz_file": "benchmark_v2\medium\structures\C5H12_s342.xyz"
}
