{
  "formula": "C5H12",
  "seed": 392,
  "tier": "medium",
  "num_atoms": 17,
  "steps_taken": 1000,
  "max_steps": 1000,
  "energy_kcal_mol": 216774.861081,
  "energy_per_atom": 12751.462417,
  "rms_force": 374028.745374,
  "max_force": 374028.745374,
  "alpha_final": 0.000005,
  "dt_final": 0.100000,
  "converged": false,
  "classification": "timeout",
  "wall_time_ms": 2.607500,
  "timestamp": "2026-03-28T13:03:44",
  "xyz_file": "benchmark_v2\medium\structures\C5H12_s392.xyz"
}
