{
  "formula": "C5H12",
  "seed": 258,
  "tier": "medium",
  "num_atoms": 17,
  "steps_taken": 1000,
  "max_steps": 1000,
  "energy_kcal_mol": 179576.929967,
  "energy_per_atom": 10563.348822,
  "rms_force": 243152.295674,
  "max_force": 243152.295674,
  "alpha_final": 0.000005,
  "dt_final": 0.100000,
  "converged": false,
  "classification": "timeout",
  "wall_time_ms": 2.346600,
  "timestamp": "2026-03-28T13:06:39",
  "xyz_file": "benchmark_v2\medium\structures\C5H12_s258.xyz"
}
