{
  "formula": "C5H12",
  "seed": 622,
  "tier": "medium",
  "num_atoms": 17,
  "steps_taken": 1000,
  "max_steps": 1000,
  "energy_kcal_mol": 347099.011873,
  "energy_per_atom": 20417.588934,
  "rms_force": 773738.876100,
  "max_force": 773738.876100,
  "alpha_final": 0.000005,
  "dt_final": 0.100000,
  "converged": false,
  "classification": "timeout",
  "wall_time_ms": 2.347000,
  "timestamp": "2026-03-28T13:05:49",
  "xyz_file": "benchmark_v2\medium\structures\C5H12_s622.xyz"
}
