{
  "formula": "C5H12",
  "seed": 322,
  "tier": "medium",
  "num_atoms": 17,
  "steps_taken": 1000,
  "max_steps": 1000,
  "energy_kcal_mol": 302325.022811,
  "energy_per_atom": 17783.824871,
  "rms_force": 622417.578265,
  "max_force": 622417.578265,
  "alpha_final": 0.000005,
  "dt_final": 0.100000,
  "converged": false,
  "classification": "timeout",
  "wall_time_ms": 2.275300,
  "timestamp": "2026-03-28T13:06:30",
  "xyz_file": "benchmark_v2\medium\structures\C5H12_s322.xyz"
}
