{
  "formula": "C5H12",
  "seed": 210,
  "tier": "medium",
  "num_atoms": 17,
  "steps_taken": 1000,
  "max_steps": 1000,
  "energy_kcal_mol": 104447.470625,
  "energy_per_atom": 6143.968860,
  "rms_force": 165433.496789,
  "max_force": 165433.496789,
  "alpha_final": 0.000005,
  "dt_final": 0.100000,
  "converged": false,
  "classification": "timeout",
  "wall_time_ms": 2.305400,
  "timestamp": "2026-03-28T13:03:34",
  "xyz_file": "benchmark_v2\medium\structures\C5H12_s210.xyz"
}
