{
  "formula": "C5H12",
  "seed": 378,
  "tier": "medium",
  "num_atoms": 17,
  "steps_taken": 1000,
  "max_steps": 1000,
  "energy_kcal_mol": 416184.486285,
  "energy_per_atom": 24481.440370,
  "rms_force": 693408.952815,
  "max_force": 693408.952815,
  "alpha_final": 0.000005,
  "dt_final": 0.100000,
  "converged": false,
  "classification": "timeout",
  "wall_time_ms": 2.136600,
  "timestamp": "2026-03-28T13:06:21",
  "xyz_file": "benchmark_v2\medium\structures\C5H12_s378.xyz"
}
