{
  "formula": "C5H12",
  "seed": 182,
  "tier": "medium",
  "num_atoms": 17,
  "steps_taken": 1000,
  "max_steps": 1000,
  "energy_kcal_mol": 139973.271379,
  "energy_per_atom": 8233.721846,
  "rms_force": 185825.849186,
  "max_force": 185825.849186,
  "alpha_final": 0.000005,
  "dt_final": 0.100000,
  "converged": false,
  "classification": "timeout",
  "wall_time_ms": 2.476100,
  "timestamp": "2026-03-28T13:03:39",
  "xyz_file": "benchmark_v2\medium\structures\C5H12_s182.xyz"
}
