{
  "formula": "C5H12",
  "seed": 202,
  "tier": "medium",
  "num_atoms": 17,
  "steps_taken": 1000,
  "max_steps": 1000,
  "energy_kcal_mol": 255791.374070,
  "energy_per_atom": 15046.551416,
  "rms_force": 313135.704383,
  "max_force": 313135.704383,
  "alpha_final": 0.000005,
  "dt_final": 0.100000,
  "converged": false,
  "classification": "timeout",
  "wall_time_ms": 2.373400,
  "timestamp": "2026-03-28T13:03:39",
  "xyz_file": "benchmark_v2\medium\structures\C5H12_s202.xyz"
}
