{
  "formula": "C5H12",
  "seed": 160,
  "tier": "medium",
  "num_atoms": 17,
  "steps_taken": 1000,
  "max_steps": 1000,
  "energy_kcal_mol": 671344.282651,
  "energy_per_atom": 39490.840156,
  "rms_force": 1442215.339716,
  "max_force": 1442215.339716,
  "alpha_final": 0.000005,
  "dt_final": 0.100000,
  "converged": false,
  "classification": "timeout",
  "wall_time_ms": 1.980600,
  "timestamp": "2026-03-28T13:06:37",
  "xyz_file": "benchmark_v2\medium\structures\C5H12_s160.xyz"
}
