{
  "formula": "C5H10",
  "seed": 790,
  "tier": "medium",
  "num_atoms": 15,
  "steps_taken": 1000,
  "max_steps": 1000,
  "energy_kcal_mol": 177014.350181,
  "energy_per_atom": 11800.956679,
  "rms_force": 397979.863662,
  "max_force": 397979.863662,
  "alpha_final": 0.000005,
  "dt_final": 0.100000,
  "converged": false,
  "classification": "timeout",
  "wall_time_ms": 1.721900,
  "timestamp": "2026-03-28T13:03:56",
  "xyz_file": "benchmark_v2\medium\structures\C5H10_s790.xyz"
}
