{
  "formula": "C5H12",
  "seed": 1126,
  "tier": "medium",
  "num_atoms": 17,
  "steps_taken": 1000,
  "max_steps": 1000,
  "energy_kcal_mol": 121081.327876,
  "energy_per_atom": 7122.431052,
  "rms_force": 153989.460014,
  "max_force": 153989.460014,
  "alpha_final": 0.000005,
  "dt_final": 0.100000,
  "converged": false,
  "classification": "timeout",
  "wall_time_ms": 2.170000,
  "timestamp": "2026-03-28T13:07:14",
  "xyz_file": "benchmark_v2\medium\structures\C5H12_s1126.xyz"
}
