{
  "formula": "C5H12",
  "seed": 1106,
  "tier": "medium",
  "num_atoms": 17,
  "steps_taken": 1000,
  "max_steps": 1000,
  "energy_kcal_mol": 206363.525714,
  "energy_per_atom": 12139.030924,
  "rms_force": 428731.756779,
  "max_force": 428731.756779,
  "alpha_final": 0.000005,
  "dt_final": 0.100000,
  "converged": false,
  "classification": "timeout",
  "wall_time_ms": 2.379800,
  "timestamp": "2026-03-28T13:07:14",
  "xyz_file": "benchmark_v2\medium\structures\C5H12_s1106.xyz"
}
