{
  "formula": "C5H12",
  "seed": 602,
  "tier": "medium",
  "num_atoms": 17,
  "steps_taken": 1000,
  "max_steps": 1000,
  "energy_kcal_mol": 141320.083965,
  "energy_per_atom": 8312.946116,
  "rms_force": 267421.954858,
  "max_force": 267421.954858,
  "alpha_final": 0.000005,
  "dt_final": 0.100000,
  "converged": false,
  "classification": "timeout",
  "wall_time_ms": 2.420500,
  "timestamp": "2026-03-28T13:05:49",
  "xyz_file": "benchmark_v2\medium\structures\C5H12_s602.xyz"
}
