{
  "formula": "C6H10O",
  "seed": 420,
  "tier": "medium",
  "num_atoms": 17,
  "steps_taken": 1000,
  "max_steps": 1000,
  "energy_kcal_mol": 231723.143813,
  "energy_per_atom": 13630.773165,
  "rms_force": 357315.259508,
  "max_force": 357315.259508,
  "alpha_final": 0.000005,
  "dt_final": 0.100000,
  "converged": false,
  "classification": "timeout",
  "wall_time_ms": 2.648400,
  "timestamp": "2026-03-28T13:04:24",
  "xyz_file": "benchmark_v2\medium\structures\C6H10O_s420.xyz"
}
