{
  "formula": "C6H10O",
  "seed": 440,
  "tier": "medium",
  "num_atoms": 17,
  "steps_taken": 1000,
  "max_steps": 1000,
  "energy_kcal_mol": 217918.011707,
  "energy_per_atom": 12818.706571,
  "rms_force": 306291.861749,
  "max_force": 306291.861749,
  "alpha_final": 0.000005,
  "dt_final": 0.100000,
  "converged": false,
  "classification": "timeout",
  "wall_time_ms": 2.582800,
  "timestamp": "2026-03-28T13:04:24",
  "xyz_file": "benchmark_v2\medium\structures\C6H10O_s440.xyz"
}
