{
  "formula": "C6H12O6",
  "seed": 42,
  "tier": "medium",
  "num_atoms": 24,
  "steps_taken": 1000,
  "max_steps": 1000,
  "energy_kcal_mol": 653624.349175,
  "energy_per_atom": 27234.347882,
  "rms_force": 614516.603494,
  "max_force": 614516.603494,
  "alpha_final": 0.000005,
  "dt_final": 0.100000,
  "converged": false,
  "classification": "timeout",
  "wall_time_ms": 3.186100,
  "timestamp": "2026-03-28T13:07:37",
  "xyz_file": "benchmark_v2\medium\structures\C6H12O6_s42.xyz"
}
