{
  "formula": "C6H12",
  "seed": 252,
  "tier": "medium",
  "num_atoms": 18,
  "steps_taken": 1000,
  "max_steps": 1000,
  "energy_kcal_mol": 464374.828128,
  "energy_per_atom": 25798.601563,
  "rms_force": 1153299.832017,
  "max_force": 1153299.832017,
  "alpha_final": 0.000005,
  "dt_final": 0.100000,
  "converged": false,
  "classification": "timeout",
  "wall_time_ms": 2.529300,
  "timestamp": "2026-03-28T13:04:33",
  "xyz_file": "benchmark_v2\medium\structures\C6H12_s252.xyz"
}
