{
  "formula": "C6H12O6",
  "seed": 434,
  "tier": "medium",
  "num_atoms": 24,
  "steps_taken": 1000,
  "max_steps": 1000,
  "energy_kcal_mol": 1020908.430705,
  "energy_per_atom": 42537.851279,
  "rms_force": 919099.752018,
  "max_force": 919099.752018,
  "alpha_final": 0.000005,
  "dt_final": 0.100000,
  "converged": false,
  "classification": "timeout",
  "wall_time_ms": 4.584500,
  "timestamp": "2026-03-28T13:05:49",
  "xyz_file": "benchmark_v2\medium\structures\C6H12O6_s434.xyz"
}
