{
  "formula": "C6H10O",
  "seed": 1008,
  "tier": "medium",
  "num_atoms": 17,
  "steps_taken": 1000,
  "max_steps": 1000,
  "energy_kcal_mol": 106703.411651,
  "energy_per_atom": 6276.671274,
  "rms_force": 106610.743517,
  "max_force": 106610.743517,
  "alpha_final": 0.000005,
  "dt_final": 0.100000,
  "converged": false,
  "classification": "timeout",
  "wall_time_ms": 2.717500,
  "timestamp": "2026-03-28T13:07:32",
  "xyz_file": "benchmark_v2\medium\structures\C6H10O_s1008.xyz"
}
