{
  "formula": "C6H10O",
  "seed": 1028,
  "tier": "medium",
  "num_atoms": 17,
  "steps_taken": 1000,
  "max_steps": 1000,
  "energy_kcal_mol": 179240.385730,
  "energy_per_atom": 10543.552102,
  "rms_force": 189132.807385,
  "max_force": 189132.807385,
  "alpha_final": 0.000005,
  "dt_final": 0.100000,
  "converged": false,
  "classification": "timeout",
  "wall_time_ms": 2.487500,
  "timestamp": "2026-03-28T13:07:32",
  "xyz_file": "benchmark_v2\medium\structures\C6H10O_s1028.xyz"
}
