{
  "formula": "C6H12O6",
  "seed": 462,
  "tier": "medium",
  "num_atoms": 24,
  "steps_taken": 1000,
  "max_steps": 1000,
  "energy_kcal_mol": 372080.149028,
  "energy_per_atom": 15503.339543,
  "rms_force": 208844.167352,
  "max_force": 208844.167352,
  "alpha_final": 0.000005,
  "dt_final": 0.100000,
  "converged": false,
  "classification": "timeout",
  "wall_time_ms": 3.944300,
  "timestamp": "2026-03-28T13:04:35",
  "xyz_file": "benchmark_v2\medium\structures\C6H12O6_s462.xyz"
}
