{
  "formula": "C6H12O6",
  "seed": 552,
  "tier": "medium",
  "num_atoms": 24,
  "steps_taken": 1000,
  "max_steps": 1000,
  "energy_kcal_mol": 553923.772633,
  "energy_per_atom": 23080.157193,
  "rms_force": 375882.434546,
  "max_force": 375882.434546,
  "alpha_final": 0.000005,
  "dt_final": 0.100000,
  "converged": false,
  "classification": "timeout",
  "wall_time_ms": 4.125700,
  "timestamp": "2026-03-28T13:06:40",
  "xyz_file": "benchmark_v2\medium\structures\C6H12O6_s552.xyz"
}
