{
  "formula": "C6H12O6",
  "seed": 224,
  "tier": "medium",
  "num_atoms": 24,
  "steps_taken": 1000,
  "max_steps": 1000,
  "energy_kcal_mol": 473435.814155,
  "energy_per_atom": 19726.492256,
  "rms_force": 397203.212747,
  "max_force": 397203.212747,
  "alpha_final": 0.000005,
  "dt_final": 0.100000,
  "converged": false,
  "classification": "timeout",
  "wall_time_ms": 3.732500,
  "timestamp": "2026-03-28T13:06:37",
  "xyz_file": "benchmark_v2\medium\structures\C6H12O6_s224.xyz"
}
