{
  "formula": "C6H12O6",
  "seed": 608,
  "tier": "medium",
  "num_atoms": 24,
  "steps_taken": 1000,
  "max_steps": 1000,
  "energy_kcal_mol": 595519.251694,
  "energy_per_atom": 24813.302154,
  "rms_force": 442528.057420,
  "max_force": 442528.057420,
  "alpha_final": 0.000005,
  "dt_final": 0.100000,
  "converged": false,
  "classification": "timeout",
  "wall_time_ms": 4.219000,
  "timestamp": "2026-03-28T13:03:34",
  "xyz_file": "benchmark_v2\medium\structures\C6H12O6_s608.xyz"
}
