{
  "formula": "C6H12",
  "seed": 454,
  "tier": "medium",
  "num_atoms": 18,
  "steps_taken": 1000,
  "max_steps": 1000,
  "energy_kcal_mol": 155541.623938,
  "energy_per_atom": 8641.201330,
  "rms_force": 173635.499469,
  "max_force": 173635.499469,
  "alpha_final": 0.000005,
  "dt_final": 0.100000,
  "converged": false,
  "classification": "timeout",
  "wall_time_ms": 2.492000,
  "timestamp": "2026-03-28T13:06:16",
  "xyz_file": "benchmark_v2\medium\structures\C6H12_s454.xyz"
}
