{
  "formula": "C6H12O6",
  "seed": 216,
  "tier": "medium",
  "num_atoms": 24,
  "steps_taken": 1000,
  "max_steps": 1000,
  "energy_kcal_mol": 1788439.894701,
  "energy_per_atom": 74518.328946,
  "rms_force": 2516226.266291,
  "max_force": 2516226.266291,
  "alpha_final": 0.000005,
  "dt_final": 0.100000,
  "converged": false,
  "classification": "timeout",
  "wall_time_ms": 3.783700,
  "timestamp": "2026-03-28T13:06:30",
  "xyz_file": "benchmark_v2\medium\structures\C6H12O6_s216.xyz"
}
