{
  "formula": "C6H10O",
  "seed": 196,
  "tier": "medium",
  "num_atoms": 17,
  "steps_taken": 1000,
  "max_steps": 1000,
  "energy_kcal_mol": 381202.906090,
  "energy_per_atom": 22423.700358,
  "rms_force": 597671.270824,
  "max_force": 597671.270824,
  "alpha_final": 0.000005,
  "dt_final": 0.100000,
  "converged": false,
  "classification": "timeout",
  "wall_time_ms": 3.305000,
  "timestamp": "2026-03-28T13:05:41",
  "xyz_file": "benchmark_v2\medium\structures\C6H10O_s196.xyz"
}
