{
  "formula": "C6H12O6",
  "seed": 454,
  "tier": "medium",
  "num_atoms": 24,
  "steps_taken": 1000,
  "max_steps": 1000,
  "energy_kcal_mol": 924371.941432,
  "energy_per_atom": 38515.497560,
  "rms_force": 786027.254214,
  "max_force": 786027.254214,
  "alpha_final": 0.000005,
  "dt_final": 0.100000,
  "converged": false,
  "classification": "timeout",
  "wall_time_ms": 4.370000,
  "timestamp": "2026-03-28T13:05:49",
  "xyz_file": "benchmark_v2\medium\structures\C6H12O6_s454.xyz"
}
