{
  "formula": "C6H12O6",
  "seed": 482,
  "tier": "medium",
  "num_atoms": 24,
  "steps_taken": 1000,
  "max_steps": 1000,
  "energy_kcal_mol": 387265.790837,
  "energy_per_atom": 16136.074618,
  "rms_force": 273784.954307,
  "max_force": 273784.954307,
  "alpha_final": 0.000005,
  "dt_final": 0.100000,
  "converged": false,
  "classification": "timeout",
  "wall_time_ms": 4.271200,
  "timestamp": "2026-03-28T13:04:35",
  "xyz_file": "benchmark_v2\medium\structures\C6H12O6_s482.xyz"
}
