{
  "formula": "C6H12O6",
  "seed": 588,
  "tier": "medium",
  "num_atoms": 24,
  "steps_taken": 1000,
  "max_steps": 1000,
  "energy_kcal_mol": 2436010.573396,
  "energy_per_atom": 101500.440558,
  "rms_force": 2769366.290513,
  "max_force": 2769366.290513,
  "alpha_final": 0.000005,
  "dt_final": 0.100000,
  "converged": false,
  "classification": "timeout",
  "wall_time_ms": 3.845600,
  "timestamp": "2026-03-28T13:03:34",
  "xyz_file": "benchmark_v2\medium\structures\C6H12O6_s588.xyz"
}
