{
  "formula": "C6H12",
  "seed": 434,
  "tier": "medium",
  "num_atoms": 18,
  "steps_taken": 1000,
  "max_steps": 1000,
  "energy_kcal_mol": 257659.879767,
  "energy_per_atom": 14314.437765,
  "rms_force": 326584.291091,
  "max_force": 326584.291091,
  "alpha_final": 0.000005,
  "dt_final": 0.100000,
  "converged": false,
  "classification": "timeout",
  "wall_time_ms": 2.549300,
  "timestamp": "2026-03-28T13:06:16",
  "xyz_file": "benchmark_v2\medium\structures\C6H12_s434.xyz"
}
