{
  "formula": "C6H12O6",
  "seed": 230,
  "tier": "medium",
  "num_atoms": 24,
  "steps_taken": 1000,
  "max_steps": 1000,
  "energy_kcal_mol": 481116.781046,
  "energy_per_atom": 20046.532544,
  "rms_force": 376064.492159,
  "max_force": 376064.492159,
  "alpha_final": 0.000005,
  "dt_final": 0.100000,
  "converged": false,
  "classification": "timeout",
  "wall_time_ms": 3.524900,
  "timestamp": "2026-03-28T13:04:19",
  "xyz_file": "benchmark_v2\medium\structures\C6H12O6_s230.xyz"
}
