{
  "formula": "C6H12O6",
  "seed": 742,
  "tier": "medium",
  "num_atoms": 24,
  "steps_taken": 1000,
  "max_steps": 1000,
  "energy_kcal_mol": 1049391.907530,
  "energy_per_atom": 43724.662814,
  "rms_force": 1379536.340118,
  "max_force": 1379536.340118,
  "alpha_final": 0.000005,
  "dt_final": 0.100000,
  "converged": false,
  "classification": "timeout",
  "wall_time_ms": 4.060900,
  "timestamp": "2026-03-28T13:04:24",
  "xyz_file": "benchmark_v2\medium\structures\C6H12O6_s742.xyz"
}
