{
  "formula": "C6H10O",
  "seed": 888,
  "tier": "medium",
  "num_atoms": 17,
  "steps_taken": 1000,
  "max_steps": 1000,
  "energy_kcal_mol": 303055.249917,
  "energy_per_atom": 17826.779407,
  "rms_force": 516853.503760,
  "max_force": 516853.503760,
  "alpha_final": 0.000005,
  "dt_final": 0.100000,
  "converged": false,
  "classification": "timeout",
  "wall_time_ms": 2.535000,
  "timestamp": "2026-03-28T13:05:33",
  "xyz_file": "benchmark_v2\medium\structures\C6H10O_s888.xyz"
}
