{
  "formula": "C6H12O6",
  "seed": 560,
  "tier": "medium",
  "num_atoms": 24,
  "steps_taken": 1000,
  "max_steps": 1000,
  "energy_kcal_mol": 1190074.769516,
  "energy_per_atom": 49586.448730,
  "rms_force": 1349622.269709,
  "max_force": 1349622.269709,
  "alpha_final": 0.000005,
  "dt_final": 0.100000,
  "converged": false,
  "classification": "timeout",
  "wall_time_ms": 4.120300,
  "timestamp": "2026-03-28T13:05:10",
  "xyz_file": "benchmark_v2\medium\structures\C6H12O6_s560.xyz"
}
