{
  "formula": "C6H10O",
  "seed": 216,
  "tier": "medium",
  "num_atoms": 17,
  "steps_taken": 1000,
  "max_steps": 1000,
  "energy_kcal_mol": 565129.405407,
  "energy_per_atom": 33242.906200,
  "rms_force": 1055414.407371,
  "max_force": 1055414.407371,
  "alpha_final": 0.000005,
  "dt_final": 0.100000,
  "converged": false,
  "classification": "timeout",
  "wall_time_ms": 2.632200,
  "timestamp": "2026-03-28T13:05:41",
  "xyz_file": "benchmark_v2\medium\structures\C6H10O_s216.xyz"
}
