{
  "formula": "C6H10O",
  "seed": 868,
  "tier": "medium",
  "num_atoms": 17,
  "steps_taken": 1000,
  "max_steps": 1000,
  "energy_kcal_mol": 199661.233631,
  "energy_per_atom": 11744.778449,
  "rms_force": 283432.649577,
  "max_force": 283432.649577,
  "alpha_final": 0.000005,
  "dt_final": 0.100000,
  "converged": false,
  "classification": "timeout",
  "wall_time_ms": 2.464300,
  "timestamp": "2026-03-28T13:05:33",
  "xyz_file": "benchmark_v2\medium\structures\C6H10O_s868.xyz"
}
