{
  "formula": "C6H12",
  "seed": 272,
  "tier": "medium",
  "num_atoms": 18,
  "steps_taken": 1000,
  "max_steps": 1000,
  "energy_kcal_mol": 461641.454120,
  "energy_per_atom": 25646.747451,
  "rms_force": 648734.454279,
  "max_force": 648734.454279,
  "alpha_final": 0.000005,
  "dt_final": 0.100000,
  "converged": false,
  "classification": "timeout",
  "wall_time_ms": 2.646800,
  "timestamp": "2026-03-28T13:04:33",
  "xyz_file": "benchmark_v2\medium\structures\C6H12_s272.xyz"
}
