{
  "formula": "C6H12",
  "seed": 728,
  "tier": "medium",
  "num_atoms": 18,
  "steps_taken": 1000,
  "max_steps": 1000,
  "energy_kcal_mol": 105735.561939,
  "energy_per_atom": 5874.197885,
  "rms_force": 105926.508023,
  "max_force": 105926.508023,
  "alpha_final": 0.000005,
  "dt_final": 0.100000,
  "converged": false,
  "classification": "timeout",
  "wall_time_ms": 2.750600,
  "timestamp": "2026-03-28T13:06:40",
  "xyz_file": "benchmark_v2\medium\structures\C6H12_s728.xyz"
}
