{
  "formula": "C6H12O6",
  "seed": 62,
  "tier": "medium",
  "num_atoms": 24,
  "steps_taken": 1000,
  "max_steps": 1000,
  "energy_kcal_mol": 328000.631346,
  "energy_per_atom": 13666.692973,
  "rms_force": 204822.226694,
  "max_force": 204822.226694,
  "alpha_final": 0.000005,
  "dt_final": 0.100000,
  "converged": false,
  "classification": "timeout",
  "wall_time_ms": 3.473300,
  "timestamp": "2026-03-28T13:07:37",
  "xyz_file": "benchmark_v2\medium\structures\C6H12O6_s62.xyz"
}
