{
  "formula": "C6H10O",
  "seed": 1154,
  "tier": "medium",
  "num_atoms": 17,
  "steps_taken": 1000,
  "max_steps": 1000,
  "energy_kcal_mol": 105906.833343,
  "energy_per_atom": 6229.813726,
  "rms_force": 119450.615623,
  "max_force": 119450.615623,
  "alpha_final": 0.000005,
  "dt_final": 0.100000,
  "converged": false,
  "classification": "timeout",
  "wall_time_ms": 2.223700,
  "timestamp": "2026-03-28T13:06:40",
  "xyz_file": "benchmark_v2\medium\structures\C6H10O_s1154.xyz"
}
