{
  "formula": "C6H12O6",
  "seed": 580,
  "tier": "medium",
  "num_atoms": 24,
  "steps_taken": 1000,
  "max_steps": 1000,
  "energy_kcal_mol": 555761.859050,
  "energy_per_atom": 23156.744127,
  "rms_force": 423305.331769,
  "max_force": 423305.331769,
  "alpha_final": 0.000005,
  "dt_final": 0.100000,
  "converged": false,
  "classification": "timeout",
  "wall_time_ms": 3.956700,
  "timestamp": "2026-03-28T13:05:10",
  "xyz_file": "benchmark_v2\medium\structures\C6H12O6_s580.xyz"
}
