{
  "formula": "C6H12O6",
  "seed": 210,
  "tier": "medium",
  "num_atoms": 24,
  "steps_taken": 1000,
  "max_steps": 1000,
  "energy_kcal_mol": 450582.637151,
  "energy_per_atom": 18774.276548,
  "rms_force": 383360.639447,
  "max_force": 383360.639447,
  "alpha_final": 0.000005,
  "dt_final": 0.100000,
  "converged": false,
  "classification": "timeout",
  "wall_time_ms": 3.955200,
  "timestamp": "2026-03-28T13:04:19",
  "xyz_file": "benchmark_v2\medium\structures\C6H12O6_s210.xyz"
}
