{
  "formula": "C6H12O6",
  "seed": 532,
  "tier": "medium",
  "num_atoms": 24,
  "steps_taken": 1000,
  "max_steps": 1000,
  "energy_kcal_mol": 354449.956167,
  "energy_per_atom": 14768.748174,
  "rms_force": 219696.553623,
  "max_force": 219696.553623,
  "alpha_final": 0.000005,
  "dt_final": 0.100000,
  "converged": false,
  "classification": "timeout",
  "wall_time_ms": 4.108900,
  "timestamp": "2026-03-28T13:06:40",
  "xyz_file": "benchmark_v2\medium\structures\C6H12O6_s532.xyz"
}
