{
  "formula": "C6H5CH3",
  "seed": 1084,
  "tier": "medium",
  "num_atoms": 15,
  "steps_taken": 1000,
  "max_steps": 1000,
  "energy_kcal_mol": 201008.378570,
  "energy_per_atom": 13400.558571,
  "rms_force": 253545.347022,
  "max_force": 253545.347022,
  "alpha_final": 0.000005,
  "dt_final": 0.100000,
  "converged": false,
  "classification": "timeout",
  "wall_time_ms": 2.348700,
  "timestamp": "2026-03-28T13:06:40",
  "xyz_file": "benchmark_v2\medium\structures\C6H5CH3_s1084.xyz"
}
