{
  "formula": "C8H18",
  "seed": 490,
  "tier": "medium",
  "num_atoms": 26,
  "steps_taken": 1000,
  "max_steps": 1000,
  "energy_kcal_mol": 1506056.205684,
  "energy_per_atom": 57925.238680,
  "rms_force": 1643822.010779,
  "max_force": 1643822.010779,
  "alpha_final": 0.000005,
  "dt_final": 0.100000,
  "converged": false,
  "classification": "timeout",
  "wall_time_ms": 5.319500,
  "timestamp": "2026-03-28T13:05:36",
  "xyz_file": "benchmark_v2\medium\structures\C8H18_s490.xyz"
}
