{
  "formula": "C8H18",
  "seed": 462,
  "tier": "medium",
  "num_atoms": 26,
  "steps_taken": 1000,
  "max_steps": 1000,
  "energy_kcal_mol": 1269075.440084,
  "energy_per_atom": 48810.593849,
  "rms_force": 1384303.689261,
  "max_force": 1384303.689261,
  "alpha_final": 0.000005,
  "dt_final": 0.100000,
  "converged": false,
  "classification": "timeout",
  "wall_time_ms": 4.636200,
  "timestamp": "2026-03-28T13:06:30",
  "xyz_file": "benchmark_v2\medium\structures\C8H18_s462.xyz"
}
