{
  "formula": "C8H18",
  "seed": 510,
  "tier": "medium",
  "num_atoms": 26,
  "steps_taken": 1000,
  "max_steps": 1000,
  "energy_kcal_mol": 1269038.752357,
  "energy_per_atom": 48809.182783,
  "rms_force": 927178.813310,
  "max_force": 927178.813310,
  "alpha_final": 0.000005,
  "dt_final": 0.100000,
  "converged": false,
  "classification": "timeout",
  "wall_time_ms": 4.743700,
  "timestamp": "2026-03-28T13:05:36",
  "xyz_file": "benchmark_v2\medium\structures\C8H18_s510.xyz"
}
