{
  "formula": "C8H18",
  "seed": 664,
  "tier": "medium",
  "num_atoms": 26,
  "steps_taken": 1000,
  "max_steps": 1000,
  "energy_kcal_mol": 1283184.588668,
  "energy_per_atom": 49353.253410,
  "rms_force": 1127878.554416,
  "max_force": 1127878.554416,
  "alpha_final": 0.000005,
  "dt_final": 0.100000,
  "converged": false,
  "classification": "timeout",
  "wall_time_ms": 4.787100,
  "timestamp": "2026-03-28T13:07:32",
  "xyz_file": "benchmark_v2\medium\structures\C8H18_s664.xyz"
}
