{
  "formula": "C8H18",
  "seed": 126,
  "tier": "medium",
  "num_atoms": 26,
  "steps_taken": 1000,
  "max_steps": 1000,
  "energy_kcal_mol": 3116619.402593,
  "energy_per_atom": 119869.977023,
  "rms_force": 5117022.242464,
  "max_force": 5117022.242464,
  "alpha_final": 0.000005,
  "dt_final": 0.100000,
  "converged": false,
  "classification": "timeout",
  "wall_time_ms": 4.290200,
  "timestamp": "2026-03-28T13:04:19",
  "xyz_file": "benchmark_v2\medium\structures\C8H18_s126.xyz"
}
