{
  "formula": "C8H18",
  "seed": 482,
  "tier": "medium",
  "num_atoms": 26,
  "steps_taken": 1000,
  "max_steps": 1000,
  "energy_kcal_mol": 836270.571664,
  "energy_per_atom": 32164.252756,
  "rms_force": 641343.294803,
  "max_force": 641343.294803,
  "alpha_final": 0.000005,
  "dt_final": 0.100000,
  "converged": false,
  "classification": "timeout",
  "wall_time_ms": 4.545100,
  "timestamp": "2026-03-28T13:06:30",
  "xyz_file": "benchmark_v2\medium\structures\C8H18_s482.xyz"
}
