{
  "formula": "C8H18",
  "seed": 146,
  "tier": "medium",
  "num_atoms": 26,
  "steps_taken": 1000,
  "max_steps": 1000,
  "energy_kcal_mol": 773080.328713,
  "energy_per_atom": 29733.858797,
  "rms_force": 542881.986555,
  "max_force": 542881.986555,
  "alpha_final": 0.000005,
  "dt_final": 0.100000,
  "converged": false,
  "classification": "timeout",
  "wall_time_ms": 4.016600,
  "timestamp": "2026-03-28T13:04:19",
  "xyz_file": "benchmark_v2\medium\structures\C8H18_s146.xyz"
}
