{
  "formula": "C8H18",
  "seed": 356,
  "tier": "medium",
  "num_atoms": 26,
  "steps_taken": 1000,
  "max_steps": 1000,
  "energy_kcal_mol": 702633.918141,
  "energy_per_atom": 27024.381467,
  "rms_force": 567996.789816,
  "max_force": 567996.789816,
  "alpha_final": 0.000005,
  "dt_final": 0.100000,
  "converged": false,
  "classification": "timeout",
  "wall_time_ms": 4.510000,
  "timestamp": "2026-03-28T13:03:39",
  "xyz_file": "benchmark_v2\medium\structures\C8H18_s356.xyz"
}
