{
  "formula": "C8H18",
  "seed": 118,
  "tier": "medium",
  "num_atoms": 26,
  "steps_taken": 1000,
  "max_steps": 1000,
  "energy_kcal_mol": 1039160.010603,
  "energy_per_atom": 39967.692716,
  "rms_force": 1208052.351234,
  "max_force": 1208052.351234,
  "alpha_final": 0.000005,
  "dt_final": 0.100000,
  "converged": false,
  "classification": "timeout",
  "wall_time_ms": 4.327000,
  "timestamp": "2026-03-28T13:06:20",
  "xyz_file": "benchmark_v2\medium\structures\C8H18_s118.xyz"
}
