{
  "formula": "C8H18",
  "seed": 336,
  "tier": "medium",
  "num_atoms": 26,
  "steps_taken": 1000,
  "max_steps": 1000,
  "energy_kcal_mol": 883934.848027,
  "energy_per_atom": 33997.494155,
  "rms_force": 745564.046963,
  "max_force": 745564.046963,
  "alpha_final": 0.000005,
  "dt_final": 0.100000,
  "converged": false,
  "classification": "timeout",
  "wall_time_ms": 4.945000,
  "timestamp": "2026-03-28T13:03:39",
  "xyz_file": "benchmark_v2\medium\structures\C8H18_s336.xyz"
}
