{
  "formula": "CH3CH2COCH3",
  "seed": 168,
  "tier": "medium",
  "num_atoms": 13,
  "steps_taken": 1000,
  "max_steps": 1000,
  "energy_kcal_mol": 1749315.229960,
  "energy_per_atom": 134562.709997,
  "rms_force": 8956604.726716,
  "max_force": 8956604.726716,
  "alpha_final": 0.000005,
  "dt_final": 0.100000,
  "converged": false,
  "classification": "timeout",
  "wall_time_ms": 1.566000,
  "timestamp": "2026-03-28T13:06:28",
  "xyz_file": "benchmark_v2\medium\structures\CH3CH2COCH3_s168.xyz"
}
