{
  "formula": "CH3CH2COCH3",
  "seed": 580,
  "tier": "medium",
  "num_atoms": 13,
  "steps_taken": 1000,
  "max_steps": 1000,
  "energy_kcal_mol": 1548986.354218,
  "energy_per_atom": 119152.796478,
  "rms_force": 7846933.753740,
  "max_force": 7846933.753740,
  "alpha_final": 0.000005,
  "dt_final": 0.100000,
  "converged": false,
  "classification": "timeout",
  "wall_time_ms": 1.482700,
  "timestamp": "2026-03-28T13:06:40",
  "xyz_file": "benchmark_v2\medium\structures\CH3CH2COCH3_s580.xyz"
}
