{
  "formula": "CH3CH2COCH3",
  "seed": 882,
  "tier": "medium",
  "num_atoms": 13,
  "steps_taken": 1000,
  "max_steps": 1000,
  "energy_kcal_mol": 2512263.365021,
  "energy_per_atom": 193251.028079,
  "rms_force": 13257033.419802,
  "max_force": 13257033.419802,
  "alpha_final": 0.000005,
  "dt_final": 0.100000,
  "converged": false,
  "classification": "timeout",
  "wall_time_ms": 1.369300,
  "timestamp": "2026-03-28T13:03:42",
  "xyz_file": "benchmark_v2\medium\structures\CH3CH2COCH3_s882.xyz"
}
