{
  "formula": "P4O10",
  "seed": 196,
  "tier": "medium",
  "num_atoms": 14,
  "steps_taken": 1000,
  "max_steps": 1000,
  "energy_kcal_mol": 408317.694111,
  "energy_per_atom": 29165.549579,
  "rms_force": 768117.680761,
  "max_force": 768117.680761,
  "alpha_final": 0.000005,
  "dt_final": 0.100000,
  "converged": false,
  "classification": "timeout",
  "wall_time_ms": 1.647700,
  "timestamp": "2026-03-28T13:03:34",
  "xyz_file": "benchmark_v2\medium\structures\P4O10_s196.xyz"
}
