{
  "formula": "P4O10",
  "seed": 1120,
  "tier": "medium",
  "num_atoms": 14,
  "steps_taken": 1000,
  "max_steps": 1000,
  "energy_kcal_mol": 279038.257476,
  "energy_per_atom": 19931.304105,
  "rms_force": 287128.213663,
  "max_force": 287128.213663,
  "alpha_final": 0.000005,
  "dt_final": 0.100000,
  "converged": false,
  "classification": "timeout",
  "wall_time_ms": 2.153400,
  "timestamp": "2026-03-28T13:07:32",
  "xyz_file": "benchmark_v2\medium\structures\P4O10_s1120.xyz"
}
