{
  "formula": "P4O10",
  "seed": 504,
  "tier": "medium",
  "num_atoms": 14,
  "steps_taken": 1000,
  "max_steps": 1000,
  "energy_kcal_mol": 159521.575332,
  "energy_per_atom": 11394.398238,
  "rms_force": 191847.310303,
  "max_force": 191847.310303,
  "alpha_final": 0.000005,
  "dt_final": 0.100000,
  "converged": false,
  "classification": "timeout",
  "wall_time_ms": 1.652000,
  "timestamp": "2026-03-28T13:03:42",
  "xyz_file": "benchmark_v2\medium\structures\P4O10_s504.xyz"
}
