{
  "formula": "P4O10",
  "seed": 524,
  "tier": "medium",
  "num_atoms": 14,
  "steps_taken": 1000,
  "max_steps": 1000,
  "energy_kcal_mol": 304709.259375,
  "energy_per_atom": 21764.947098,
  "rms_force": 452182.020381,
  "max_force": 452182.020381,
  "alpha_final": 0.000005,
  "dt_final": 0.100000,
  "converged": false,
  "classification": "timeout",
  "wall_time_ms": 2.003200,
  "timestamp": "2026-03-28T13:03:42",
  "xyz_file": "benchmark_v2\medium\structures\P4O10_s524.xyz"
}
