{
  "formula": "P4O10",
  "seed": 692,
  "tier": "medium",
  "num_atoms": 14,
  "steps_taken": 1000,
  "max_steps": 1000,
  "energy_kcal_mol": 500134.795228,
  "energy_per_atom": 35723.913945,
  "rms_force": 770323.884832,
  "max_force": 770323.884832,
  "alpha_final": 0.000005,
  "dt_final": 0.100000,
  "converged": false,
  "classification": "timeout",
  "wall_time_ms": 1.728500,
  "timestamp": "2026-03-28T13:05:49",
  "xyz_file": "benchmark_v2\medium\structures\P4O10_s692.xyz"
}
