{
  "formula": "P4O10",
  "seed": 378,
  "tier": "medium",
  "num_atoms": 14,
  "steps_taken": 1000,
  "max_steps": 1000,
  "energy_kcal_mol": 380794.470161,
  "energy_per_atom": 27199.605012,
  "rms_force": 556290.070175,
  "max_force": 556290.070175,
  "alpha_final": 0.000005,
  "dt_final": 0.100000,
  "converged": false,
  "classification": "timeout",
  "wall_time_ms": 1.800500,
  "timestamp": "2026-03-28T13:07:24",
  "xyz_file": "benchmark_v2\medium\structures\P4O10_s378.xyz"
}
