{
  "formula": "P4O10",
  "seed": 132,
  "tier": "medium",
  "num_atoms": 14,
  "steps_taken": 1000,
  "max_steps": 1000,
  "energy_kcal_mol": 223713.273271,
  "energy_per_atom": 15979.519519,
  "rms_force": 247340.390368,
  "max_force": 247340.390368,
  "alpha_final": 0.000005,
  "dt_final": 0.100000,
  "converged": false,
  "classification": "timeout",
  "wall_time_ms": 1.722100,
  "timestamp": "2026-03-28T13:04:24",
  "xyz_file": "benchmark_v2\medium\structures\P4O10_s132.xyz"
}
