{
  "formula": "P4O10",
  "seed": 672,
  "tier": "medium",
  "num_atoms": 14,
  "steps_taken": 1000,
  "max_steps": 1000,
  "energy_kcal_mol": 181437.292799,
  "energy_per_atom": 12959.806628,
  "rms_force": 242475.543139,
  "max_force": 242475.543139,
  "alpha_final": 0.000005,
  "dt_final": 0.100000,
  "converged": false,
  "classification": "timeout",
  "wall_time_ms": 2.134600,
  "timestamp": "2026-03-28T13:05:49",
  "xyz_file": "benchmark_v2\medium\structures\P4O10_s672.xyz"
}
