{
  "formula": "P4O10",
  "seed": 398,
  "tier": "medium",
  "num_atoms": 14,
  "steps_taken": 1000,
  "max_steps": 1000,
  "energy_kcal_mol": 301709.057024,
  "energy_per_atom": 21550.646930,
  "rms_force": 426346.737347,
  "max_force": 426346.737347,
  "alpha_final": 0.000005,
  "dt_final": 0.100000,
  "converged": false,
  "classification": "timeout",
  "wall_time_ms": 1.748300,
  "timestamp": "2026-03-28T13:07:24",
  "xyz_file": "benchmark_v2\medium\structures\P4O10_s398.xyz"
}
