{
  "formula": "P4O10",
  "seed": 426,
  "tier": "medium",
  "num_atoms": 14,
  "steps_taken": 1000,
  "max_steps": 1000,
  "energy_kcal_mol": 203479.840206,
  "energy_per_atom": 14534.274300,
  "rms_force": 239547.940847,
  "max_force": 239547.940847,
  "alpha_final": 0.000005,
  "dt_final": 0.100000,
  "converged": false,
  "classification": "timeout",
  "wall_time_ms": 1.682500,
  "timestamp": "2026-03-28T13:05:10",
  "xyz_file": "benchmark_v2\medium\structures\P4O10_s426.xyz"
}
