{
  "formula": "P4O10",
  "seed": 1176,
  "tier": "medium",
  "num_atoms": 14,
  "steps_taken": 1000,
  "max_steps": 1000,
  "energy_kcal_mol": 115826.007225,
  "energy_per_atom": 8273.286230,
  "rms_force": 124090.731743,
  "max_force": 124090.731743,
  "alpha_final": 0.000005,
  "dt_final": 0.100000,
  "converged": false,
  "classification": "timeout",
  "wall_time_ms": 1.675900,
  "timestamp": "2026-03-28T13:04:36",
  "xyz_file": "benchmark_v2\medium\structures\P4O10_s1176.xyz"
}
