{
  "formula": "P4O10",
  "seed": 112,
  "tier": "medium",
  "num_atoms": 14,
  "steps_taken": 1000,
  "max_steps": 1000,
  "energy_kcal_mol": 167784.007654,
  "energy_per_atom": 11984.571975,
  "rms_force": 240374.203289,
  "max_force": 240374.203289,
  "alpha_final": 0.000005,
  "dt_final": 0.100000,
  "converged": false,
  "classification": "timeout",
  "wall_time_ms": 1.665200,
  "timestamp": "2026-03-28T13:04:24",
  "xyz_file": "benchmark_v2\medium\structures\P4O10_s112.xyz"
}
