{
  "formula": "P4O10",
  "seed": 406,
  "tier": "medium",
  "num_atoms": 14,
  "steps_taken": 1000,
  "max_steps": 1000,
  "energy_kcal_mol": 132728.474963,
  "energy_per_atom": 9480.605355,
  "rms_force": 165621.138048,
  "max_force": 165621.138048,
  "alpha_final": 0.000005,
  "dt_final": 0.100000,
  "converged": false,
  "classification": "timeout",
  "wall_time_ms": 1.895900,
  "timestamp": "2026-03-28T13:05:10",
  "xyz_file": "benchmark_v2\medium\structures\P4O10_s406.xyz"
}
